"function_name","source_title","source_url","applies_to_raw","source_capture_utc","evidence_type","probe_status","note"
"ADDRESS","ADDRESS function - Microsoft Support","https://support.microsoft.com/en-us/office/address-function-d0c26c0d-3991-446b-8de4-ab46431d4f89","Excel 2016","2026-02-28T22:19:32Z","source_only","pending","Applies-to extracted by ECS-EB-037 crawler."
"ADDRESS","ADDRESS function - Microsoft Support","https://support.microsoft.com/en-us/office/address-function-d0c26c0d-3991-446b-8de4-ab46431d4f89","Excel 2019","2026-02-28T22:19:32Z","source_only","pending","Applies-to extracted by ECS-EB-037 crawler."
"ADDRESS","ADDRESS function - Microsoft Support","https://support.microsoft.com/en-us/office/address-function-d0c26c0d-3991-446b-8de4-ab46431d4f89","Excel 2021","2026-02-28T22:19:32Z","source_only","pending","Applies-to extracted by ECS-EB-037 crawler."
"ADDRESS","ADDRESS function - Microsoft Support","https://support.microsoft.com/en-us/office/address-function-d0c26c0d-3991-446b-8de4-ab46431d4f89","Excel 2021 for Mac","2026-02-28T22:19:32Z","source_only","pending","Applies-to extracted by ECS-EB-037 crawler."
"ADDRESS","ADDRESS function - Microsoft Support","https://support.microsoft.com/en-us/office/address-function-d0c26c0d-3991-446b-8de4-ab46431d4f89","Excel 2024","2026-02-28T22:19:32Z","source_only","pending","Applies-to extracted by ECS-EB-037 crawler."
"ADDRESS","ADDRESS function - Microsoft Support","https://support.microsoft.com/en-us/office/address-function-d0c26c0d-3991-446b-8de4-ab46431d4f89","Excel 2024 for Mac","2026-02-28T22:19:32Z","source_only","pending","Applies-to extracted by ECS-EB-037 crawler."
"ADDRESS","ADDRESS function - Microsoft Support","https://support.microsoft.com/en-us/office/address-function-d0c26c0d-3991-446b-8de4-ab46431d4f89","Excel for Microsoft 365","2026-02-28T22:19:32Z","source_only","pending","Applies-to extracted by ECS-EB-037 crawler."
"ADDRESS","ADDRESS function - Microsoft Support","https://support.microsoft.com/en-us/office/address-function-d0c26c0d-3991-446b-8de4-ab46431d4f89","Excel for Microsoft 365 for Mac","2026-02-28T22:19:32Z","source_only","pending","Applies-to extracted by ECS-EB-037 crawler."
"ADDRESS","ADDRESS function - Microsoft Support","https://support.microsoft.com/en-us/office/address-function-d0c26c0d-3991-446b-8de4-ab46431d4f89","Excel for the web","2026-02-28T22:19:32Z","source_only","pending","Applies-to extracted by ECS-EB-037 crawler."
"ADDRESS","ADDRESS function - Microsoft Support","https://support.microsoft.com/en-us/office/address-function-d0c26c0d-3991-446b-8de4-ab46431d4f89","Microsoft Office","2026-02-28T22:19:32Z","source_only","pending","Applies-to extracted by ECS-EB-037 crawler."
"ADDRESS","ADDRESS function - Microsoft Support","https://support.microsoft.com/en-us/office/address-function-d0c26c0d-3991-446b-8de4-ab46431d4f89","Microsoft365.com","2026-02-28T22:19:32Z","source_only","pending","Applies-to extracted by ECS-EB-037 crawler."
"AREAS","AREAS function - Microsoft Support","https://support.microsoft.com/en-us/office/areas-function-8392ba32-7a41-43b3-96b0-3695d2ec6152","Excel 2016","2026-02-28T22:19:32Z","source_only","pending","Applies-to extracted by ECS-EB-037 crawler."
"AREAS","AREAS function - Microsoft Support","https://support.microsoft.com/en-us/office/areas-function-8392ba32-7a41-43b3-96b0-3695d2ec6152","Excel 2019","2026-02-28T22:19:32Z","source_only","pending","Applies-to extracted by ECS-EB-037 crawler."
"AREAS","AREAS function - Microsoft Support","https://support.microsoft.com/en-us/office/areas-function-8392ba32-7a41-43b3-96b0-3695d2ec6152","Excel 2021","2026-02-28T22:19:32Z","source_only","pending","Applies-to extracted by ECS-EB-037 crawler."
"AREAS","AREAS function - Microsoft Support","https://support.microsoft.com/en-us/office/areas-function-8392ba32-7a41-43b3-96b0-3695d2ec6152","Excel 2021 for Mac","2026-02-28T22:19:32Z","source_only","pending","Applies-to extracted by ECS-EB-037 crawler."
"AREAS","AREAS function - Microsoft Support","https://support.microsoft.com/en-us/office/areas-function-8392ba32-7a41-43b3-96b0-3695d2ec6152","Excel 2024","2026-02-28T22:19:32Z","source_only","pending","Applies-to extracted by ECS-EB-037 crawler."
"AREAS","AREAS function - Microsoft Support","https://support.microsoft.com/en-us/office/areas-function-8392ba32-7a41-43b3-96b0-3695d2ec6152","Excel 2024 for Mac","2026-02-28T22:19:32Z","source_only","pending","Applies-to extracted by ECS-EB-037 crawler."
"AREAS","AREAS function - Microsoft Support","https://support.microsoft.com/en-us/office/areas-function-8392ba32-7a41-43b3-96b0-3695d2ec6152","Excel for Microsoft 365","2026-02-28T22:19:32Z","source_only","pending","Applies-to extracted by ECS-EB-037 crawler."
"AREAS","AREAS function - Microsoft Support","https://support.microsoft.com/en-us/office/areas-function-8392ba32-7a41-43b3-96b0-3695d2ec6152","Excel for Microsoft 365 for Mac","2026-02-28T22:19:32Z","source_only","pending","Applies-to extracted by ECS-EB-037 crawler."
"AREAS","AREAS function - Microsoft Support","https://support.microsoft.com/en-us/office/areas-function-8392ba32-7a41-43b3-96b0-3695d2ec6152","Excel for the web","2026-02-28T22:19:32Z","source_only","pending","Applies-to extracted by ECS-EB-037 crawler."
"AREAS","AREAS function - Microsoft Support","https://support.microsoft.com/en-us/office/areas-function-8392ba32-7a41-43b3-96b0-3695d2ec6152","Microsoft Office","2026-02-28T22:19:32Z","source_only","pending","Applies-to extracted by ECS-EB-037 crawler."
"AREAS","AREAS function - Microsoft Support","https://support.microsoft.com/en-us/office/areas-function-8392ba32-7a41-43b3-96b0-3695d2ec6152","Microsoft365.com","2026-02-28T22:19:32Z","source_only","pending","Applies-to extracted by ECS-EB-037 crawler."
"BYCOL","BYCOL function - Microsoft Support","https://support.microsoft.com/en-us/office/bycol-function-58463999-7de5-49ce-8f38-b7f7a2192bfb","Excel 2024","2026-02-28T22:19:32Z","source_only","pending","Applies-to extracted by ECS-EB-037 crawler."
"BYCOL","BYCOL function - Microsoft Support","https://support.microsoft.com/en-us/office/bycol-function-58463999-7de5-49ce-8f38-b7f7a2192bfb","Excel 2024 for Mac","2026-02-28T22:19:32Z","source_only","pending","Applies-to extracted by ECS-EB-037 crawler."
"BYCOL","BYCOL function - Microsoft Support","https://support.microsoft.com/en-us/office/bycol-function-58463999-7de5-49ce-8f38-b7f7a2192bfb","Excel for Microsoft 365","2026-02-28T22:19:32Z","source_only","pending","Applies-to extracted by ECS-EB-037 crawler."
"BYCOL","BYCOL function - Microsoft Support","https://support.microsoft.com/en-us/office/bycol-function-58463999-7de5-49ce-8f38-b7f7a2192bfb","Excel for Microsoft 365 for Mac","2026-02-28T22:19:32Z","source_only","pending","Applies-to extracted by ECS-EB-037 crawler."
"BYCOL","BYCOL function - Microsoft Support","https://support.microsoft.com/en-us/office/bycol-function-58463999-7de5-49ce-8f38-b7f7a2192bfb","Excel for the web","2026-02-28T22:19:32Z","source_only","pending","Applies-to extracted by ECS-EB-037 crawler."
"BYROW","BYROW function - Microsoft Support","https://support.microsoft.com/en-us/office/byrow-function-2e04c677-78c8-4e6b-8c10-a4602f2602bb","Excel 2024","2026-02-28T22:19:32Z","source_only","pending","Applies-to extracted by ECS-EB-037 crawler."
"BYROW","BYROW function - Microsoft Support","https://support.microsoft.com/en-us/office/byrow-function-2e04c677-78c8-4e6b-8c10-a4602f2602bb","Excel 2024 for Mac","2026-02-28T22:19:32Z","source_only","pending","Applies-to extracted by ECS-EB-037 crawler."
"BYROW","BYROW function - Microsoft Support","https://support.microsoft.com/en-us/office/byrow-function-2e04c677-78c8-4e6b-8c10-a4602f2602bb","Excel for Microsoft 365","2026-02-28T22:19:32Z","source_only","pending","Applies-to extracted by ECS-EB-037 crawler."
"BYROW","BYROW function - Microsoft Support","https://support.microsoft.com/en-us/office/byrow-function-2e04c677-78c8-4e6b-8c10-a4602f2602bb","Excel for Microsoft 365 for Mac","2026-02-28T22:19:32Z","source_only","pending","Applies-to extracted by ECS-EB-037 crawler."
"BYROW","BYROW function - Microsoft Support","https://support.microsoft.com/en-us/office/byrow-function-2e04c677-78c8-4e6b-8c10-a4602f2602bb","Excel for the web","2026-02-28T22:19:32Z","source_only","pending","Applies-to extracted by ECS-EB-037 crawler."
"CELL","CELL function - Microsoft Support","https://support.microsoft.com/en-us/office/cell-function-51bd39a5-f338-4dbe-a33f-955d67c2b2cf","Excel 2016","2026-02-28T22:19:32Z","source_only","pending","Applies-to extracted by ECS-EB-037 crawler."
"CELL","CELL function - Microsoft Support","https://support.microsoft.com/en-us/office/cell-function-51bd39a5-f338-4dbe-a33f-955d67c2b2cf","Excel 2019","2026-02-28T22:19:32Z","source_only","pending","Applies-to extracted by ECS-EB-037 crawler."
"CELL","CELL function - Microsoft Support","https://support.microsoft.com/en-us/office/cell-function-51bd39a5-f338-4dbe-a33f-955d67c2b2cf","Excel 2021","2026-02-28T22:19:32Z","source_only","pending","Applies-to extracted by ECS-EB-037 crawler."
"CELL","CELL function - Microsoft Support","https://support.microsoft.com/en-us/office/cell-function-51bd39a5-f338-4dbe-a33f-955d67c2b2cf","Excel 2021 for Mac","2026-02-28T22:19:32Z","source_only","pending","Applies-to extracted by ECS-EB-037 crawler."
"CELL","CELL function - Microsoft Support","https://support.microsoft.com/en-us/office/cell-function-51bd39a5-f338-4dbe-a33f-955d67c2b2cf","Excel 2024","2026-02-28T22:19:32Z","source_only","pending","Applies-to extracted by ECS-EB-037 crawler."
"CELL","CELL function - Microsoft Support","https://support.microsoft.com/en-us/office/cell-function-51bd39a5-f338-4dbe-a33f-955d67c2b2cf","Excel 2024 for Mac","2026-02-28T22:19:32Z","source_only","pending","Applies-to extracted by ECS-EB-037 crawler."
"CELL","CELL function - Microsoft Support","https://support.microsoft.com/en-us/office/cell-function-51bd39a5-f338-4dbe-a33f-955d67c2b2cf","Excel for Android phones","2026-02-28T22:19:32Z","source_only","pending","Applies-to extracted by ECS-EB-037 crawler."
"CELL","CELL function - Microsoft Support","https://support.microsoft.com/en-us/office/cell-function-51bd39a5-f338-4dbe-a33f-955d67c2b2cf","Excel for Android tablets","2026-02-28T22:19:32Z","source_only","pending","Applies-to extracted by ECS-EB-037 crawler."
"CELL","CELL function - Microsoft Support","https://support.microsoft.com/en-us/office/cell-function-51bd39a5-f338-4dbe-a33f-955d67c2b2cf","Excel for iPad","2026-02-28T22:19:32Z","source_only","pending","Applies-to extracted by ECS-EB-037 crawler."
"CELL","CELL function - Microsoft Support","https://support.microsoft.com/en-us/office/cell-function-51bd39a5-f338-4dbe-a33f-955d67c2b2cf","Excel for iPhone","2026-02-28T22:19:32Z","source_only","pending","Applies-to extracted by ECS-EB-037 crawler."
"CELL","CELL function - Microsoft Support","https://support.microsoft.com/en-us/office/cell-function-51bd39a5-f338-4dbe-a33f-955d67c2b2cf","Excel for Microsoft 365","2026-02-28T22:19:32Z","source_only","pending","Applies-to extracted by ECS-EB-037 crawler."
"CELL","CELL function - Microsoft Support","https://support.microsoft.com/en-us/office/cell-function-51bd39a5-f338-4dbe-a33f-955d67c2b2cf","Excel for Microsoft 365 for Mac","2026-02-28T22:19:32Z","source_only","pending","Applies-to extracted by ECS-EB-037 crawler."
"CELL","CELL function - Microsoft Support","https://support.microsoft.com/en-us/office/cell-function-51bd39a5-f338-4dbe-a33f-955d67c2b2cf","Excel for the web","2026-02-28T22:19:32Z","source_only","pending","Applies-to extracted by ECS-EB-037 crawler."
"CELL","CELL function - Microsoft Support","https://support.microsoft.com/en-us/office/cell-function-51bd39a5-f338-4dbe-a33f-955d67c2b2cf","Microsoft Office","2026-02-28T22:19:32Z","source_only","pending","Applies-to extracted by ECS-EB-037 crawler."
"CHOOSECOLS","CHOOSECOLS function - Microsoft Support","https://support.microsoft.com/en-us/office/choosecols-function-bf117976-2722-4466-9b9a-1c01ed9aebff","Excel 2024","2026-02-28T22:19:32Z","source_only","pending","Applies-to extracted by ECS-EB-037 crawler."
"CHOOSECOLS","CHOOSECOLS function - Microsoft Support","https://support.microsoft.com/en-us/office/choosecols-function-bf117976-2722-4466-9b9a-1c01ed9aebff","Excel 2024 for Mac","2026-02-28T22:19:32Z","source_only","pending","Applies-to extracted by ECS-EB-037 crawler."
"CHOOSECOLS","CHOOSECOLS function - Microsoft Support","https://support.microsoft.com/en-us/office/choosecols-function-bf117976-2722-4466-9b9a-1c01ed9aebff","Excel for Microsoft 365","2026-02-28T22:19:32Z","source_only","pending","Applies-to extracted by ECS-EB-037 crawler."
"CHOOSECOLS","CHOOSECOLS function - Microsoft Support","https://support.microsoft.com/en-us/office/choosecols-function-bf117976-2722-4466-9b9a-1c01ed9aebff","Excel for Microsoft 365 for Mac","2026-02-28T22:19:32Z","source_only","pending","Applies-to extracted by ECS-EB-037 crawler."
"CHOOSECOLS","CHOOSECOLS function - Microsoft Support","https://support.microsoft.com/en-us/office/choosecols-function-bf117976-2722-4466-9b9a-1c01ed9aebff","Excel for the web","2026-02-28T22:19:32Z","source_only","pending","Applies-to extracted by ECS-EB-037 crawler."
"CHOOSEROWS","CHOOSEROWS function - Microsoft Support","https://support.microsoft.com/en-us/office/chooserows-function-51ace882-9bab-4a44-9625-7274ef7507a3","Excel 2024","2026-02-28T22:19:32Z","source_only","pending","Applies-to extracted by ECS-EB-037 crawler."
"CHOOSEROWS","CHOOSEROWS function - Microsoft Support","https://support.microsoft.com/en-us/office/chooserows-function-51ace882-9bab-4a44-9625-7274ef7507a3","Excel 2024 for Mac","2026-02-28T22:19:32Z","source_only","pending","Applies-to extracted by ECS-EB-037 crawler."
"CHOOSEROWS","CHOOSEROWS function - Microsoft Support","https://support.microsoft.com/en-us/office/chooserows-function-51ace882-9bab-4a44-9625-7274ef7507a3","Excel for Microsoft 365","2026-02-28T22:19:32Z","source_only","pending","Applies-to extracted by ECS-EB-037 crawler."
"CHOOSEROWS","CHOOSEROWS function - Microsoft Support","https://support.microsoft.com/en-us/office/chooserows-function-51ace882-9bab-4a44-9625-7274ef7507a3","Excel for Microsoft 365 for Mac","2026-02-28T22:19:32Z","source_only","pending","Applies-to extracted by ECS-EB-037 crawler."
"CHOOSEROWS","CHOOSEROWS function - Microsoft Support","https://support.microsoft.com/en-us/office/chooserows-function-51ace882-9bab-4a44-9625-7274ef7507a3","Excel for the web","2026-02-28T22:19:32Z","source_only","pending","Applies-to extracted by ECS-EB-037 crawler."
"COLUMN","COLUMN function - Microsoft Support","https://support.microsoft.com/en-us/office/column-function-44e8c754-711c-4df3-9da4-47a55042554b","Excel 2016","2026-02-28T22:19:32Z","source_only","pending","Applies-to extracted by ECS-EB-037 crawler."
"COLUMN","COLUMN function - Microsoft Support","https://support.microsoft.com/en-us/office/column-function-44e8c754-711c-4df3-9da4-47a55042554b","Excel 2019","2026-02-28T22:19:32Z","source_only","pending","Applies-to extracted by ECS-EB-037 crawler."
"COLUMN","COLUMN function - Microsoft Support","https://support.microsoft.com/en-us/office/column-function-44e8c754-711c-4df3-9da4-47a55042554b","Excel 2021","2026-02-28T22:19:32Z","source_only","pending","Applies-to extracted by ECS-EB-037 crawler."
"COLUMN","COLUMN function - Microsoft Support","https://support.microsoft.com/en-us/office/column-function-44e8c754-711c-4df3-9da4-47a55042554b","Excel 2021 for Mac","2026-02-28T22:19:32Z","source_only","pending","Applies-to extracted by ECS-EB-037 crawler."
"COLUMN","COLUMN function - Microsoft Support","https://support.microsoft.com/en-us/office/column-function-44e8c754-711c-4df3-9da4-47a55042554b","Excel 2024","2026-02-28T22:19:32Z","source_only","pending","Applies-to extracted by ECS-EB-037 crawler."
"COLUMN","COLUMN function - Microsoft Support","https://support.microsoft.com/en-us/office/column-function-44e8c754-711c-4df3-9da4-47a55042554b","Excel 2024 for Mac","2026-02-28T22:19:32Z","source_only","pending","Applies-to extracted by ECS-EB-037 crawler."
"COLUMN","COLUMN function - Microsoft Support","https://support.microsoft.com/en-us/office/column-function-44e8c754-711c-4df3-9da4-47a55042554b","Excel for Microsoft 365","2026-02-28T22:19:32Z","source_only","pending","Applies-to extracted by ECS-EB-037 crawler."
"COLUMN","COLUMN function - Microsoft Support","https://support.microsoft.com/en-us/office/column-function-44e8c754-711c-4df3-9da4-47a55042554b","Excel for Microsoft 365 for Mac","2026-02-28T22:19:32Z","source_only","pending","Applies-to extracted by ECS-EB-037 crawler."
"COLUMN","COLUMN function - Microsoft Support","https://support.microsoft.com/en-us/office/column-function-44e8c754-711c-4df3-9da4-47a55042554b","Excel for the web","2026-02-28T22:19:32Z","source_only","pending","Applies-to extracted by ECS-EB-037 crawler."
"COLUMN","COLUMN function - Microsoft Support","https://support.microsoft.com/en-us/office/column-function-44e8c754-711c-4df3-9da4-47a55042554b","Microsoft Office","2026-02-28T22:19:32Z","source_only","pending","Applies-to extracted by ECS-EB-037 crawler."
"COLUMN","COLUMN function - Microsoft Support","https://support.microsoft.com/en-us/office/column-function-44e8c754-711c-4df3-9da4-47a55042554b","Microsoft365.com","2026-02-28T22:19:32Z","source_only","pending","Applies-to extracted by ECS-EB-037 crawler."
"COLUMNS","COLUMNS function - Microsoft Support","https://support.microsoft.com/en-us/office/columns-function-4e8e7b4e-e603-43e8-b177-956088fa48ca","Excel 2016","2026-02-28T22:19:32Z","source_only","pending","Applies-to extracted by ECS-EB-037 crawler."
"COLUMNS","COLUMNS function - Microsoft Support","https://support.microsoft.com/en-us/office/columns-function-4e8e7b4e-e603-43e8-b177-956088fa48ca","Excel 2019","2026-02-28T22:19:32Z","source_only","pending","Applies-to extracted by ECS-EB-037 crawler."
"COLUMNS","COLUMNS function - Microsoft Support","https://support.microsoft.com/en-us/office/columns-function-4e8e7b4e-e603-43e8-b177-956088fa48ca","Excel 2021","2026-02-28T22:19:32Z","source_only","pending","Applies-to extracted by ECS-EB-037 crawler."
"COLUMNS","COLUMNS function - Microsoft Support","https://support.microsoft.com/en-us/office/columns-function-4e8e7b4e-e603-43e8-b177-956088fa48ca","Excel 2021 for Mac","2026-02-28T22:19:32Z","source_only","pending","Applies-to extracted by ECS-EB-037 crawler."
"COLUMNS","COLUMNS function - Microsoft Support","https://support.microsoft.com/en-us/office/columns-function-4e8e7b4e-e603-43e8-b177-956088fa48ca","Excel 2024","2026-02-28T22:19:32Z","source_only","pending","Applies-to extracted by ECS-EB-037 crawler."
"COLUMNS","COLUMNS function - Microsoft Support","https://support.microsoft.com/en-us/office/columns-function-4e8e7b4e-e603-43e8-b177-956088fa48ca","Excel 2024 for Mac","2026-02-28T22:19:32Z","source_only","pending","Applies-to extracted by ECS-EB-037 crawler."
"COLUMNS","COLUMNS function - Microsoft Support","https://support.microsoft.com/en-us/office/columns-function-4e8e7b4e-e603-43e8-b177-956088fa48ca","Excel for Microsoft 365","2026-02-28T22:19:32Z","source_only","pending","Applies-to extracted by ECS-EB-037 crawler."
"COLUMNS","COLUMNS function - Microsoft Support","https://support.microsoft.com/en-us/office/columns-function-4e8e7b4e-e603-43e8-b177-956088fa48ca","Excel for Microsoft 365 for Mac","2026-02-28T22:19:32Z","source_only","pending","Applies-to extracted by ECS-EB-037 crawler."
"COLUMNS","COLUMNS function - Microsoft Support","https://support.microsoft.com/en-us/office/columns-function-4e8e7b4e-e603-43e8-b177-956088fa48ca","Excel for the web","2026-02-28T22:19:32Z","source_only","pending","Applies-to extracted by ECS-EB-037 crawler."
"COLUMNS","COLUMNS function - Microsoft Support","https://support.microsoft.com/en-us/office/columns-function-4e8e7b4e-e603-43e8-b177-956088fa48ca","Microsoft Office","2026-02-28T22:19:32Z","source_only","pending","Applies-to extracted by ECS-EB-037 crawler."
"COLUMNS","COLUMNS function - Microsoft Support","https://support.microsoft.com/en-us/office/columns-function-4e8e7b4e-e603-43e8-b177-956088fa48ca","Microsoft365.com","2026-02-28T22:19:32Z","source_only","pending","Applies-to extracted by ECS-EB-037 crawler."
"CUBEKPIMEMBER","CUBEKPIMEMBER function - Microsoft Support","https://support.microsoft.com/en-us/office/cubekpimember-function-744608bf-2c62-42cd-b67a-a56109f4b03b","Excel 2016","2026-02-28T22:19:32Z","source_only","pending","Applies-to extracted by ECS-EB-037 crawler."
"CUBEKPIMEMBER","CUBEKPIMEMBER function - Microsoft Support","https://support.microsoft.com/en-us/office/cubekpimember-function-744608bf-2c62-42cd-b67a-a56109f4b03b","Excel 2019","2026-02-28T22:19:32Z","source_only","pending","Applies-to extracted by ECS-EB-037 crawler."
"CUBEKPIMEMBER","CUBEKPIMEMBER function - Microsoft Support","https://support.microsoft.com/en-us/office/cubekpimember-function-744608bf-2c62-42cd-b67a-a56109f4b03b","Excel 2021","2026-02-28T22:19:32Z","source_only","pending","Applies-to extracted by ECS-EB-037 crawler."
"CUBEKPIMEMBER","CUBEKPIMEMBER function - Microsoft Support","https://support.microsoft.com/en-us/office/cubekpimember-function-744608bf-2c62-42cd-b67a-a56109f4b03b","Excel 2021 for Mac","2026-02-28T22:19:32Z","source_only","pending","Applies-to extracted by ECS-EB-037 crawler."
"CUBEKPIMEMBER","CUBEKPIMEMBER function - Microsoft Support","https://support.microsoft.com/en-us/office/cubekpimember-function-744608bf-2c62-42cd-b67a-a56109f4b03b","Excel 2024","2026-02-28T22:19:32Z","source_only","pending","Applies-to extracted by ECS-EB-037 crawler."
"CUBEKPIMEMBER","CUBEKPIMEMBER function - Microsoft Support","https://support.microsoft.com/en-us/office/cubekpimember-function-744608bf-2c62-42cd-b67a-a56109f4b03b","Excel 2024 for Mac","2026-02-28T22:19:32Z","source_only","pending","Applies-to extracted by ECS-EB-037 crawler."
"CUBEKPIMEMBER","CUBEKPIMEMBER function - Microsoft Support","https://support.microsoft.com/en-us/office/cubekpimember-function-744608bf-2c62-42cd-b67a-a56109f4b03b","Excel for Android phones","2026-02-28T22:19:32Z","source_only","pending","Applies-to extracted by ECS-EB-037 crawler."
"CUBEKPIMEMBER","CUBEKPIMEMBER function - Microsoft Support","https://support.microsoft.com/en-us/office/cubekpimember-function-744608bf-2c62-42cd-b67a-a56109f4b03b","Excel for Android tablets","2026-02-28T22:19:32Z","source_only","pending","Applies-to extracted by ECS-EB-037 crawler."
"CUBEKPIMEMBER","CUBEKPIMEMBER function - Microsoft Support","https://support.microsoft.com/en-us/office/cubekpimember-function-744608bf-2c62-42cd-b67a-a56109f4b03b","Excel for iPad","2026-02-28T22:19:32Z","source_only","pending","Applies-to extracted by ECS-EB-037 crawler."
"CUBEKPIMEMBER","CUBEKPIMEMBER function - Microsoft Support","https://support.microsoft.com/en-us/office/cubekpimember-function-744608bf-2c62-42cd-b67a-a56109f4b03b","Excel for iPhone","2026-02-28T22:19:32Z","source_only","pending","Applies-to extracted by ECS-EB-037 crawler."
"CUBEKPIMEMBER","CUBEKPIMEMBER function - Microsoft Support","https://support.microsoft.com/en-us/office/cubekpimember-function-744608bf-2c62-42cd-b67a-a56109f4b03b","Excel for Microsoft 365","2026-02-28T22:19:32Z","source_only","pending","Applies-to extracted by ECS-EB-037 crawler."
"CUBEKPIMEMBER","CUBEKPIMEMBER function - Microsoft Support","https://support.microsoft.com/en-us/office/cubekpimember-function-744608bf-2c62-42cd-b67a-a56109f4b03b","Excel for Microsoft 365 for Mac","2026-02-28T22:19:32Z","source_only","pending","Applies-to extracted by ECS-EB-037 crawler."
"CUBEKPIMEMBER","CUBEKPIMEMBER function - Microsoft Support","https://support.microsoft.com/en-us/office/cubekpimember-function-744608bf-2c62-42cd-b67a-a56109f4b03b","Excel for the web","2026-02-28T22:19:32Z","source_only","pending","Applies-to extracted by ECS-EB-037 crawler."
"CUBEKPIMEMBER","CUBEKPIMEMBER function - Microsoft Support","https://support.microsoft.com/en-us/office/cubekpimember-function-744608bf-2c62-42cd-b67a-a56109f4b03b","Excel Web App","2026-02-28T22:19:32Z","source_only","pending","Applies-to extracted by ECS-EB-037 crawler."
"CUBEMEMBER","CUBEMEMBER function - Microsoft Support","https://support.microsoft.com/en-us/office/cubemember-function-0f6a15b9-2c18-4819-ae89-e1b5c8b398ad","Excel 2016","2026-02-28T22:19:32Z","source_only","pending","Applies-to extracted by ECS-EB-037 crawler."
"CUBEMEMBER","CUBEMEMBER function - Microsoft Support","https://support.microsoft.com/en-us/office/cubemember-function-0f6a15b9-2c18-4819-ae89-e1b5c8b398ad","Excel 2019","2026-02-28T22:19:32Z","source_only","pending","Applies-to extracted by ECS-EB-037 crawler."
"CUBEMEMBER","CUBEMEMBER function - Microsoft Support","https://support.microsoft.com/en-us/office/cubemember-function-0f6a15b9-2c18-4819-ae89-e1b5c8b398ad","Excel 2021","2026-02-28T22:19:32Z","source_only","pending","Applies-to extracted by ECS-EB-037 crawler."
"CUBEMEMBER","CUBEMEMBER function - Microsoft Support","https://support.microsoft.com/en-us/office/cubemember-function-0f6a15b9-2c18-4819-ae89-e1b5c8b398ad","Excel 2021 for Mac","2026-02-28T22:19:32Z","source_only","pending","Applies-to extracted by ECS-EB-037 crawler."
"CUBEMEMBER","CUBEMEMBER function - Microsoft Support","https://support.microsoft.com/en-us/office/cubemember-function-0f6a15b9-2c18-4819-ae89-e1b5c8b398ad","Excel 2024","2026-02-28T22:19:32Z","source_only","pending","Applies-to extracted by ECS-EB-037 crawler."
"CUBEMEMBER","CUBEMEMBER function - Microsoft Support","https://support.microsoft.com/en-us/office/cubemember-function-0f6a15b9-2c18-4819-ae89-e1b5c8b398ad","Excel 2024 for Mac","2026-02-28T22:19:32Z","source_only","pending","Applies-to extracted by ECS-EB-037 crawler."
"CUBEMEMBER","CUBEMEMBER function - Microsoft Support","https://support.microsoft.com/en-us/office/cubemember-function-0f6a15b9-2c18-4819-ae89-e1b5c8b398ad","Excel for Android phones","2026-02-28T22:19:32Z","source_only","pending","Applies-to extracted by ECS-EB-037 crawler."
"CUBEMEMBER","CUBEMEMBER function - Microsoft Support","https://support.microsoft.com/en-us/office/cubemember-function-0f6a15b9-2c18-4819-ae89-e1b5c8b398ad","Excel for Android tablets","2026-02-28T22:19:32Z","source_only","pending","Applies-to extracted by ECS-EB-037 crawler."
"CUBEMEMBER","CUBEMEMBER function - Microsoft Support","https://support.microsoft.com/en-us/office/cubemember-function-0f6a15b9-2c18-4819-ae89-e1b5c8b398ad","Excel for iPad","2026-02-28T22:19:32Z","source_only","pending","Applies-to extracted by ECS-EB-037 crawler."
"CUBEMEMBER","CUBEMEMBER function - Microsoft Support","https://support.microsoft.com/en-us/office/cubemember-function-0f6a15b9-2c18-4819-ae89-e1b5c8b398ad","Excel for iPhone","2026-02-28T22:19:32Z","source_only","pending","Applies-to extracted by ECS-EB-037 crawler."
"CUBEMEMBER","CUBEMEMBER function - Microsoft Support","https://support.microsoft.com/en-us/office/cubemember-function-0f6a15b9-2c18-4819-ae89-e1b5c8b398ad","Excel for Microsoft 365","2026-02-28T22:19:32Z","source_only","pending","Applies-to extracted by ECS-EB-037 crawler."
"CUBEMEMBER","CUBEMEMBER function - Microsoft Support","https://support.microsoft.com/en-us/office/cubemember-function-0f6a15b9-2c18-4819-ae89-e1b5c8b398ad","Excel for Microsoft 365 for Mac","2026-02-28T22:19:32Z","source_only","pending","Applies-to extracted by ECS-EB-037 crawler."
"CUBEMEMBER","CUBEMEMBER function - Microsoft Support","https://support.microsoft.com/en-us/office/cubemember-function-0f6a15b9-2c18-4819-ae89-e1b5c8b398ad","Excel for the web","2026-02-28T22:19:32Z","source_only","pending","Applies-to extracted by ECS-EB-037 crawler."
"CUBEMEMBER","CUBEMEMBER function - Microsoft Support","https://support.microsoft.com/en-us/office/cubemember-function-0f6a15b9-2c18-4819-ae89-e1b5c8b398ad","Excel Web App","2026-02-28T22:19:32Z","source_only","pending","Applies-to extracted by ECS-EB-037 crawler."
"CUBEMEMBERPROPERTY","CUBEMEMBERPROPERTY function - Microsoft Support","https://support.microsoft.com/en-us/office/cubememberproperty-function-001e57d6-b35a-49e5-abcd-05ff599e8951","Excel 2016","2026-02-28T22:19:32Z","source_only","pending","Applies-to extracted by ECS-EB-037 crawler."
"CUBEMEMBERPROPERTY","CUBEMEMBERPROPERTY function - Microsoft Support","https://support.microsoft.com/en-us/office/cubememberproperty-function-001e57d6-b35a-49e5-abcd-05ff599e8951","Excel 2019","2026-02-28T22:19:32Z","source_only","pending","Applies-to extracted by ECS-EB-037 crawler."
"CUBEMEMBERPROPERTY","CUBEMEMBERPROPERTY function - Microsoft Support","https://support.microsoft.com/en-us/office/cubememberproperty-function-001e57d6-b35a-49e5-abcd-05ff599e8951","Excel 2021","2026-02-28T22:19:32Z","source_only","pending","Applies-to extracted by ECS-EB-037 crawler."
"CUBEMEMBERPROPERTY","CUBEMEMBERPROPERTY function - Microsoft Support","https://support.microsoft.com/en-us/office/cubememberproperty-function-001e57d6-b35a-49e5-abcd-05ff599e8951","Excel 2021 for Mac","2026-02-28T22:19:32Z","source_only","pending","Applies-to extracted by ECS-EB-037 crawler."
"CUBEMEMBERPROPERTY","CUBEMEMBERPROPERTY function - Microsoft Support","https://support.microsoft.com/en-us/office/cubememberproperty-function-001e57d6-b35a-49e5-abcd-05ff599e8951","Excel 2024","2026-02-28T22:19:32Z","source_only","pending","Applies-to extracted by ECS-EB-037 crawler."
"CUBEMEMBERPROPERTY","CUBEMEMBERPROPERTY function - Microsoft Support","https://support.microsoft.com/en-us/office/cubememberproperty-function-001e57d6-b35a-49e5-abcd-05ff599e8951","Excel 2024 for Mac","2026-02-28T22:19:32Z","source_only","pending","Applies-to extracted by ECS-EB-037 crawler."
"CUBEMEMBERPROPERTY","CUBEMEMBERPROPERTY function - Microsoft Support","https://support.microsoft.com/en-us/office/cubememberproperty-function-001e57d6-b35a-49e5-abcd-05ff599e8951","Excel for Android phones","2026-02-28T22:19:32Z","source_only","pending","Applies-to extracted by ECS-EB-037 crawler."
"CUBEMEMBERPROPERTY","CUBEMEMBERPROPERTY function - Microsoft Support","https://support.microsoft.com/en-us/office/cubememberproperty-function-001e57d6-b35a-49e5-abcd-05ff599e8951","Excel for Android tablets","2026-02-28T22:19:32Z","source_only","pending","Applies-to extracted by ECS-EB-037 crawler."
"CUBEMEMBERPROPERTY","CUBEMEMBERPROPERTY function - Microsoft Support","https://support.microsoft.com/en-us/office/cubememberproperty-function-001e57d6-b35a-49e5-abcd-05ff599e8951","Excel for iPad","2026-02-28T22:19:32Z","source_only","pending","Applies-to extracted by ECS-EB-037 crawler."
"CUBEMEMBERPROPERTY","CUBEMEMBERPROPERTY function - Microsoft Support","https://support.microsoft.com/en-us/office/cubememberproperty-function-001e57d6-b35a-49e5-abcd-05ff599e8951","Excel for iPhone","2026-02-28T22:19:32Z","source_only","pending","Applies-to extracted by ECS-EB-037 crawler."
"CUBEMEMBERPROPERTY","CUBEMEMBERPROPERTY function - Microsoft Support","https://support.microsoft.com/en-us/office/cubememberproperty-function-001e57d6-b35a-49e5-abcd-05ff599e8951","Excel for Microsoft 365","2026-02-28T22:19:32Z","source_only","pending","Applies-to extracted by ECS-EB-037 crawler."
"CUBEMEMBERPROPERTY","CUBEMEMBERPROPERTY function - Microsoft Support","https://support.microsoft.com/en-us/office/cubememberproperty-function-001e57d6-b35a-49e5-abcd-05ff599e8951","Excel for Microsoft 365 for Mac","2026-02-28T22:19:32Z","source_only","pending","Applies-to extracted by ECS-EB-037 crawler."
"CUBEMEMBERPROPERTY","CUBEMEMBERPROPERTY function - Microsoft Support","https://support.microsoft.com/en-us/office/cubememberproperty-function-001e57d6-b35a-49e5-abcd-05ff599e8951","Excel for the web","2026-02-28T22:19:32Z","source_only","pending","Applies-to extracted by ECS-EB-037 crawler."
"CUBEMEMBERPROPERTY","CUBEMEMBERPROPERTY function - Microsoft Support","https://support.microsoft.com/en-us/office/cubememberproperty-function-001e57d6-b35a-49e5-abcd-05ff599e8951","Excel Web App","2026-02-28T22:19:32Z","source_only","pending","Applies-to extracted by ECS-EB-037 crawler."
"CUBERANKEDMEMBER","CUBERANKEDMEMBER function - Microsoft Support","https://support.microsoft.com/en-us/office/cuberankedmember-function-07efecde-e669-4075-b4bf-6b40df2dc4b3","Excel 2016","2026-02-28T22:19:32Z","source_only","pending","Applies-to extracted by ECS-EB-037 crawler."
"CUBERANKEDMEMBER","CUBERANKEDMEMBER function - Microsoft Support","https://support.microsoft.com/en-us/office/cuberankedmember-function-07efecde-e669-4075-b4bf-6b40df2dc4b3","Excel 2019","2026-02-28T22:19:32Z","source_only","pending","Applies-to extracted by ECS-EB-037 crawler."
"CUBERANKEDMEMBER","CUBERANKEDMEMBER function - Microsoft Support","https://support.microsoft.com/en-us/office/cuberankedmember-function-07efecde-e669-4075-b4bf-6b40df2dc4b3","Excel 2021","2026-02-28T22:19:32Z","source_only","pending","Applies-to extracted by ECS-EB-037 crawler."
"CUBERANKEDMEMBER","CUBERANKEDMEMBER function - Microsoft Support","https://support.microsoft.com/en-us/office/cuberankedmember-function-07efecde-e669-4075-b4bf-6b40df2dc4b3","Excel 2021 for Mac","2026-02-28T22:19:32Z","source_only","pending","Applies-to extracted by ECS-EB-037 crawler."
"CUBERANKEDMEMBER","CUBERANKEDMEMBER function - Microsoft Support","https://support.microsoft.com/en-us/office/cuberankedmember-function-07efecde-e669-4075-b4bf-6b40df2dc4b3","Excel 2024","2026-02-28T22:19:32Z","source_only","pending","Applies-to extracted by ECS-EB-037 crawler."
"CUBERANKEDMEMBER","CUBERANKEDMEMBER function - Microsoft Support","https://support.microsoft.com/en-us/office/cuberankedmember-function-07efecde-e669-4075-b4bf-6b40df2dc4b3","Excel 2024 for Mac","2026-02-28T22:19:32Z","source_only","pending","Applies-to extracted by ECS-EB-037 crawler."
"CUBERANKEDMEMBER","CUBERANKEDMEMBER function - Microsoft Support","https://support.microsoft.com/en-us/office/cuberankedmember-function-07efecde-e669-4075-b4bf-6b40df2dc4b3","Excel for Android phones","2026-02-28T22:19:32Z","source_only","pending","Applies-to extracted by ECS-EB-037 crawler."
"CUBERANKEDMEMBER","CUBERANKEDMEMBER function - Microsoft Support","https://support.microsoft.com/en-us/office/cuberankedmember-function-07efecde-e669-4075-b4bf-6b40df2dc4b3","Excel for Android tablets","2026-02-28T22:19:32Z","source_only","pending","Applies-to extracted by ECS-EB-037 crawler."
"CUBERANKEDMEMBER","CUBERANKEDMEMBER function - Microsoft Support","https://support.microsoft.com/en-us/office/cuberankedmember-function-07efecde-e669-4075-b4bf-6b40df2dc4b3","Excel for iPad","2026-02-28T22:19:32Z","source_only","pending","Applies-to extracted by ECS-EB-037 crawler."
"CUBERANKEDMEMBER","CUBERANKEDMEMBER function - Microsoft Support","https://support.microsoft.com/en-us/office/cuberankedmember-function-07efecde-e669-4075-b4bf-6b40df2dc4b3","Excel for iPhone","2026-02-28T22:19:32Z","source_only","pending","Applies-to extracted by ECS-EB-037 crawler."
"CUBERANKEDMEMBER","CUBERANKEDMEMBER function - Microsoft Support","https://support.microsoft.com/en-us/office/cuberankedmember-function-07efecde-e669-4075-b4bf-6b40df2dc4b3","Excel for Microsoft 365","2026-02-28T22:19:32Z","source_only","pending","Applies-to extracted by ECS-EB-037 crawler."
"CUBERANKEDMEMBER","CUBERANKEDMEMBER function - Microsoft Support","https://support.microsoft.com/en-us/office/cuberankedmember-function-07efecde-e669-4075-b4bf-6b40df2dc4b3","Excel for Microsoft 365 for Mac","2026-02-28T22:19:32Z","source_only","pending","Applies-to extracted by ECS-EB-037 crawler."
"CUBERANKEDMEMBER","CUBERANKEDMEMBER function - Microsoft Support","https://support.microsoft.com/en-us/office/cuberankedmember-function-07efecde-e669-4075-b4bf-6b40df2dc4b3","Excel for the web","2026-02-28T22:19:32Z","source_only","pending","Applies-to extracted by ECS-EB-037 crawler."
"CUBERANKEDMEMBER","CUBERANKEDMEMBER function - Microsoft Support","https://support.microsoft.com/en-us/office/cuberankedmember-function-07efecde-e669-4075-b4bf-6b40df2dc4b3","Excel Web App","2026-02-28T22:19:32Z","source_only","pending","Applies-to extracted by ECS-EB-037 crawler."
"CUBESET","CUBESET function - Microsoft Support","https://support.microsoft.com/en-us/office/cubeset-function-5b2146bd-62d6-4d04-9d8f-670e993ee1d9","Excel 2016","2026-02-28T11:45:00Z","source_only","pending",""
"CUBESET","CUBESET function - Microsoft Support","https://support.microsoft.com/en-us/office/cubeset-function-5b2146bd-62d6-4d04-9d8f-670e993ee1d9","Excel 2019","2026-02-28T11:45:00Z","source_only","pending",""
"CUBESET","CUBESET function - Microsoft Support","https://support.microsoft.com/en-us/office/cubeset-function-5b2146bd-62d6-4d04-9d8f-670e993ee1d9","Excel 2021","2026-02-28T11:45:00Z","source_only","pending",""
"CUBESET","CUBESET function - Microsoft Support","https://support.microsoft.com/en-us/office/cubeset-function-5b2146bd-62d6-4d04-9d8f-670e993ee1d9","Excel 2021 for Mac","2026-02-28T11:45:00Z","source_only","pending",""
"CUBESET","CUBESET function - Microsoft Support","https://support.microsoft.com/en-us/office/cubeset-function-5b2146bd-62d6-4d04-9d8f-670e993ee1d9","Excel 2024","2026-02-28T11:45:00Z","source_only","pending",""
"CUBESET","CUBESET function - Microsoft Support","https://support.microsoft.com/en-us/office/cubeset-function-5b2146bd-62d6-4d04-9d8f-670e993ee1d9","Excel 2024 for Mac","2026-02-28T11:45:00Z","source_only","pending",""
"CUBESET","CUBESET function - Microsoft Support","https://support.microsoft.com/en-us/office/cubeset-function-5b2146bd-62d6-4d04-9d8f-670e993ee1d9","Excel for Android phones","2026-02-28T11:45:00Z","source_only","pending",""
"CUBESET","CUBESET function - Microsoft Support","https://support.microsoft.com/en-us/office/cubeset-function-5b2146bd-62d6-4d04-9d8f-670e993ee1d9","Excel for Android tablets","2026-02-28T11:45:00Z","source_only","pending",""
"CUBESET","CUBESET function - Microsoft Support","https://support.microsoft.com/en-us/office/cubeset-function-5b2146bd-62d6-4d04-9d8f-670e993ee1d9","Excel for iPad","2026-02-28T11:45:00Z","source_only","pending",""
"CUBESET","CUBESET function - Microsoft Support","https://support.microsoft.com/en-us/office/cubeset-function-5b2146bd-62d6-4d04-9d8f-670e993ee1d9","Excel for iPhone","2026-02-28T11:45:00Z","source_only","pending",""
"CUBESET","CUBESET function - Microsoft Support","https://support.microsoft.com/en-us/office/cubeset-function-5b2146bd-62d6-4d04-9d8f-670e993ee1d9","Excel for Microsoft 365","2026-02-28T11:45:00Z","source_only","pending",""
"CUBESET","CUBESET function - Microsoft Support","https://support.microsoft.com/en-us/office/cubeset-function-5b2146bd-62d6-4d04-9d8f-670e993ee1d9","Excel for Microsoft 365 for Mac","2026-02-28T11:45:00Z","source_only","pending",""
"CUBESET","CUBESET function - Microsoft Support","https://support.microsoft.com/en-us/office/cubeset-function-5b2146bd-62d6-4d04-9d8f-670e993ee1d9","Excel for the web","2026-02-28T11:45:00Z","source_only","pending",""
"CUBESET","CUBESET function - Microsoft Support","https://support.microsoft.com/en-us/office/cubeset-function-5b2146bd-62d6-4d04-9d8f-670e993ee1d9","Excel Web App","2026-02-28T11:45:00Z","source_only","pending",""
"CUBESETCOUNT","CUBESETCOUNT function - Microsoft Support","https://support.microsoft.com/en-us/office/cubesetcount-function-c4c2a438-c1ff-4061-80fe-982f2d705286","Excel 2016","2026-02-28T22:19:32Z","source_only","pending","Applies-to extracted by ECS-EB-037 crawler."
"CUBESETCOUNT","CUBESETCOUNT function - Microsoft Support","https://support.microsoft.com/en-us/office/cubesetcount-function-c4c2a438-c1ff-4061-80fe-982f2d705286","Excel 2019","2026-02-28T22:19:32Z","source_only","pending","Applies-to extracted by ECS-EB-037 crawler."
"CUBESETCOUNT","CUBESETCOUNT function - Microsoft Support","https://support.microsoft.com/en-us/office/cubesetcount-function-c4c2a438-c1ff-4061-80fe-982f2d705286","Excel 2021","2026-02-28T22:19:32Z","source_only","pending","Applies-to extracted by ECS-EB-037 crawler."
"CUBESETCOUNT","CUBESETCOUNT function - Microsoft Support","https://support.microsoft.com/en-us/office/cubesetcount-function-c4c2a438-c1ff-4061-80fe-982f2d705286","Excel 2021 for Mac","2026-02-28T22:19:32Z","source_only","pending","Applies-to extracted by ECS-EB-037 crawler."
"CUBESETCOUNT","CUBESETCOUNT function - Microsoft Support","https://support.microsoft.com/en-us/office/cubesetcount-function-c4c2a438-c1ff-4061-80fe-982f2d705286","Excel 2024","2026-02-28T22:19:32Z","source_only","pending","Applies-to extracted by ECS-EB-037 crawler."
"CUBESETCOUNT","CUBESETCOUNT function - Microsoft Support","https://support.microsoft.com/en-us/office/cubesetcount-function-c4c2a438-c1ff-4061-80fe-982f2d705286","Excel 2024 for Mac","2026-02-28T22:19:32Z","source_only","pending","Applies-to extracted by ECS-EB-037 crawler."
"CUBESETCOUNT","CUBESETCOUNT function - Microsoft Support","https://support.microsoft.com/en-us/office/cubesetcount-function-c4c2a438-c1ff-4061-80fe-982f2d705286","Excel for Android phones","2026-02-28T22:19:32Z","source_only","pending","Applies-to extracted by ECS-EB-037 crawler."
"CUBESETCOUNT","CUBESETCOUNT function - Microsoft Support","https://support.microsoft.com/en-us/office/cubesetcount-function-c4c2a438-c1ff-4061-80fe-982f2d705286","Excel for Android tablets","2026-02-28T22:19:32Z","source_only","pending","Applies-to extracted by ECS-EB-037 crawler."
"CUBESETCOUNT","CUBESETCOUNT function - Microsoft Support","https://support.microsoft.com/en-us/office/cubesetcount-function-c4c2a438-c1ff-4061-80fe-982f2d705286","Excel for iPad","2026-02-28T22:19:32Z","source_only","pending","Applies-to extracted by ECS-EB-037 crawler."
"CUBESETCOUNT","CUBESETCOUNT function - Microsoft Support","https://support.microsoft.com/en-us/office/cubesetcount-function-c4c2a438-c1ff-4061-80fe-982f2d705286","Excel for iPhone","2026-02-28T22:19:32Z","source_only","pending","Applies-to extracted by ECS-EB-037 crawler."
"CUBESETCOUNT","CUBESETCOUNT function - Microsoft Support","https://support.microsoft.com/en-us/office/cubesetcount-function-c4c2a438-c1ff-4061-80fe-982f2d705286","Excel for Microsoft 365","2026-02-28T22:19:32Z","source_only","pending","Applies-to extracted by ECS-EB-037 crawler."
"CUBESETCOUNT","CUBESETCOUNT function - Microsoft Support","https://support.microsoft.com/en-us/office/cubesetcount-function-c4c2a438-c1ff-4061-80fe-982f2d705286","Excel for Microsoft 365 for Mac","2026-02-28T22:19:32Z","source_only","pending","Applies-to extracted by ECS-EB-037 crawler."
"CUBESETCOUNT","CUBESETCOUNT function - Microsoft Support","https://support.microsoft.com/en-us/office/cubesetcount-function-c4c2a438-c1ff-4061-80fe-982f2d705286","Excel for the web","2026-02-28T22:19:32Z","source_only","pending","Applies-to extracted by ECS-EB-037 crawler."
"CUBESETCOUNT","CUBESETCOUNT function - Microsoft Support","https://support.microsoft.com/en-us/office/cubesetcount-function-c4c2a438-c1ff-4061-80fe-982f2d705286","Excel Web App","2026-02-28T22:19:32Z","source_only","pending","Applies-to extracted by ECS-EB-037 crawler."
"CUBEVALUE","CUBEVALUE function - Microsoft Support","https://support.microsoft.com/en-us/office/cubevalue-function-8733da24-26d1-4e34-9b3a-84a8f00dcbe0","Excel 2016","2026-02-28T11:45:00Z","source_only","pending",""
"CUBEVALUE","CUBEVALUE function - Microsoft Support","https://support.microsoft.com/en-us/office/cubevalue-function-8733da24-26d1-4e34-9b3a-84a8f00dcbe0","Excel 2019","2026-02-28T11:45:00Z","source_only","pending",""
"CUBEVALUE","CUBEVALUE function - Microsoft Support","https://support.microsoft.com/en-us/office/cubevalue-function-8733da24-26d1-4e34-9b3a-84a8f00dcbe0","Excel 2021","2026-02-28T11:45:00Z","source_only","pending",""
"CUBEVALUE","CUBEVALUE function - Microsoft Support","https://support.microsoft.com/en-us/office/cubevalue-function-8733da24-26d1-4e34-9b3a-84a8f00dcbe0","Excel 2021 for Mac","2026-02-28T11:45:00Z","source_only","pending",""
"CUBEVALUE","CUBEVALUE function - Microsoft Support","https://support.microsoft.com/en-us/office/cubevalue-function-8733da24-26d1-4e34-9b3a-84a8f00dcbe0","Excel 2024","2026-02-28T11:45:00Z","source_only","pending",""
"CUBEVALUE","CUBEVALUE function - Microsoft Support","https://support.microsoft.com/en-us/office/cubevalue-function-8733da24-26d1-4e34-9b3a-84a8f00dcbe0","Excel 2024 for Mac","2026-02-28T11:45:00Z","source_only","pending",""
"CUBEVALUE","CUBEVALUE function - Microsoft Support","https://support.microsoft.com/en-us/office/cubevalue-function-8733da24-26d1-4e34-9b3a-84a8f00dcbe0","Excel for Android phones","2026-02-28T11:45:00Z","source_only","pending",""
"CUBEVALUE","CUBEVALUE function - Microsoft Support","https://support.microsoft.com/en-us/office/cubevalue-function-8733da24-26d1-4e34-9b3a-84a8f00dcbe0","Excel for Android tablets","2026-02-28T11:45:00Z","source_only","pending",""
"CUBEVALUE","CUBEVALUE function - Microsoft Support","https://support.microsoft.com/en-us/office/cubevalue-function-8733da24-26d1-4e34-9b3a-84a8f00dcbe0","Excel for iPad","2026-02-28T11:45:00Z","source_only","pending",""
"CUBEVALUE","CUBEVALUE function - Microsoft Support","https://support.microsoft.com/en-us/office/cubevalue-function-8733da24-26d1-4e34-9b3a-84a8f00dcbe0","Excel for iPhone","2026-02-28T11:45:00Z","source_only","pending",""
"CUBEVALUE","CUBEVALUE function - Microsoft Support","https://support.microsoft.com/en-us/office/cubevalue-function-8733da24-26d1-4e34-9b3a-84a8f00dcbe0","Excel for Microsoft 365","2026-02-28T11:45:00Z","source_only","pending",""
"CUBEVALUE","CUBEVALUE function - Microsoft Support","https://support.microsoft.com/en-us/office/cubevalue-function-8733da24-26d1-4e34-9b3a-84a8f00dcbe0","Excel for Microsoft 365 for Mac","2026-02-28T11:45:00Z","source_only","pending",""
"CUBEVALUE","CUBEVALUE function - Microsoft Support","https://support.microsoft.com/en-us/office/cubevalue-function-8733da24-26d1-4e34-9b3a-84a8f00dcbe0","Excel for the web","2026-02-28T11:45:00Z","source_only","pending",""
"CUBEVALUE","CUBEVALUE function - Microsoft Support","https://support.microsoft.com/en-us/office/cubevalue-function-8733da24-26d1-4e34-9b3a-84a8f00dcbe0","Excel Web App","2026-02-28T11:45:00Z","source_only","pending",""
"DOLLAR","DOLLAR function - Microsoft Support","https://support.microsoft.com/en-us/office/dollar-function-a6cd05d9-9740-4ad3-a469-8109d18ff611","Excel 2016","2026-02-28T22:19:32Z","source_only","pending","Applies-to extracted by ECS-EB-037 crawler."
"DOLLAR","DOLLAR function - Microsoft Support","https://support.microsoft.com/en-us/office/dollar-function-a6cd05d9-9740-4ad3-a469-8109d18ff611","Excel 2019","2026-02-28T22:19:32Z","source_only","pending","Applies-to extracted by ECS-EB-037 crawler."
"DOLLAR","DOLLAR function - Microsoft Support","https://support.microsoft.com/en-us/office/dollar-function-a6cd05d9-9740-4ad3-a469-8109d18ff611","Excel 2021","2026-02-28T22:19:32Z","source_only","pending","Applies-to extracted by ECS-EB-037 crawler."
"DOLLAR","DOLLAR function - Microsoft Support","https://support.microsoft.com/en-us/office/dollar-function-a6cd05d9-9740-4ad3-a469-8109d18ff611","Excel 2021 for Mac","2026-02-28T22:19:32Z","source_only","pending","Applies-to extracted by ECS-EB-037 crawler."
"DOLLAR","DOLLAR function - Microsoft Support","https://support.microsoft.com/en-us/office/dollar-function-a6cd05d9-9740-4ad3-a469-8109d18ff611","Excel 2024","2026-02-28T22:19:32Z","source_only","pending","Applies-to extracted by ECS-EB-037 crawler."
"DOLLAR","DOLLAR function - Microsoft Support","https://support.microsoft.com/en-us/office/dollar-function-a6cd05d9-9740-4ad3-a469-8109d18ff611","Excel 2024 for Mac","2026-02-28T22:19:32Z","source_only","pending","Applies-to extracted by ECS-EB-037 crawler."
"DOLLAR","DOLLAR function - Microsoft Support","https://support.microsoft.com/en-us/office/dollar-function-a6cd05d9-9740-4ad3-a469-8109d18ff611","Excel for Microsoft 365","2026-02-28T22:19:32Z","source_only","pending","Applies-to extracted by ECS-EB-037 crawler."
"DOLLAR","DOLLAR function - Microsoft Support","https://support.microsoft.com/en-us/office/dollar-function-a6cd05d9-9740-4ad3-a469-8109d18ff611","Excel for Microsoft 365 for Mac","2026-02-28T22:19:32Z","source_only","pending","Applies-to extracted by ECS-EB-037 crawler."
"DOLLAR","DOLLAR function - Microsoft Support","https://support.microsoft.com/en-us/office/dollar-function-a6cd05d9-9740-4ad3-a469-8109d18ff611","Excel for the web","2026-02-28T22:19:32Z","source_only","pending","Applies-to extracted by ECS-EB-037 crawler."
"DROP","DROP function - Microsoft Support","https://support.microsoft.com/en-us/office/drop-function-1cb4e151-9e17-4838-abe5-9ba48d8c6a34","Excel 2024","2026-02-28T22:19:32Z","source_only","pending","Applies-to extracted by ECS-EB-037 crawler."
"DROP","DROP function - Microsoft Support","https://support.microsoft.com/en-us/office/drop-function-1cb4e151-9e17-4838-abe5-9ba48d8c6a34","Excel 2024 for Mac","2026-02-28T22:19:32Z","source_only","pending","Applies-to extracted by ECS-EB-037 crawler."
"DROP","DROP function - Microsoft Support","https://support.microsoft.com/en-us/office/drop-function-1cb4e151-9e17-4838-abe5-9ba48d8c6a34","Excel for Microsoft 365","2026-02-28T22:19:32Z","source_only","pending","Applies-to extracted by ECS-EB-037 crawler."
"DROP","DROP function - Microsoft Support","https://support.microsoft.com/en-us/office/drop-function-1cb4e151-9e17-4838-abe5-9ba48d8c6a34","Excel for Microsoft 365 for Mac","2026-02-28T22:19:32Z","source_only","pending","Applies-to extracted by ECS-EB-037 crawler."
"DROP","DROP function - Microsoft Support","https://support.microsoft.com/en-us/office/drop-function-1cb4e151-9e17-4838-abe5-9ba48d8c6a34","Excel for the web","2026-02-28T22:19:32Z","source_only","pending","Applies-to extracted by ECS-EB-037 crawler."
"ENCODEURL","ENCODEURL function - Microsoft Support","https://support.microsoft.com/en-us/office/encodeurl-function-07c7fb90-7c60-4bff-8687-fac50fe33d0e","Excel 2016","2026-02-28T22:19:32Z","source_only","pending","Applies-to extracted by ECS-EB-037 crawler."
"ENCODEURL","ENCODEURL function - Microsoft Support","https://support.microsoft.com/en-us/office/encodeurl-function-07c7fb90-7c60-4bff-8687-fac50fe33d0e","Excel 2019","2026-02-28T22:19:32Z","source_only","pending","Applies-to extracted by ECS-EB-037 crawler."
"ENCODEURL","ENCODEURL function - Microsoft Support","https://support.microsoft.com/en-us/office/encodeurl-function-07c7fb90-7c60-4bff-8687-fac50fe33d0e","Excel 2021","2026-02-28T22:19:32Z","source_only","pending","Applies-to extracted by ECS-EB-037 crawler."
"ENCODEURL","ENCODEURL function - Microsoft Support","https://support.microsoft.com/en-us/office/encodeurl-function-07c7fb90-7c60-4bff-8687-fac50fe33d0e","Excel 2024","2026-02-28T22:19:32Z","source_only","pending","Applies-to extracted by ECS-EB-037 crawler."
"ENCODEURL","ENCODEURL function - Microsoft Support","https://support.microsoft.com/en-us/office/encodeurl-function-07c7fb90-7c60-4bff-8687-fac50fe33d0e","Excel for Microsoft 365","2026-02-28T22:19:32Z","source_only","pending","Applies-to extracted by ECS-EB-037 crawler."
"EXPAND","EXPAND function - Microsoft Support","https://support.microsoft.com/en-us/office/expand-function-7433fba5-4ad1-41da-a904-d5d95808bc38","Excel 2024","2026-02-28T22:19:32Z","source_only","pending","Applies-to extracted by ECS-EB-037 crawler."
"EXPAND","EXPAND function - Microsoft Support","https://support.microsoft.com/en-us/office/expand-function-7433fba5-4ad1-41da-a904-d5d95808bc38","Excel 2024 for Mac","2026-02-28T22:19:32Z","source_only","pending","Applies-to extracted by ECS-EB-037 crawler."
"EXPAND","EXPAND function - Microsoft Support","https://support.microsoft.com/en-us/office/expand-function-7433fba5-4ad1-41da-a904-d5d95808bc38","Excel for Microsoft 365","2026-02-28T22:19:32Z","source_only","pending","Applies-to extracted by ECS-EB-037 crawler."
"EXPAND","EXPAND function - Microsoft Support","https://support.microsoft.com/en-us/office/expand-function-7433fba5-4ad1-41da-a904-d5d95808bc38","Excel for Microsoft 365 for Mac","2026-02-28T22:19:32Z","source_only","pending","Applies-to extracted by ECS-EB-037 crawler."
"EXPAND","EXPAND function - Microsoft Support","https://support.microsoft.com/en-us/office/expand-function-7433fba5-4ad1-41da-a904-d5d95808bc38","Excel for the web","2026-02-28T22:19:32Z","source_only","pending","Applies-to extracted by ECS-EB-037 crawler."
"FILTER","FILTER function - Microsoft Support","https://support.microsoft.com/en-us/office/filter-function-f4f7cb66-82eb-4767-8f7c-4877ad80c759","Excel 2021","2026-02-28T22:19:32Z","source_only","pending","Applies-to extracted by ECS-EB-037 crawler."
"FILTER","FILTER function - Microsoft Support","https://support.microsoft.com/en-us/office/filter-function-f4f7cb66-82eb-4767-8f7c-4877ad80c759","Excel 2021 for Mac","2026-02-28T22:19:32Z","source_only","pending","Applies-to extracted by ECS-EB-037 crawler."
"FILTER","FILTER function - Microsoft Support","https://support.microsoft.com/en-us/office/filter-function-f4f7cb66-82eb-4767-8f7c-4877ad80c759","Excel 2024","2026-02-28T22:19:32Z","source_only","pending","Applies-to extracted by ECS-EB-037 crawler."
"FILTER","FILTER function - Microsoft Support","https://support.microsoft.com/en-us/office/filter-function-f4f7cb66-82eb-4767-8f7c-4877ad80c759","Excel 2024 for Mac","2026-02-28T22:19:32Z","source_only","pending","Applies-to extracted by ECS-EB-037 crawler."
"FILTER","FILTER function - Microsoft Support","https://support.microsoft.com/en-us/office/filter-function-f4f7cb66-82eb-4767-8f7c-4877ad80c759","Excel for Android phones","2026-02-28T22:19:32Z","source_only","pending","Applies-to extracted by ECS-EB-037 crawler."
"FILTER","FILTER function - Microsoft Support","https://support.microsoft.com/en-us/office/filter-function-f4f7cb66-82eb-4767-8f7c-4877ad80c759","Excel for Android tablets","2026-02-28T22:19:32Z","source_only","pending","Applies-to extracted by ECS-EB-037 crawler."
"FILTER","FILTER function - Microsoft Support","https://support.microsoft.com/en-us/office/filter-function-f4f7cb66-82eb-4767-8f7c-4877ad80c759","Excel for iPad","2026-02-28T22:19:32Z","source_only","pending","Applies-to extracted by ECS-EB-037 crawler."
"FILTER","FILTER function - Microsoft Support","https://support.microsoft.com/en-us/office/filter-function-f4f7cb66-82eb-4767-8f7c-4877ad80c759","Excel for iPhone","2026-02-28T22:19:32Z","source_only","pending","Applies-to extracted by ECS-EB-037 crawler."
"FILTER","FILTER function - Microsoft Support","https://support.microsoft.com/en-us/office/filter-function-f4f7cb66-82eb-4767-8f7c-4877ad80c759","Excel for Microsoft 365","2026-02-28T22:19:32Z","source_only","pending","Applies-to extracted by ECS-EB-037 crawler."
"FILTER","FILTER function - Microsoft Support","https://support.microsoft.com/en-us/office/filter-function-f4f7cb66-82eb-4767-8f7c-4877ad80c759","Excel for Microsoft 365 for Mac","2026-02-28T22:19:32Z","source_only","pending","Applies-to extracted by ECS-EB-037 crawler."
"FILTER","FILTER function - Microsoft Support","https://support.microsoft.com/en-us/office/filter-function-f4f7cb66-82eb-4767-8f7c-4877ad80c759","Excel for the web","2026-02-28T22:19:32Z","source_only","pending","Applies-to extracted by ECS-EB-037 crawler."
"FILTER","FILTER function - Microsoft Support","https://support.microsoft.com/en-us/office/filter-function-f4f7cb66-82eb-4767-8f7c-4877ad80c759","Microsoft Office","2026-02-28T22:19:32Z","source_only","pending","Applies-to extracted by ECS-EB-037 crawler."
"FILTERXML","FILTERXML function - Microsoft Support","https://support.microsoft.com/en-us/office/filterxml-function-4df72efc-11ec-4951-86f5-c1374812f5b7","Excel 2016","2026-02-28T22:19:32Z","source_only","pending","Applies-to extracted by ECS-EB-037 crawler."
"FILTERXML","FILTERXML function - Microsoft Support","https://support.microsoft.com/en-us/office/filterxml-function-4df72efc-11ec-4951-86f5-c1374812f5b7","Excel 2019","2026-02-28T22:19:32Z","source_only","pending","Applies-to extracted by ECS-EB-037 crawler."
"FILTERXML","FILTERXML function - Microsoft Support","https://support.microsoft.com/en-us/office/filterxml-function-4df72efc-11ec-4951-86f5-c1374812f5b7","Excel 2021","2026-02-28T22:19:32Z","source_only","pending","Applies-to extracted by ECS-EB-037 crawler."
"FILTERXML","FILTERXML function - Microsoft Support","https://support.microsoft.com/en-us/office/filterxml-function-4df72efc-11ec-4951-86f5-c1374812f5b7","Excel 2024","2026-02-28T22:19:32Z","source_only","pending","Applies-to extracted by ECS-EB-037 crawler."
"FILTERXML","FILTERXML function - Microsoft Support","https://support.microsoft.com/en-us/office/filterxml-function-4df72efc-11ec-4951-86f5-c1374812f5b7","Excel for Microsoft 365","2026-02-28T22:19:32Z","source_only","pending","Applies-to extracted by ECS-EB-037 crawler."
"FILTERXML","FILTERXML function - Microsoft Support","https://support.microsoft.com/en-us/office/filterxml-function-4df72efc-11ec-4951-86f5-c1374812f5b7","Microsoft Office","2026-02-28T22:19:32Z","source_only","pending","Applies-to extracted by ECS-EB-037 crawler."
"FILTERXML","FILTERXML function - Microsoft Support","https://support.microsoft.com/en-us/office/filterxml-function-4df72efc-11ec-4951-86f5-c1374812f5b7","Microsoft365.com","2026-02-28T22:19:32Z","source_only","pending","Applies-to extracted by ECS-EB-037 crawler."
"FIXED","FIXED function - Microsoft Support","https://support.microsoft.com/en-us/office/fixed-function-ffd5723c-324c-45e9-8b96-e41be2a8274a","Excel 2016","2026-02-28T22:19:32Z","source_only","pending","Applies-to extracted by ECS-EB-037 crawler."
"FIXED","FIXED function - Microsoft Support","https://support.microsoft.com/en-us/office/fixed-function-ffd5723c-324c-45e9-8b96-e41be2a8274a","Excel 2019","2026-02-28T22:19:32Z","source_only","pending","Applies-to extracted by ECS-EB-037 crawler."
"FIXED","FIXED function - Microsoft Support","https://support.microsoft.com/en-us/office/fixed-function-ffd5723c-324c-45e9-8b96-e41be2a8274a","Excel 2021","2026-02-28T22:19:32Z","source_only","pending","Applies-to extracted by ECS-EB-037 crawler."
"FIXED","FIXED function - Microsoft Support","https://support.microsoft.com/en-us/office/fixed-function-ffd5723c-324c-45e9-8b96-e41be2a8274a","Excel 2021 for Mac","2026-02-28T22:19:32Z","source_only","pending","Applies-to extracted by ECS-EB-037 crawler."
"FIXED","FIXED function - Microsoft Support","https://support.microsoft.com/en-us/office/fixed-function-ffd5723c-324c-45e9-8b96-e41be2a8274a","Excel 2024","2026-02-28T22:19:32Z","source_only","pending","Applies-to extracted by ECS-EB-037 crawler."
"FIXED","FIXED function - Microsoft Support","https://support.microsoft.com/en-us/office/fixed-function-ffd5723c-324c-45e9-8b96-e41be2a8274a","Excel 2024 for Mac","2026-02-28T22:19:32Z","source_only","pending","Applies-to extracted by ECS-EB-037 crawler."
"FIXED","FIXED function - Microsoft Support","https://support.microsoft.com/en-us/office/fixed-function-ffd5723c-324c-45e9-8b96-e41be2a8274a","Excel for Microsoft 365","2026-02-28T22:19:32Z","source_only","pending","Applies-to extracted by ECS-EB-037 crawler."
"FIXED","FIXED function - Microsoft Support","https://support.microsoft.com/en-us/office/fixed-function-ffd5723c-324c-45e9-8b96-e41be2a8274a","Excel for Microsoft 365 for Mac","2026-02-28T22:19:32Z","source_only","pending","Applies-to extracted by ECS-EB-037 crawler."
"FIXED","FIXED function - Microsoft Support","https://support.microsoft.com/en-us/office/fixed-function-ffd5723c-324c-45e9-8b96-e41be2a8274a","Excel for the web","2026-02-28T22:19:32Z","source_only","pending","Applies-to extracted by ECS-EB-037 crawler."
"FORMULATEXT","FORMULATEXT function - Microsoft Support","https://support.microsoft.com/en-us/office/formulatext-function-0a786771-54fd-4ae2-96ee-09cda35439c8","Excel 2016","2026-02-28T22:19:32Z","source_only","pending","Applies-to extracted by ECS-EB-037 crawler."
"FORMULATEXT","FORMULATEXT function - Microsoft Support","https://support.microsoft.com/en-us/office/formulatext-function-0a786771-54fd-4ae2-96ee-09cda35439c8","Excel 2019","2026-02-28T22:19:32Z","source_only","pending","Applies-to extracted by ECS-EB-037 crawler."
"FORMULATEXT","FORMULATEXT function - Microsoft Support","https://support.microsoft.com/en-us/office/formulatext-function-0a786771-54fd-4ae2-96ee-09cda35439c8","Excel 2021","2026-02-28T22:19:32Z","source_only","pending","Applies-to extracted by ECS-EB-037 crawler."
"FORMULATEXT","FORMULATEXT function - Microsoft Support","https://support.microsoft.com/en-us/office/formulatext-function-0a786771-54fd-4ae2-96ee-09cda35439c8","Excel 2021 for Mac","2026-02-28T22:19:32Z","source_only","pending","Applies-to extracted by ECS-EB-037 crawler."
"FORMULATEXT","FORMULATEXT function - Microsoft Support","https://support.microsoft.com/en-us/office/formulatext-function-0a786771-54fd-4ae2-96ee-09cda35439c8","Excel 2024","2026-02-28T22:19:32Z","source_only","pending","Applies-to extracted by ECS-EB-037 crawler."
"FORMULATEXT","FORMULATEXT function - Microsoft Support","https://support.microsoft.com/en-us/office/formulatext-function-0a786771-54fd-4ae2-96ee-09cda35439c8","Excel 2024 for Mac","2026-02-28T22:19:32Z","source_only","pending","Applies-to extracted by ECS-EB-037 crawler."
"FORMULATEXT","FORMULATEXT function - Microsoft Support","https://support.microsoft.com/en-us/office/formulatext-function-0a786771-54fd-4ae2-96ee-09cda35439c8","Excel for Microsoft 365","2026-02-28T22:19:32Z","source_only","pending","Applies-to extracted by ECS-EB-037 crawler."
"FORMULATEXT","FORMULATEXT function - Microsoft Support","https://support.microsoft.com/en-us/office/formulatext-function-0a786771-54fd-4ae2-96ee-09cda35439c8","Excel for Microsoft 365 for Mac","2026-02-28T22:19:32Z","source_only","pending","Applies-to extracted by ECS-EB-037 crawler."
"FORMULATEXT","FORMULATEXT function - Microsoft Support","https://support.microsoft.com/en-us/office/formulatext-function-0a786771-54fd-4ae2-96ee-09cda35439c8","Excel for the web","2026-02-28T22:19:32Z","source_only","pending","Applies-to extracted by ECS-EB-037 crawler."
"FORMULATEXT","FORMULATEXT function - Microsoft Support","https://support.microsoft.com/en-us/office/formulatext-function-0a786771-54fd-4ae2-96ee-09cda35439c8","Microsoft Office","2026-02-28T22:19:32Z","source_only","pending","Applies-to extracted by ECS-EB-037 crawler."
"FORMULATEXT","FORMULATEXT function - Microsoft Support","https://support.microsoft.com/en-us/office/formulatext-function-0a786771-54fd-4ae2-96ee-09cda35439c8","Microsoft365.com","2026-02-28T22:19:32Z","source_only","pending","Applies-to extracted by ECS-EB-037 crawler."
"GROUPBY","GROUPBY function - Microsoft Support","https://support.microsoft.com/en-us/office/groupby-function-5e08ae8c-6800-4b72-b623-c41773611505","Excel for Microsoft 365","2026-02-28T11:45:00Z","source_only","pending",""
"GROUPBY","GROUPBY function - Microsoft Support","https://support.microsoft.com/en-us/office/groupby-function-5e08ae8c-6800-4b72-b623-c41773611505","Microsoft Office","2026-02-28T11:45:00Z","source_only","pending",""
"GROUPBY","GROUPBY function - Microsoft Support","https://support.microsoft.com/en-us/office/groupby-function-5e08ae8c-6800-4b72-b623-c41773611505","Microsoft365.com","2026-02-28T11:45:00Z","source_only","pending",""
"HSTACK","HSTACK function - Microsoft Support","https://support.microsoft.com/en-us/office/hstack-function-98c4ab76-10fe-4b4f-8d5f-af1c125fe8c2","Excel 2024","2026-02-28T22:19:32Z","source_only","pending","Applies-to extracted by ECS-EB-037 crawler."
"HSTACK","HSTACK function - Microsoft Support","https://support.microsoft.com/en-us/office/hstack-function-98c4ab76-10fe-4b4f-8d5f-af1c125fe8c2","Excel 2024 for Mac","2026-02-28T22:19:32Z","source_only","pending","Applies-to extracted by ECS-EB-037 crawler."
"HSTACK","HSTACK function - Microsoft Support","https://support.microsoft.com/en-us/office/hstack-function-98c4ab76-10fe-4b4f-8d5f-af1c125fe8c2","Excel for Microsoft 365","2026-02-28T22:19:32Z","source_only","pending","Applies-to extracted by ECS-EB-037 crawler."
"HSTACK","HSTACK function - Microsoft Support","https://support.microsoft.com/en-us/office/hstack-function-98c4ab76-10fe-4b4f-8d5f-af1c125fe8c2","Excel for Microsoft 365 for Mac","2026-02-28T22:19:32Z","source_only","pending","Applies-to extracted by ECS-EB-037 crawler."
"HSTACK","HSTACK function - Microsoft Support","https://support.microsoft.com/en-us/office/hstack-function-98c4ab76-10fe-4b4f-8d5f-af1c125fe8c2","Excel for the web","2026-02-28T22:19:32Z","source_only","pending","Applies-to extracted by ECS-EB-037 crawler."
"INDEX","INDEX function - Microsoft Support","https://support.microsoft.com/en-us/office/index-function-a5dcf0dd-996d-40a4-a822-b56b061328bd","Excel 2016","2026-02-28T22:19:32Z","source_only","pending","Applies-to extracted by ECS-EB-037 crawler."
"INDEX","INDEX function - Microsoft Support","https://support.microsoft.com/en-us/office/index-function-a5dcf0dd-996d-40a4-a822-b56b061328bd","Excel 2019","2026-02-28T22:19:32Z","source_only","pending","Applies-to extracted by ECS-EB-037 crawler."
"INDEX","INDEX function - Microsoft Support","https://support.microsoft.com/en-us/office/index-function-a5dcf0dd-996d-40a4-a822-b56b061328bd","Excel 2021","2026-02-28T22:19:32Z","source_only","pending","Applies-to extracted by ECS-EB-037 crawler."
"INDEX","INDEX function - Microsoft Support","https://support.microsoft.com/en-us/office/index-function-a5dcf0dd-996d-40a4-a822-b56b061328bd","Excel 2021 for Mac","2026-02-28T22:19:32Z","source_only","pending","Applies-to extracted by ECS-EB-037 crawler."
"INDEX","INDEX function - Microsoft Support","https://support.microsoft.com/en-us/office/index-function-a5dcf0dd-996d-40a4-a822-b56b061328bd","Excel 2024","2026-02-28T22:19:32Z","source_only","pending","Applies-to extracted by ECS-EB-037 crawler."
"INDEX","INDEX function - Microsoft Support","https://support.microsoft.com/en-us/office/index-function-a5dcf0dd-996d-40a4-a822-b56b061328bd","Excel 2024 for Mac","2026-02-28T22:19:32Z","source_only","pending","Applies-to extracted by ECS-EB-037 crawler."
"INDEX","INDEX function - Microsoft Support","https://support.microsoft.com/en-us/office/index-function-a5dcf0dd-996d-40a4-a822-b56b061328bd","Excel for Microsoft 365","2026-02-28T22:19:32Z","source_only","pending","Applies-to extracted by ECS-EB-037 crawler."
"INDEX","INDEX function - Microsoft Support","https://support.microsoft.com/en-us/office/index-function-a5dcf0dd-996d-40a4-a822-b56b061328bd","Excel for Microsoft 365 for Mac","2026-02-28T22:19:32Z","source_only","pending","Applies-to extracted by ECS-EB-037 crawler."
"INDEX","INDEX function - Microsoft Support","https://support.microsoft.com/en-us/office/index-function-a5dcf0dd-996d-40a4-a822-b56b061328bd","Excel for the web","2026-02-28T22:19:32Z","source_only","pending","Applies-to extracted by ECS-EB-037 crawler."
"INDEX","INDEX function - Microsoft Support","https://support.microsoft.com/en-us/office/index-function-a5dcf0dd-996d-40a4-a822-b56b061328bd","Microsoft Office","2026-02-28T22:19:32Z","source_only","pending","Applies-to extracted by ECS-EB-037 crawler."
"INDIRECT","INDIRECT function - Microsoft Support","https://support.microsoft.com/en-us/office/indirect-function-474b3a3a-8a26-4f44-b491-92b6306fa261","Excel 2016","2026-02-28T22:19:32Z","source_only","pending","Applies-to extracted by ECS-EB-037 crawler."
"INDIRECT","INDIRECT function - Microsoft Support","https://support.microsoft.com/en-us/office/indirect-function-474b3a3a-8a26-4f44-b491-92b6306fa261","Excel 2019","2026-02-28T22:19:32Z","source_only","pending","Applies-to extracted by ECS-EB-037 crawler."
"INDIRECT","INDIRECT function - Microsoft Support","https://support.microsoft.com/en-us/office/indirect-function-474b3a3a-8a26-4f44-b491-92b6306fa261","Excel 2021","2026-02-28T22:19:32Z","source_only","pending","Applies-to extracted by ECS-EB-037 crawler."
"INDIRECT","INDIRECT function - Microsoft Support","https://support.microsoft.com/en-us/office/indirect-function-474b3a3a-8a26-4f44-b491-92b6306fa261","Excel 2021 for Mac","2026-02-28T22:19:32Z","source_only","pending","Applies-to extracted by ECS-EB-037 crawler."
"INDIRECT","INDIRECT function - Microsoft Support","https://support.microsoft.com/en-us/office/indirect-function-474b3a3a-8a26-4f44-b491-92b6306fa261","Excel 2024","2026-02-28T22:19:32Z","source_only","pending","Applies-to extracted by ECS-EB-037 crawler."
"INDIRECT","INDIRECT function - Microsoft Support","https://support.microsoft.com/en-us/office/indirect-function-474b3a3a-8a26-4f44-b491-92b6306fa261","Excel 2024 for Mac","2026-02-28T22:19:32Z","source_only","pending","Applies-to extracted by ECS-EB-037 crawler."
"INDIRECT","INDIRECT function - Microsoft Support","https://support.microsoft.com/en-us/office/indirect-function-474b3a3a-8a26-4f44-b491-92b6306fa261","Excel for Microsoft 365","2026-02-28T22:19:32Z","source_only","pending","Applies-to extracted by ECS-EB-037 crawler."
"INDIRECT","INDIRECT function - Microsoft Support","https://support.microsoft.com/en-us/office/indirect-function-474b3a3a-8a26-4f44-b491-92b6306fa261","Excel for Microsoft 365 for Mac","2026-02-28T22:19:32Z","source_only","pending","Applies-to extracted by ECS-EB-037 crawler."
"INDIRECT","INDIRECT function - Microsoft Support","https://support.microsoft.com/en-us/office/indirect-function-474b3a3a-8a26-4f44-b491-92b6306fa261","Excel for the web","2026-02-28T22:19:32Z","source_only","pending","Applies-to extracted by ECS-EB-037 crawler."
"INDIRECT","INDIRECT function - Microsoft Support","https://support.microsoft.com/en-us/office/indirect-function-474b3a3a-8a26-4f44-b491-92b6306fa261","Microsoft Office","2026-02-28T22:19:32Z","source_only","pending","Applies-to extracted by ECS-EB-037 crawler."
"INFO","INFO function - Microsoft Support","https://support.microsoft.com/en-us/office/info-function-725f259a-0e4b-49b3-8b52-58815c69acae","Excel 2016","2026-02-28T22:19:32Z","source_only","pending","Applies-to extracted by ECS-EB-037 crawler."
"INFO","INFO function - Microsoft Support","https://support.microsoft.com/en-us/office/info-function-725f259a-0e4b-49b3-8b52-58815c69acae","Excel 2019","2026-02-28T22:19:32Z","source_only","pending","Applies-to extracted by ECS-EB-037 crawler."
"INFO","INFO function - Microsoft Support","https://support.microsoft.com/en-us/office/info-function-725f259a-0e4b-49b3-8b52-58815c69acae","Excel 2021","2026-02-28T22:19:32Z","source_only","pending","Applies-to extracted by ECS-EB-037 crawler."
"INFO","INFO function - Microsoft Support","https://support.microsoft.com/en-us/office/info-function-725f259a-0e4b-49b3-8b52-58815c69acae","Excel 2021 for Mac","2026-02-28T22:19:32Z","source_only","pending","Applies-to extracted by ECS-EB-037 crawler."
"INFO","INFO function - Microsoft Support","https://support.microsoft.com/en-us/office/info-function-725f259a-0e4b-49b3-8b52-58815c69acae","Excel 2024","2026-02-28T22:19:32Z","source_only","pending","Applies-to extracted by ECS-EB-037 crawler."
"INFO","INFO function - Microsoft Support","https://support.microsoft.com/en-us/office/info-function-725f259a-0e4b-49b3-8b52-58815c69acae","Excel 2024 for Mac","2026-02-28T22:19:32Z","source_only","pending","Applies-to extracted by ECS-EB-037 crawler."
"INFO","INFO function - Microsoft Support","https://support.microsoft.com/en-us/office/info-function-725f259a-0e4b-49b3-8b52-58815c69acae","Excel for Android phones","2026-02-28T22:19:32Z","source_only","pending","Applies-to extracted by ECS-EB-037 crawler."
"INFO","INFO function - Microsoft Support","https://support.microsoft.com/en-us/office/info-function-725f259a-0e4b-49b3-8b52-58815c69acae","Excel for Android tablets","2026-02-28T22:19:32Z","source_only","pending","Applies-to extracted by ECS-EB-037 crawler."
"INFO","INFO function - Microsoft Support","https://support.microsoft.com/en-us/office/info-function-725f259a-0e4b-49b3-8b52-58815c69acae","Excel for iPad","2026-02-28T22:19:32Z","source_only","pending","Applies-to extracted by ECS-EB-037 crawler."
"INFO","INFO function - Microsoft Support","https://support.microsoft.com/en-us/office/info-function-725f259a-0e4b-49b3-8b52-58815c69acae","Excel for iPhone","2026-02-28T22:19:32Z","source_only","pending","Applies-to extracted by ECS-EB-037 crawler."
"INFO","INFO function - Microsoft Support","https://support.microsoft.com/en-us/office/info-function-725f259a-0e4b-49b3-8b52-58815c69acae","Excel for Microsoft 365","2026-02-28T22:19:32Z","source_only","pending","Applies-to extracted by ECS-EB-037 crawler."
"INFO","INFO function - Microsoft Support","https://support.microsoft.com/en-us/office/info-function-725f259a-0e4b-49b3-8b52-58815c69acae","Excel for Microsoft 365 for Mac","2026-02-28T22:19:32Z","source_only","pending","Applies-to extracted by ECS-EB-037 crawler."
"INFO","INFO function - Microsoft Support","https://support.microsoft.com/en-us/office/info-function-725f259a-0e4b-49b3-8b52-58815c69acae","Excel for the web","2026-02-28T22:19:32Z","source_only","pending","Applies-to extracted by ECS-EB-037 crawler."
"ISOMITTED","ISOMITTED function - Microsoft Support","https://support.microsoft.com/en-us/office/isomitted-function-831d6fbc-0f07-40c4-9c5b-9c73fd1d60c1","Excel 2024","2026-02-28T22:19:32Z","source_only","pending","Applies-to extracted by ECS-EB-037 crawler."
"ISOMITTED","ISOMITTED function - Microsoft Support","https://support.microsoft.com/en-us/office/isomitted-function-831d6fbc-0f07-40c4-9c5b-9c73fd1d60c1","Excel 2024 for Mac","2026-02-28T22:19:32Z","source_only","pending","Applies-to extracted by ECS-EB-037 crawler."
"ISOMITTED","ISOMITTED function - Microsoft Support","https://support.microsoft.com/en-us/office/isomitted-function-831d6fbc-0f07-40c4-9c5b-9c73fd1d60c1","Excel for Microsoft 365","2026-02-28T22:19:32Z","source_only","pending","Applies-to extracted by ECS-EB-037 crawler."
"ISOMITTED","ISOMITTED function - Microsoft Support","https://support.microsoft.com/en-us/office/isomitted-function-831d6fbc-0f07-40c4-9c5b-9c73fd1d60c1","Excel for Microsoft 365 for Mac","2026-02-28T22:19:32Z","source_only","pending","Applies-to extracted by ECS-EB-037 crawler."
"ISOMITTED","ISOMITTED function - Microsoft Support","https://support.microsoft.com/en-us/office/isomitted-function-831d6fbc-0f07-40c4-9c5b-9c73fd1d60c1","Excel for the web","2026-02-28T22:19:32Z","source_only","pending","Applies-to extracted by ECS-EB-037 crawler."
"LAMBDA","LAMBDA function - Microsoft Support","https://support.microsoft.com/en-us/office/lambda-function-bd212d27-1cd1-4321-a34a-ccbf254b8b67","Excel 2024","2026-02-28T11:45:00Z","source_only","pending",""
"LAMBDA","LAMBDA function - Microsoft Support","https://support.microsoft.com/en-us/office/lambda-function-bd212d27-1cd1-4321-a34a-ccbf254b8b67","Excel 2024 for Mac","2026-02-28T11:45:00Z","source_only","pending",""
"LAMBDA","LAMBDA function - Microsoft Support","https://support.microsoft.com/en-us/office/lambda-function-bd212d27-1cd1-4321-a34a-ccbf254b8b67","Excel for Microsoft 365","2026-02-28T11:45:00Z","source_only","pending",""
"LAMBDA","LAMBDA function - Microsoft Support","https://support.microsoft.com/en-us/office/lambda-function-bd212d27-1cd1-4321-a34a-ccbf254b8b67","Excel for Microsoft 365 for Mac","2026-02-28T11:45:00Z","source_only","pending",""
"LAMBDA","LAMBDA function - Microsoft Support","https://support.microsoft.com/en-us/office/lambda-function-bd212d27-1cd1-4321-a34a-ccbf254b8b67","Excel for the web","2026-02-28T11:45:00Z","source_only","pending",""
"LET","LET function - Microsoft Support","https://support.microsoft.com/en-us/office/let-function-34842dd8-b92b-4d3f-b325-b8b8f9908999","Excel 2021","2026-02-28T22:19:32Z","source_only","pending","Applies-to extracted by ECS-EB-037 crawler."
"LET","LET function - Microsoft Support","https://support.microsoft.com/en-us/office/let-function-34842dd8-b92b-4d3f-b325-b8b8f9908999","Excel 2021 for Mac","2026-02-28T22:19:32Z","source_only","pending","Applies-to extracted by ECS-EB-037 crawler."
"LET","LET function - Microsoft Support","https://support.microsoft.com/en-us/office/let-function-34842dd8-b92b-4d3f-b325-b8b8f9908999","Excel 2024","2026-02-28T22:19:32Z","source_only","pending","Applies-to extracted by ECS-EB-037 crawler."
"LET","LET function - Microsoft Support","https://support.microsoft.com/en-us/office/let-function-34842dd8-b92b-4d3f-b325-b8b8f9908999","Excel 2024 for Mac","2026-02-28T22:19:32Z","source_only","pending","Applies-to extracted by ECS-EB-037 crawler."
"LET","LET function - Microsoft Support","https://support.microsoft.com/en-us/office/let-function-34842dd8-b92b-4d3f-b325-b8b8f9908999","Excel for Microsoft 365","2026-02-28T22:19:32Z","source_only","pending","Applies-to extracted by ECS-EB-037 crawler."
"LET","LET function - Microsoft Support","https://support.microsoft.com/en-us/office/let-function-34842dd8-b92b-4d3f-b325-b8b8f9908999","Excel for Microsoft 365 for Mac","2026-02-28T22:19:32Z","source_only","pending","Applies-to extracted by ECS-EB-037 crawler."
"LET","LET function - Microsoft Support","https://support.microsoft.com/en-us/office/let-function-34842dd8-b92b-4d3f-b325-b8b8f9908999","Excel for the web","2026-02-28T22:19:32Z","source_only","pending","Applies-to extracted by ECS-EB-037 crawler."
"MAKEARRAY","MAKEARRAY function - Microsoft Support","https://support.microsoft.com/en-us/office/makearray-function-b80da5ad-b338-4149-a523-5b221da09097","Excel for Microsoft 365","2026-02-28T22:19:32Z","source_only","pending","Applies-to extracted by ECS-EB-037 crawler."
"MAKEARRAY","MAKEARRAY function - Microsoft Support","https://support.microsoft.com/en-us/office/makearray-function-b80da5ad-b338-4149-a523-5b221da09097","Excel for Microsoft 365 for Mac","2026-02-28T22:19:32Z","source_only","pending","Applies-to extracted by ECS-EB-037 crawler."
"MAKEARRAY","MAKEARRAY function - Microsoft Support","https://support.microsoft.com/en-us/office/makearray-function-b80da5ad-b338-4149-a523-5b221da09097","Excel for the web","2026-02-28T22:19:32Z","source_only","pending","Applies-to extracted by ECS-EB-037 crawler."
"MAKEARRAY","MAKEARRAY function - Microsoft Support","https://support.microsoft.com/en-us/office/makearray-function-b80da5ad-b338-4149-a523-5b221da09097","Microsoft Office","2026-02-28T22:19:32Z","source_only","pending","Applies-to extracted by ECS-EB-037 crawler."
"MAP","MAP function - Microsoft Support","https://support.microsoft.com/en-us/office/map-function-48006093-f97c-47c1-bfcc-749263bb1f01","Excel 2024","2026-02-28T22:19:32Z","source_only","pending","Applies-to extracted by ECS-EB-037 crawler."
"MAP","MAP function - Microsoft Support","https://support.microsoft.com/en-us/office/map-function-48006093-f97c-47c1-bfcc-749263bb1f01","Excel 2024 for Mac","2026-02-28T22:19:32Z","source_only","pending","Applies-to extracted by ECS-EB-037 crawler."
"MAP","MAP function - Microsoft Support","https://support.microsoft.com/en-us/office/map-function-48006093-f97c-47c1-bfcc-749263bb1f01","Excel for Microsoft 365","2026-02-28T22:19:32Z","source_only","pending","Applies-to extracted by ECS-EB-037 crawler."
"MAP","MAP function - Microsoft Support","https://support.microsoft.com/en-us/office/map-function-48006093-f97c-47c1-bfcc-749263bb1f01","Excel for Microsoft 365 for Mac","2026-02-28T22:19:32Z","source_only","pending","Applies-to extracted by ECS-EB-037 crawler."
"MAP","MAP function - Microsoft Support","https://support.microsoft.com/en-us/office/map-function-48006093-f97c-47c1-bfcc-749263bb1f01","Excel for the web","2026-02-28T22:19:32Z","source_only","pending","Applies-to extracted by ECS-EB-037 crawler."
"N","N function - Microsoft Support","https://support.microsoft.com/en-us/office/n-function-a624cad1-3635-4208-b54a-29733d1278c9","Excel 2016","2026-02-28T22:19:32Z","source_only","pending","Applies-to extracted by ECS-EB-037 crawler."
"N","N function - Microsoft Support","https://support.microsoft.com/en-us/office/n-function-a624cad1-3635-4208-b54a-29733d1278c9","Excel 2019","2026-02-28T22:19:32Z","source_only","pending","Applies-to extracted by ECS-EB-037 crawler."
"N","N function - Microsoft Support","https://support.microsoft.com/en-us/office/n-function-a624cad1-3635-4208-b54a-29733d1278c9","Excel 2021","2026-02-28T22:19:32Z","source_only","pending","Applies-to extracted by ECS-EB-037 crawler."
"N","N function - Microsoft Support","https://support.microsoft.com/en-us/office/n-function-a624cad1-3635-4208-b54a-29733d1278c9","Excel 2021 for Mac","2026-02-28T22:19:32Z","source_only","pending","Applies-to extracted by ECS-EB-037 crawler."
"N","N function - Microsoft Support","https://support.microsoft.com/en-us/office/n-function-a624cad1-3635-4208-b54a-29733d1278c9","Excel 2024","2026-02-28T22:19:32Z","source_only","pending","Applies-to extracted by ECS-EB-037 crawler."
"N","N function - Microsoft Support","https://support.microsoft.com/en-us/office/n-function-a624cad1-3635-4208-b54a-29733d1278c9","Excel 2024 for Mac","2026-02-28T22:19:32Z","source_only","pending","Applies-to extracted by ECS-EB-037 crawler."
"N","N function - Microsoft Support","https://support.microsoft.com/en-us/office/n-function-a624cad1-3635-4208-b54a-29733d1278c9","Excel for Microsoft 365","2026-02-28T22:19:32Z","source_only","pending","Applies-to extracted by ECS-EB-037 crawler."
"N","N function - Microsoft Support","https://support.microsoft.com/en-us/office/n-function-a624cad1-3635-4208-b54a-29733d1278c9","Excel for Microsoft 365 for Mac","2026-02-28T22:19:32Z","source_only","pending","Applies-to extracted by ECS-EB-037 crawler."
"N","N function - Microsoft Support","https://support.microsoft.com/en-us/office/n-function-a624cad1-3635-4208-b54a-29733d1278c9","Excel for the web","2026-02-28T22:19:32Z","source_only","pending","Applies-to extracted by ECS-EB-037 crawler."
"NOW","NOW function - Microsoft Support","https://support.microsoft.com/en-us/office/now-function-3337fd29-145a-4347-b2e6-20c904739c46","Excel 2016","2026-02-28T22:19:32Z","source_only","pending","Applies-to extracted by ECS-EB-037 crawler."
"NOW","NOW function - Microsoft Support","https://support.microsoft.com/en-us/office/now-function-3337fd29-145a-4347-b2e6-20c904739c46","Excel 2019","2026-02-28T22:19:32Z","source_only","pending","Applies-to extracted by ECS-EB-037 crawler."
"NOW","NOW function - Microsoft Support","https://support.microsoft.com/en-us/office/now-function-3337fd29-145a-4347-b2e6-20c904739c46","Excel 2021","2026-02-28T22:19:32Z","source_only","pending","Applies-to extracted by ECS-EB-037 crawler."
"NOW","NOW function - Microsoft Support","https://support.microsoft.com/en-us/office/now-function-3337fd29-145a-4347-b2e6-20c904739c46","Excel 2021 for Mac","2026-02-28T22:19:32Z","source_only","pending","Applies-to extracted by ECS-EB-037 crawler."
"NOW","NOW function - Microsoft Support","https://support.microsoft.com/en-us/office/now-function-3337fd29-145a-4347-b2e6-20c904739c46","Excel 2024","2026-02-28T22:19:32Z","source_only","pending","Applies-to extracted by ECS-EB-037 crawler."
"NOW","NOW function - Microsoft Support","https://support.microsoft.com/en-us/office/now-function-3337fd29-145a-4347-b2e6-20c904739c46","Excel 2024 for Mac","2026-02-28T22:19:32Z","source_only","pending","Applies-to extracted by ECS-EB-037 crawler."
"NOW","NOW function - Microsoft Support","https://support.microsoft.com/en-us/office/now-function-3337fd29-145a-4347-b2e6-20c904739c46","Excel for Microsoft 365","2026-02-28T22:19:32Z","source_only","pending","Applies-to extracted by ECS-EB-037 crawler."
"NOW","NOW function - Microsoft Support","https://support.microsoft.com/en-us/office/now-function-3337fd29-145a-4347-b2e6-20c904739c46","Excel for Microsoft 365 for Mac","2026-02-28T22:19:32Z","source_only","pending","Applies-to extracted by ECS-EB-037 crawler."
"NOW","NOW function - Microsoft Support","https://support.microsoft.com/en-us/office/now-function-3337fd29-145a-4347-b2e6-20c904739c46","Excel for the web","2026-02-28T22:19:32Z","source_only","pending","Applies-to extracted by ECS-EB-037 crawler."
"NOW","NOW function - Microsoft Support","https://support.microsoft.com/en-us/office/now-function-3337fd29-145a-4347-b2e6-20c904739c46","Microsoft Office","2026-02-28T22:19:32Z","source_only","pending","Applies-to extracted by ECS-EB-037 crawler."
"OFFSET","OFFSET function - Microsoft Support","https://support.microsoft.com/en-us/office/offset-function-c8de19ae-dd79-4b9b-a14e-b4d906d11b66","Excel 2016","2026-02-28T22:19:32Z","source_only","pending","Applies-to extracted by ECS-EB-037 crawler."
"OFFSET","OFFSET function - Microsoft Support","https://support.microsoft.com/en-us/office/offset-function-c8de19ae-dd79-4b9b-a14e-b4d906d11b66","Excel 2019","2026-02-28T22:19:32Z","source_only","pending","Applies-to extracted by ECS-EB-037 crawler."
"OFFSET","OFFSET function - Microsoft Support","https://support.microsoft.com/en-us/office/offset-function-c8de19ae-dd79-4b9b-a14e-b4d906d11b66","Excel 2021","2026-02-28T22:19:32Z","source_only","pending","Applies-to extracted by ECS-EB-037 crawler."
"OFFSET","OFFSET function - Microsoft Support","https://support.microsoft.com/en-us/office/offset-function-c8de19ae-dd79-4b9b-a14e-b4d906d11b66","Excel 2021 for Mac","2026-02-28T22:19:32Z","source_only","pending","Applies-to extracted by ECS-EB-037 crawler."
"OFFSET","OFFSET function - Microsoft Support","https://support.microsoft.com/en-us/office/offset-function-c8de19ae-dd79-4b9b-a14e-b4d906d11b66","Excel 2024","2026-02-28T22:19:32Z","source_only","pending","Applies-to extracted by ECS-EB-037 crawler."
"OFFSET","OFFSET function - Microsoft Support","https://support.microsoft.com/en-us/office/offset-function-c8de19ae-dd79-4b9b-a14e-b4d906d11b66","Excel 2024 for Mac","2026-02-28T22:19:32Z","source_only","pending","Applies-to extracted by ECS-EB-037 crawler."
"OFFSET","OFFSET function - Microsoft Support","https://support.microsoft.com/en-us/office/offset-function-c8de19ae-dd79-4b9b-a14e-b4d906d11b66","Excel for Microsoft 365","2026-02-28T22:19:32Z","source_only","pending","Applies-to extracted by ECS-EB-037 crawler."
"OFFSET","OFFSET function - Microsoft Support","https://support.microsoft.com/en-us/office/offset-function-c8de19ae-dd79-4b9b-a14e-b4d906d11b66","Excel for Microsoft 365 for Mac","2026-02-28T22:19:32Z","source_only","pending","Applies-to extracted by ECS-EB-037 crawler."
"OFFSET","OFFSET function - Microsoft Support","https://support.microsoft.com/en-us/office/offset-function-c8de19ae-dd79-4b9b-a14e-b4d906d11b66","Excel for the web","2026-02-28T22:19:32Z","source_only","pending","Applies-to extracted by ECS-EB-037 crawler."
"OFFSET","OFFSET function - Microsoft Support","https://support.microsoft.com/en-us/office/offset-function-c8de19ae-dd79-4b9b-a14e-b4d906d11b66","Microsoft Office","2026-02-28T22:19:32Z","source_only","pending","Applies-to extracted by ECS-EB-037 crawler."
"PIVOTBY","PIVOTBY function - Microsoft Support","https://support.microsoft.com/en-us/office/pivotby-function-de86516a-90ad-4ced-8522-3a25fac389cf","Excel 2021","2026-02-28T11:45:00Z","source_only","pending",""
"PIVOTBY","PIVOTBY function - Microsoft Support","https://support.microsoft.com/en-us/office/pivotby-function-de86516a-90ad-4ced-8522-3a25fac389cf","Excel 2021 for Mac","2026-02-28T11:45:00Z","source_only","pending",""
"PIVOTBY","PIVOTBY function - Microsoft Support","https://support.microsoft.com/en-us/office/pivotby-function-de86516a-90ad-4ced-8522-3a25fac389cf","Excel 2024","2026-02-28T11:45:00Z","source_only","pending",""
"PIVOTBY","PIVOTBY function - Microsoft Support","https://support.microsoft.com/en-us/office/pivotby-function-de86516a-90ad-4ced-8522-3a25fac389cf","Excel 2024 for Mac","2026-02-28T11:45:00Z","source_only","pending",""
"PIVOTBY","PIVOTBY function - Microsoft Support","https://support.microsoft.com/en-us/office/pivotby-function-de86516a-90ad-4ced-8522-3a25fac389cf","Excel for Microsoft 365","2026-02-28T11:45:00Z","source_only","pending",""
"PIVOTBY","PIVOTBY function - Microsoft Support","https://support.microsoft.com/en-us/office/pivotby-function-de86516a-90ad-4ced-8522-3a25fac389cf","Excel for Microsoft 365 for Mac","2026-02-28T11:45:00Z","source_only","pending",""
"RAND","RAND function - Microsoft Support","https://support.microsoft.com/en-us/office/rand-function-4cbfa695-8869-4788-8d90-021ea9f5be73","Excel 2016","2026-02-28T22:19:32Z","source_only","pending","Applies-to extracted by ECS-EB-037 crawler."
"RAND","RAND function - Microsoft Support","https://support.microsoft.com/en-us/office/rand-function-4cbfa695-8869-4788-8d90-021ea9f5be73","Excel 2019","2026-02-28T22:19:32Z","source_only","pending","Applies-to extracted by ECS-EB-037 crawler."
"RAND","RAND function - Microsoft Support","https://support.microsoft.com/en-us/office/rand-function-4cbfa695-8869-4788-8d90-021ea9f5be73","Excel 2021","2026-02-28T22:19:32Z","source_only","pending","Applies-to extracted by ECS-EB-037 crawler."
"RAND","RAND function - Microsoft Support","https://support.microsoft.com/en-us/office/rand-function-4cbfa695-8869-4788-8d90-021ea9f5be73","Excel 2021 for Mac","2026-02-28T22:19:32Z","source_only","pending","Applies-to extracted by ECS-EB-037 crawler."
"RAND","RAND function - Microsoft Support","https://support.microsoft.com/en-us/office/rand-function-4cbfa695-8869-4788-8d90-021ea9f5be73","Excel 2024","2026-02-28T22:19:32Z","source_only","pending","Applies-to extracted by ECS-EB-037 crawler."
"RAND","RAND function - Microsoft Support","https://support.microsoft.com/en-us/office/rand-function-4cbfa695-8869-4788-8d90-021ea9f5be73","Excel 2024 for Mac","2026-02-28T22:19:32Z","source_only","pending","Applies-to extracted by ECS-EB-037 crawler."
"RAND","RAND function - Microsoft Support","https://support.microsoft.com/en-us/office/rand-function-4cbfa695-8869-4788-8d90-021ea9f5be73","Excel for Microsoft 365","2026-02-28T22:19:32Z","source_only","pending","Applies-to extracted by ECS-EB-037 crawler."
"RAND","RAND function - Microsoft Support","https://support.microsoft.com/en-us/office/rand-function-4cbfa695-8869-4788-8d90-021ea9f5be73","Excel for Microsoft 365 for Mac","2026-02-28T22:19:32Z","source_only","pending","Applies-to extracted by ECS-EB-037 crawler."
"RAND","RAND function - Microsoft Support","https://support.microsoft.com/en-us/office/rand-function-4cbfa695-8869-4788-8d90-021ea9f5be73","Excel for the web","2026-02-28T22:19:32Z","source_only","pending","Applies-to extracted by ECS-EB-037 crawler."
"RAND","RAND function - Microsoft Support","https://support.microsoft.com/en-us/office/rand-function-4cbfa695-8869-4788-8d90-021ea9f5be73","Microsoft Office","2026-02-28T22:19:32Z","source_only","pending","Applies-to extracted by ECS-EB-037 crawler."
"RANDARRAY","RANDARRAY function - Microsoft Support","https://support.microsoft.com/en-us/office/randarray-function-21261e55-3bec-4885-86a6-8b0a47fd4d33","Excel 2021","2026-02-28T22:19:32Z","source_only","pending","Applies-to extracted by ECS-EB-037 crawler."
"RANDARRAY","RANDARRAY function - Microsoft Support","https://support.microsoft.com/en-us/office/randarray-function-21261e55-3bec-4885-86a6-8b0a47fd4d33","Excel 2021 for Mac","2026-02-28T22:19:32Z","source_only","pending","Applies-to extracted by ECS-EB-037 crawler."
"RANDARRAY","RANDARRAY function - Microsoft Support","https://support.microsoft.com/en-us/office/randarray-function-21261e55-3bec-4885-86a6-8b0a47fd4d33","Excel 2024","2026-02-28T22:19:32Z","source_only","pending","Applies-to extracted by ECS-EB-037 crawler."
"RANDARRAY","RANDARRAY function - Microsoft Support","https://support.microsoft.com/en-us/office/randarray-function-21261e55-3bec-4885-86a6-8b0a47fd4d33","Excel 2024 for Mac","2026-02-28T22:19:32Z","source_only","pending","Applies-to extracted by ECS-EB-037 crawler."
"RANDARRAY","RANDARRAY function - Microsoft Support","https://support.microsoft.com/en-us/office/randarray-function-21261e55-3bec-4885-86a6-8b0a47fd4d33","Excel for Android phones","2026-02-28T22:19:32Z","source_only","pending","Applies-to extracted by ECS-EB-037 crawler."
"RANDARRAY","RANDARRAY function - Microsoft Support","https://support.microsoft.com/en-us/office/randarray-function-21261e55-3bec-4885-86a6-8b0a47fd4d33","Excel for Android tablets","2026-02-28T22:19:32Z","source_only","pending","Applies-to extracted by ECS-EB-037 crawler."
"RANDARRAY","RANDARRAY function - Microsoft Support","https://support.microsoft.com/en-us/office/randarray-function-21261e55-3bec-4885-86a6-8b0a47fd4d33","Excel for iPad","2026-02-28T22:19:32Z","source_only","pending","Applies-to extracted by ECS-EB-037 crawler."
"RANDARRAY","RANDARRAY function - Microsoft Support","https://support.microsoft.com/en-us/office/randarray-function-21261e55-3bec-4885-86a6-8b0a47fd4d33","Excel for iPhone","2026-02-28T22:19:32Z","source_only","pending","Applies-to extracted by ECS-EB-037 crawler."
"RANDARRAY","RANDARRAY function - Microsoft Support","https://support.microsoft.com/en-us/office/randarray-function-21261e55-3bec-4885-86a6-8b0a47fd4d33","Excel for Microsoft 365","2026-02-28T22:19:32Z","source_only","pending","Applies-to extracted by ECS-EB-037 crawler."
"RANDARRAY","RANDARRAY function - Microsoft Support","https://support.microsoft.com/en-us/office/randarray-function-21261e55-3bec-4885-86a6-8b0a47fd4d33","Excel for Microsoft 365 for Mac","2026-02-28T22:19:32Z","source_only","pending","Applies-to extracted by ECS-EB-037 crawler."
"RANDARRAY","RANDARRAY function - Microsoft Support","https://support.microsoft.com/en-us/office/randarray-function-21261e55-3bec-4885-86a6-8b0a47fd4d33","Excel for the web","2026-02-28T22:19:32Z","source_only","pending","Applies-to extracted by ECS-EB-037 crawler."
"RANDARRAY","RANDARRAY function - Microsoft Support","https://support.microsoft.com/en-us/office/randarray-function-21261e55-3bec-4885-86a6-8b0a47fd4d33","Microsoft Office","2026-02-28T22:19:32Z","source_only","pending","Applies-to extracted by ECS-EB-037 crawler."
"RANDBETWEEN","RANDBETWEEN function - Microsoft Support","https://support.microsoft.com/en-us/office/randbetween-function-4cc7f0d1-87dc-4eb7-987f-a469ab381685","Excel 2016","2026-02-28T22:19:32Z","source_only","pending","Applies-to extracted by ECS-EB-037 crawler."
"RANDBETWEEN","RANDBETWEEN function - Microsoft Support","https://support.microsoft.com/en-us/office/randbetween-function-4cc7f0d1-87dc-4eb7-987f-a469ab381685","Excel 2019","2026-02-28T22:19:32Z","source_only","pending","Applies-to extracted by ECS-EB-037 crawler."
"RANDBETWEEN","RANDBETWEEN function - Microsoft Support","https://support.microsoft.com/en-us/office/randbetween-function-4cc7f0d1-87dc-4eb7-987f-a469ab381685","Excel 2021","2026-02-28T22:19:32Z","source_only","pending","Applies-to extracted by ECS-EB-037 crawler."
"RANDBETWEEN","RANDBETWEEN function - Microsoft Support","https://support.microsoft.com/en-us/office/randbetween-function-4cc7f0d1-87dc-4eb7-987f-a469ab381685","Excel 2021 for Mac","2026-02-28T22:19:32Z","source_only","pending","Applies-to extracted by ECS-EB-037 crawler."
"RANDBETWEEN","RANDBETWEEN function - Microsoft Support","https://support.microsoft.com/en-us/office/randbetween-function-4cc7f0d1-87dc-4eb7-987f-a469ab381685","Excel 2024","2026-02-28T22:19:32Z","source_only","pending","Applies-to extracted by ECS-EB-037 crawler."
"RANDBETWEEN","RANDBETWEEN function - Microsoft Support","https://support.microsoft.com/en-us/office/randbetween-function-4cc7f0d1-87dc-4eb7-987f-a469ab381685","Excel 2024 for Mac","2026-02-28T22:19:32Z","source_only","pending","Applies-to extracted by ECS-EB-037 crawler."
"RANDBETWEEN","RANDBETWEEN function - Microsoft Support","https://support.microsoft.com/en-us/office/randbetween-function-4cc7f0d1-87dc-4eb7-987f-a469ab381685","Excel for Microsoft 365","2026-02-28T22:19:32Z","source_only","pending","Applies-to extracted by ECS-EB-037 crawler."
"RANDBETWEEN","RANDBETWEEN function - Microsoft Support","https://support.microsoft.com/en-us/office/randbetween-function-4cc7f0d1-87dc-4eb7-987f-a469ab381685","Excel for Microsoft 365 for Mac","2026-02-28T22:19:32Z","source_only","pending","Applies-to extracted by ECS-EB-037 crawler."
"RANDBETWEEN","RANDBETWEEN function - Microsoft Support","https://support.microsoft.com/en-us/office/randbetween-function-4cc7f0d1-87dc-4eb7-987f-a469ab381685","Excel for the web","2026-02-28T22:19:32Z","source_only","pending","Applies-to extracted by ECS-EB-037 crawler."
"REDUCE","REDUCE function - Microsoft Support","https://support.microsoft.com/en-us/office/reduce-function-42e39910-b345-45f3-84b8-0642b568b7cb","Excel for Microsoft 365","2026-02-28T22:19:32Z","source_only","pending","Applies-to extracted by ECS-EB-037 crawler."
"REDUCE","REDUCE function - Microsoft Support","https://support.microsoft.com/en-us/office/reduce-function-42e39910-b345-45f3-84b8-0642b568b7cb","Excel for Microsoft 365 for Mac","2026-02-28T22:19:32Z","source_only","pending","Applies-to extracted by ECS-EB-037 crawler."
"REDUCE","REDUCE function - Microsoft Support","https://support.microsoft.com/en-us/office/reduce-function-42e39910-b345-45f3-84b8-0642b568b7cb","Excel for the web","2026-02-28T22:19:32Z","source_only","pending","Applies-to extracted by ECS-EB-037 crawler."
"REDUCE","REDUCE function - Microsoft Support","https://support.microsoft.com/en-us/office/reduce-function-42e39910-b345-45f3-84b8-0642b568b7cb","Microsoft Office","2026-02-28T22:19:32Z","source_only","pending","Applies-to extracted by ECS-EB-037 crawler."
"ROW","ROW function - Microsoft Support","https://support.microsoft.com/en-us/office/row-function-3a63b74a-c4d0-4093-b49a-e76eb49a6d8d","Excel 2016","2026-02-28T22:19:32Z","source_only","pending","Applies-to extracted by ECS-EB-037 crawler."
"ROW","ROW function - Microsoft Support","https://support.microsoft.com/en-us/office/row-function-3a63b74a-c4d0-4093-b49a-e76eb49a6d8d","Excel 2019","2026-02-28T22:19:32Z","source_only","pending","Applies-to extracted by ECS-EB-037 crawler."
"ROW","ROW function - Microsoft Support","https://support.microsoft.com/en-us/office/row-function-3a63b74a-c4d0-4093-b49a-e76eb49a6d8d","Excel 2021","2026-02-28T22:19:32Z","source_only","pending","Applies-to extracted by ECS-EB-037 crawler."
"ROW","ROW function - Microsoft Support","https://support.microsoft.com/en-us/office/row-function-3a63b74a-c4d0-4093-b49a-e76eb49a6d8d","Excel 2021 for Mac","2026-02-28T22:19:32Z","source_only","pending","Applies-to extracted by ECS-EB-037 crawler."
"ROW","ROW function - Microsoft Support","https://support.microsoft.com/en-us/office/row-function-3a63b74a-c4d0-4093-b49a-e76eb49a6d8d","Excel 2024","2026-02-28T22:19:32Z","source_only","pending","Applies-to extracted by ECS-EB-037 crawler."
"ROW","ROW function - Microsoft Support","https://support.microsoft.com/en-us/office/row-function-3a63b74a-c4d0-4093-b49a-e76eb49a6d8d","Excel 2024 for Mac","2026-02-28T22:19:32Z","source_only","pending","Applies-to extracted by ECS-EB-037 crawler."
"ROW","ROW function - Microsoft Support","https://support.microsoft.com/en-us/office/row-function-3a63b74a-c4d0-4093-b49a-e76eb49a6d8d","Excel for Microsoft 365","2026-02-28T22:19:32Z","source_only","pending","Applies-to extracted by ECS-EB-037 crawler."
"ROW","ROW function - Microsoft Support","https://support.microsoft.com/en-us/office/row-function-3a63b74a-c4d0-4093-b49a-e76eb49a6d8d","Excel for Microsoft 365 for Mac","2026-02-28T22:19:32Z","source_only","pending","Applies-to extracted by ECS-EB-037 crawler."
"ROW","ROW function - Microsoft Support","https://support.microsoft.com/en-us/office/row-function-3a63b74a-c4d0-4093-b49a-e76eb49a6d8d","Excel for the web","2026-02-28T22:19:32Z","source_only","pending","Applies-to extracted by ECS-EB-037 crawler."
"ROW","ROW function - Microsoft Support","https://support.microsoft.com/en-us/office/row-function-3a63b74a-c4d0-4093-b49a-e76eb49a6d8d","Microsoft Office","2026-02-28T22:19:32Z","source_only","pending","Applies-to extracted by ECS-EB-037 crawler."
"ROW","ROW function - Microsoft Support","https://support.microsoft.com/en-us/office/row-function-3a63b74a-c4d0-4093-b49a-e76eb49a6d8d","Microsoft365.com","2026-02-28T22:19:32Z","source_only","pending","Applies-to extracted by ECS-EB-037 crawler."
"ROWS","ROWS function - Microsoft Support","https://support.microsoft.com/en-us/office/rows-function-b592593e-3fc2-47f2-bec1-bda493811597","Excel 2016","2026-02-28T22:19:32Z","source_only","pending","Applies-to extracted by ECS-EB-037 crawler."
"ROWS","ROWS function - Microsoft Support","https://support.microsoft.com/en-us/office/rows-function-b592593e-3fc2-47f2-bec1-bda493811597","Excel 2019","2026-02-28T22:19:32Z","source_only","pending","Applies-to extracted by ECS-EB-037 crawler."
"ROWS","ROWS function - Microsoft Support","https://support.microsoft.com/en-us/office/rows-function-b592593e-3fc2-47f2-bec1-bda493811597","Excel 2021","2026-02-28T22:19:32Z","source_only","pending","Applies-to extracted by ECS-EB-037 crawler."
"ROWS","ROWS function - Microsoft Support","https://support.microsoft.com/en-us/office/rows-function-b592593e-3fc2-47f2-bec1-bda493811597","Excel 2021 for Mac","2026-02-28T22:19:32Z","source_only","pending","Applies-to extracted by ECS-EB-037 crawler."
"ROWS","ROWS function - Microsoft Support","https://support.microsoft.com/en-us/office/rows-function-b592593e-3fc2-47f2-bec1-bda493811597","Excel 2024","2026-02-28T22:19:32Z","source_only","pending","Applies-to extracted by ECS-EB-037 crawler."
"ROWS","ROWS function - Microsoft Support","https://support.microsoft.com/en-us/office/rows-function-b592593e-3fc2-47f2-bec1-bda493811597","Excel 2024 for Mac","2026-02-28T22:19:32Z","source_only","pending","Applies-to extracted by ECS-EB-037 crawler."
"ROWS","ROWS function - Microsoft Support","https://support.microsoft.com/en-us/office/rows-function-b592593e-3fc2-47f2-bec1-bda493811597","Excel for Microsoft 365","2026-02-28T22:19:32Z","source_only","pending","Applies-to extracted by ECS-EB-037 crawler."
"ROWS","ROWS function - Microsoft Support","https://support.microsoft.com/en-us/office/rows-function-b592593e-3fc2-47f2-bec1-bda493811597","Excel for Microsoft 365 for Mac","2026-02-28T22:19:32Z","source_only","pending","Applies-to extracted by ECS-EB-037 crawler."
"ROWS","ROWS function - Microsoft Support","https://support.microsoft.com/en-us/office/rows-function-b592593e-3fc2-47f2-bec1-bda493811597","Excel for the web","2026-02-28T22:19:32Z","source_only","pending","Applies-to extracted by ECS-EB-037 crawler."
"ROWS","ROWS function - Microsoft Support","https://support.microsoft.com/en-us/office/rows-function-b592593e-3fc2-47f2-bec1-bda493811597","Microsoft Office","2026-02-28T22:19:32Z","source_only","pending","Applies-to extracted by ECS-EB-037 crawler."
"ROWS","ROWS function - Microsoft Support","https://support.microsoft.com/en-us/office/rows-function-b592593e-3fc2-47f2-bec1-bda493811597","Microsoft365.com","2026-02-28T22:19:32Z","source_only","pending","Applies-to extracted by ECS-EB-037 crawler."
"RTD","RTD function - Microsoft Support","https://support.microsoft.com/en-us/office/rtd-function-e0cc001a-56f0-470a-9b19-9455dc0eb593","Excel 2016","2026-02-28T11:45:00Z","source_only","pending",""
"RTD","RTD function - Microsoft Support","https://support.microsoft.com/en-us/office/rtd-function-e0cc001a-56f0-470a-9b19-9455dc0eb593","Excel 2019","2026-02-28T11:45:00Z","source_only","pending",""
"RTD","RTD function - Microsoft Support","https://support.microsoft.com/en-us/office/rtd-function-e0cc001a-56f0-470a-9b19-9455dc0eb593","Excel 2021","2026-02-28T11:45:00Z","source_only","pending",""
"RTD","RTD function - Microsoft Support","https://support.microsoft.com/en-us/office/rtd-function-e0cc001a-56f0-470a-9b19-9455dc0eb593","Excel 2021 for Mac","2026-02-28T11:45:00Z","source_only","pending",""
"RTD","RTD function - Microsoft Support","https://support.microsoft.com/en-us/office/rtd-function-e0cc001a-56f0-470a-9b19-9455dc0eb593","Excel 2024","2026-02-28T11:45:00Z","source_only","pending",""
"RTD","RTD function - Microsoft Support","https://support.microsoft.com/en-us/office/rtd-function-e0cc001a-56f0-470a-9b19-9455dc0eb593","Excel 2024 for Mac","2026-02-28T11:45:00Z","source_only","pending",""
"RTD","RTD function - Microsoft Support","https://support.microsoft.com/en-us/office/rtd-function-e0cc001a-56f0-470a-9b19-9455dc0eb593","Excel for Microsoft 365","2026-02-28T11:45:00Z","source_only","pending",""
"RTD","RTD function - Microsoft Support","https://support.microsoft.com/en-us/office/rtd-function-e0cc001a-56f0-470a-9b19-9455dc0eb593","Excel for Microsoft 365 for Mac","2026-02-28T11:45:00Z","source_only","pending",""
"RTD","RTD function - Microsoft Support","https://support.microsoft.com/en-us/office/rtd-function-e0cc001a-56f0-470a-9b19-9455dc0eb593","Excel for the web","2026-02-28T11:45:00Z","source_only","pending",""
"RTD","RTD function - Microsoft Support","https://support.microsoft.com/en-us/office/rtd-function-e0cc001a-56f0-470a-9b19-9455dc0eb593","Microsoft Office","2026-02-28T11:45:00Z","source_only","pending",""
"RTD","RTD function - Microsoft Support","https://support.microsoft.com/en-us/office/rtd-function-e0cc001a-56f0-470a-9b19-9455dc0eb593","Microsoft365.com","2026-02-28T11:45:00Z","source_only","pending",""
"SCAN","SCAN function - Microsoft Support","https://support.microsoft.com/en-us/office/scan-function-d58dfd11-9969-4439-b2dc-e7062724de29","Excel 2024","2026-02-28T22:19:32Z","source_only","pending","Applies-to extracted by ECS-EB-037 crawler."
"SCAN","SCAN function - Microsoft Support","https://support.microsoft.com/en-us/office/scan-function-d58dfd11-9969-4439-b2dc-e7062724de29","Excel 2024 for Mac","2026-02-28T22:19:32Z","source_only","pending","Applies-to extracted by ECS-EB-037 crawler."
"SCAN","SCAN function - Microsoft Support","https://support.microsoft.com/en-us/office/scan-function-d58dfd11-9969-4439-b2dc-e7062724de29","Excel for Microsoft 365","2026-02-28T22:19:32Z","source_only","pending","Applies-to extracted by ECS-EB-037 crawler."
"SCAN","SCAN function - Microsoft Support","https://support.microsoft.com/en-us/office/scan-function-d58dfd11-9969-4439-b2dc-e7062724de29","Excel for Microsoft 365 for Mac","2026-02-28T22:19:32Z","source_only","pending","Applies-to extracted by ECS-EB-037 crawler."
"SCAN","SCAN function - Microsoft Support","https://support.microsoft.com/en-us/office/scan-function-d58dfd11-9969-4439-b2dc-e7062724de29","Excel for the web","2026-02-28T22:19:32Z","source_only","pending","Applies-to extracted by ECS-EB-037 crawler."
"SCAN","SCAN function - Microsoft Support","https://support.microsoft.com/en-us/office/scan-function-d58dfd11-9969-4439-b2dc-e7062724de29","Microsoft Office","2026-02-28T22:19:32Z","source_only","pending","Applies-to extracted by ECS-EB-037 crawler."
"SEQUENCE","SEQUENCE function - Microsoft Support","https://support.microsoft.com/en-us/office/sequence-function-57467a98-57e0-4817-9f14-2eb78519ca90","Excel 2021","2026-02-28T22:19:32Z","source_only","pending","Applies-to extracted by ECS-EB-037 crawler."
"SEQUENCE","SEQUENCE function - Microsoft Support","https://support.microsoft.com/en-us/office/sequence-function-57467a98-57e0-4817-9f14-2eb78519ca90","Excel 2021 for Mac","2026-02-28T22:19:32Z","source_only","pending","Applies-to extracted by ECS-EB-037 crawler."
"SEQUENCE","SEQUENCE function - Microsoft Support","https://support.microsoft.com/en-us/office/sequence-function-57467a98-57e0-4817-9f14-2eb78519ca90","Excel 2024","2026-02-28T22:19:32Z","source_only","pending","Applies-to extracted by ECS-EB-037 crawler."
"SEQUENCE","SEQUENCE function - Microsoft Support","https://support.microsoft.com/en-us/office/sequence-function-57467a98-57e0-4817-9f14-2eb78519ca90","Excel 2024 for Mac","2026-02-28T22:19:32Z","source_only","pending","Applies-to extracted by ECS-EB-037 crawler."
"SEQUENCE","SEQUENCE function - Microsoft Support","https://support.microsoft.com/en-us/office/sequence-function-57467a98-57e0-4817-9f14-2eb78519ca90","Excel for Android phones","2026-02-28T22:19:32Z","source_only","pending","Applies-to extracted by ECS-EB-037 crawler."
"SEQUENCE","SEQUENCE function - Microsoft Support","https://support.microsoft.com/en-us/office/sequence-function-57467a98-57e0-4817-9f14-2eb78519ca90","Excel for Android tablets","2026-02-28T22:19:32Z","source_only","pending","Applies-to extracted by ECS-EB-037 crawler."
"SEQUENCE","SEQUENCE function - Microsoft Support","https://support.microsoft.com/en-us/office/sequence-function-57467a98-57e0-4817-9f14-2eb78519ca90","Excel for iPad","2026-02-28T22:19:32Z","source_only","pending","Applies-to extracted by ECS-EB-037 crawler."
"SEQUENCE","SEQUENCE function - Microsoft Support","https://support.microsoft.com/en-us/office/sequence-function-57467a98-57e0-4817-9f14-2eb78519ca90","Excel for iPhone","2026-02-28T22:19:32Z","source_only","pending","Applies-to extracted by ECS-EB-037 crawler."
"SEQUENCE","SEQUENCE function - Microsoft Support","https://support.microsoft.com/en-us/office/sequence-function-57467a98-57e0-4817-9f14-2eb78519ca90","Excel for Microsoft 365","2026-02-28T22:19:32Z","source_only","pending","Applies-to extracted by ECS-EB-037 crawler."
"SEQUENCE","SEQUENCE function - Microsoft Support","https://support.microsoft.com/en-us/office/sequence-function-57467a98-57e0-4817-9f14-2eb78519ca90","Excel for Microsoft 365 for Mac","2026-02-28T22:19:32Z","source_only","pending","Applies-to extracted by ECS-EB-037 crawler."
"SEQUENCE","SEQUENCE function - Microsoft Support","https://support.microsoft.com/en-us/office/sequence-function-57467a98-57e0-4817-9f14-2eb78519ca90","Excel for the web","2026-02-28T22:19:32Z","source_only","pending","Applies-to extracted by ECS-EB-037 crawler."
"SEQUENCE","SEQUENCE function - Microsoft Support","https://support.microsoft.com/en-us/office/sequence-function-57467a98-57e0-4817-9f14-2eb78519ca90","Microsoft Office","2026-02-28T22:19:32Z","source_only","pending","Applies-to extracted by ECS-EB-037 crawler."
"SEQUENCE","SEQUENCE function - Microsoft Support","https://support.microsoft.com/en-us/office/sequence-function-57467a98-57e0-4817-9f14-2eb78519ca90","Microsoft365.com","2026-02-28T22:19:32Z","source_only","pending","Applies-to extracted by ECS-EB-037 crawler."
"SHEET","SHEET function - Microsoft Support","https://support.microsoft.com/en-us/office/sheet-function-44718b6f-8b87-47a1-a9d6-b701c06cff24","Excel 2016","2026-02-28T22:19:32Z","source_only","pending","Applies-to extracted by ECS-EB-037 crawler."
"SHEET","SHEET function - Microsoft Support","https://support.microsoft.com/en-us/office/sheet-function-44718b6f-8b87-47a1-a9d6-b701c06cff24","Excel 2019","2026-02-28T22:19:32Z","source_only","pending","Applies-to extracted by ECS-EB-037 crawler."
"SHEET","SHEET function - Microsoft Support","https://support.microsoft.com/en-us/office/sheet-function-44718b6f-8b87-47a1-a9d6-b701c06cff24","Excel 2021","2026-02-28T22:19:32Z","source_only","pending","Applies-to extracted by ECS-EB-037 crawler."
"SHEET","SHEET function - Microsoft Support","https://support.microsoft.com/en-us/office/sheet-function-44718b6f-8b87-47a1-a9d6-b701c06cff24","Excel 2021 for Mac","2026-02-28T22:19:32Z","source_only","pending","Applies-to extracted by ECS-EB-037 crawler."
"SHEET","SHEET function - Microsoft Support","https://support.microsoft.com/en-us/office/sheet-function-44718b6f-8b87-47a1-a9d6-b701c06cff24","Excel 2024","2026-02-28T22:19:32Z","source_only","pending","Applies-to extracted by ECS-EB-037 crawler."
"SHEET","SHEET function - Microsoft Support","https://support.microsoft.com/en-us/office/sheet-function-44718b6f-8b87-47a1-a9d6-b701c06cff24","Excel 2024 for Mac","2026-02-28T22:19:32Z","source_only","pending","Applies-to extracted by ECS-EB-037 crawler."
"SHEET","SHEET function - Microsoft Support","https://support.microsoft.com/en-us/office/sheet-function-44718b6f-8b87-47a1-a9d6-b701c06cff24","Excel for Microsoft 365","2026-02-28T22:19:32Z","source_only","pending","Applies-to extracted by ECS-EB-037 crawler."
"SHEET","SHEET function - Microsoft Support","https://support.microsoft.com/en-us/office/sheet-function-44718b6f-8b87-47a1-a9d6-b701c06cff24","Excel for Microsoft 365 for Mac","2026-02-28T22:19:32Z","source_only","pending","Applies-to extracted by ECS-EB-037 crawler."
"SHEET","SHEET function - Microsoft Support","https://support.microsoft.com/en-us/office/sheet-function-44718b6f-8b87-47a1-a9d6-b701c06cff24","Excel for the web","2026-02-28T22:19:32Z","source_only","pending","Applies-to extracted by ECS-EB-037 crawler."
"SHEETS","SHEETS function - Microsoft Support","https://support.microsoft.com/en-us/office/sheets-function-770515eb-e1e8-45ce-8066-b557e5e4b80b","Excel 2016","2026-02-28T22:19:32Z","source_only","pending","Applies-to extracted by ECS-EB-037 crawler."
"SHEETS","SHEETS function - Microsoft Support","https://support.microsoft.com/en-us/office/sheets-function-770515eb-e1e8-45ce-8066-b557e5e4b80b","Excel 2019","2026-02-28T22:19:32Z","source_only","pending","Applies-to extracted by ECS-EB-037 crawler."
"SHEETS","SHEETS function - Microsoft Support","https://support.microsoft.com/en-us/office/sheets-function-770515eb-e1e8-45ce-8066-b557e5e4b80b","Excel 2021","2026-02-28T22:19:32Z","source_only","pending","Applies-to extracted by ECS-EB-037 crawler."
"SHEETS","SHEETS function - Microsoft Support","https://support.microsoft.com/en-us/office/sheets-function-770515eb-e1e8-45ce-8066-b557e5e4b80b","Excel 2021 for Mac","2026-02-28T22:19:32Z","source_only","pending","Applies-to extracted by ECS-EB-037 crawler."
"SHEETS","SHEETS function - Microsoft Support","https://support.microsoft.com/en-us/office/sheets-function-770515eb-e1e8-45ce-8066-b557e5e4b80b","Excel 2024","2026-02-28T22:19:32Z","source_only","pending","Applies-to extracted by ECS-EB-037 crawler."
"SHEETS","SHEETS function - Microsoft Support","https://support.microsoft.com/en-us/office/sheets-function-770515eb-e1e8-45ce-8066-b557e5e4b80b","Excel 2024 for Mac","2026-02-28T22:19:32Z","source_only","pending","Applies-to extracted by ECS-EB-037 crawler."
"SHEETS","SHEETS function - Microsoft Support","https://support.microsoft.com/en-us/office/sheets-function-770515eb-e1e8-45ce-8066-b557e5e4b80b","Excel for Microsoft 365","2026-02-28T22:19:32Z","source_only","pending","Applies-to extracted by ECS-EB-037 crawler."
"SHEETS","SHEETS function - Microsoft Support","https://support.microsoft.com/en-us/office/sheets-function-770515eb-e1e8-45ce-8066-b557e5e4b80b","Excel for Microsoft 365 for Mac","2026-02-28T22:19:32Z","source_only","pending","Applies-to extracted by ECS-EB-037 crawler."
"SHEETS","SHEETS function - Microsoft Support","https://support.microsoft.com/en-us/office/sheets-function-770515eb-e1e8-45ce-8066-b557e5e4b80b","Excel for the web","2026-02-28T22:19:32Z","source_only","pending","Applies-to extracted by ECS-EB-037 crawler."
"SORT","SORT function - Microsoft Support","https://support.microsoft.com/en-us/office/sort-function-22f63bd0-ccc8-492f-953d-c20e8e44b86c","Excel 2021","2026-02-28T22:19:32Z","source_only","pending","Applies-to extracted by ECS-EB-037 crawler."
"SORT","SORT function - Microsoft Support","https://support.microsoft.com/en-us/office/sort-function-22f63bd0-ccc8-492f-953d-c20e8e44b86c","Excel 2021 for Mac","2026-02-28T22:19:32Z","source_only","pending","Applies-to extracted by ECS-EB-037 crawler."
"SORT","SORT function - Microsoft Support","https://support.microsoft.com/en-us/office/sort-function-22f63bd0-ccc8-492f-953d-c20e8e44b86c","Excel 2024","2026-02-28T22:19:32Z","source_only","pending","Applies-to extracted by ECS-EB-037 crawler."
"SORT","SORT function - Microsoft Support","https://support.microsoft.com/en-us/office/sort-function-22f63bd0-ccc8-492f-953d-c20e8e44b86c","Excel 2024 for Mac","2026-02-28T22:19:32Z","source_only","pending","Applies-to extracted by ECS-EB-037 crawler."
"SORT","SORT function - Microsoft Support","https://support.microsoft.com/en-us/office/sort-function-22f63bd0-ccc8-492f-953d-c20e8e44b86c","Excel for Android phones","2026-02-28T22:19:32Z","source_only","pending","Applies-to extracted by ECS-EB-037 crawler."
"SORT","SORT function - Microsoft Support","https://support.microsoft.com/en-us/office/sort-function-22f63bd0-ccc8-492f-953d-c20e8e44b86c","Excel for Android tablets","2026-02-28T22:19:32Z","source_only","pending","Applies-to extracted by ECS-EB-037 crawler."
"SORT","SORT function - Microsoft Support","https://support.microsoft.com/en-us/office/sort-function-22f63bd0-ccc8-492f-953d-c20e8e44b86c","Excel for iPad","2026-02-28T22:19:32Z","source_only","pending","Applies-to extracted by ECS-EB-037 crawler."
"SORT","SORT function - Microsoft Support","https://support.microsoft.com/en-us/office/sort-function-22f63bd0-ccc8-492f-953d-c20e8e44b86c","Excel for iPhone","2026-02-28T22:19:32Z","source_only","pending","Applies-to extracted by ECS-EB-037 crawler."
"SORT","SORT function - Microsoft Support","https://support.microsoft.com/en-us/office/sort-function-22f63bd0-ccc8-492f-953d-c20e8e44b86c","Excel for Microsoft 365","2026-02-28T22:19:32Z","source_only","pending","Applies-to extracted by ECS-EB-037 crawler."
"SORT","SORT function - Microsoft Support","https://support.microsoft.com/en-us/office/sort-function-22f63bd0-ccc8-492f-953d-c20e8e44b86c","Excel for Microsoft 365 for Mac","2026-02-28T22:19:32Z","source_only","pending","Applies-to extracted by ECS-EB-037 crawler."
"SORT","SORT function - Microsoft Support","https://support.microsoft.com/en-us/office/sort-function-22f63bd0-ccc8-492f-953d-c20e8e44b86c","Excel for the web","2026-02-28T22:19:32Z","source_only","pending","Applies-to extracted by ECS-EB-037 crawler."
"SORT","SORT function - Microsoft Support","https://support.microsoft.com/en-us/office/sort-function-22f63bd0-ccc8-492f-953d-c20e8e44b86c","Microsoft Office","2026-02-28T22:19:32Z","source_only","pending","Applies-to extracted by ECS-EB-037 crawler."
"SORTBY","SORTBY function - Microsoft Support","https://support.microsoft.com/en-us/office/sortby-function-cd2d7a62-1b93-435c-b561-d6a35134f28f","Excel 2021","2026-02-28T22:19:32Z","source_only","pending","Applies-to extracted by ECS-EB-037 crawler."
"SORTBY","SORTBY function - Microsoft Support","https://support.microsoft.com/en-us/office/sortby-function-cd2d7a62-1b93-435c-b561-d6a35134f28f","Excel 2021 for Mac","2026-02-28T22:19:32Z","source_only","pending","Applies-to extracted by ECS-EB-037 crawler."
"SORTBY","SORTBY function - Microsoft Support","https://support.microsoft.com/en-us/office/sortby-function-cd2d7a62-1b93-435c-b561-d6a35134f28f","Excel 2024","2026-02-28T22:19:32Z","source_only","pending","Applies-to extracted by ECS-EB-037 crawler."
"SORTBY","SORTBY function - Microsoft Support","https://support.microsoft.com/en-us/office/sortby-function-cd2d7a62-1b93-435c-b561-d6a35134f28f","Excel 2024 for Mac","2026-02-28T22:19:32Z","source_only","pending","Applies-to extracted by ECS-EB-037 crawler."
"SORTBY","SORTBY function - Microsoft Support","https://support.microsoft.com/en-us/office/sortby-function-cd2d7a62-1b93-435c-b561-d6a35134f28f","Excel for Android phones","2026-02-28T22:19:32Z","source_only","pending","Applies-to extracted by ECS-EB-037 crawler."
"SORTBY","SORTBY function - Microsoft Support","https://support.microsoft.com/en-us/office/sortby-function-cd2d7a62-1b93-435c-b561-d6a35134f28f","Excel for Android tablets","2026-02-28T22:19:32Z","source_only","pending","Applies-to extracted by ECS-EB-037 crawler."
"SORTBY","SORTBY function - Microsoft Support","https://support.microsoft.com/en-us/office/sortby-function-cd2d7a62-1b93-435c-b561-d6a35134f28f","Excel for iPad","2026-02-28T22:19:32Z","source_only","pending","Applies-to extracted by ECS-EB-037 crawler."
"SORTBY","SORTBY function - Microsoft Support","https://support.microsoft.com/en-us/office/sortby-function-cd2d7a62-1b93-435c-b561-d6a35134f28f","Excel for iPhone","2026-02-28T22:19:32Z","source_only","pending","Applies-to extracted by ECS-EB-037 crawler."
"SORTBY","SORTBY function - Microsoft Support","https://support.microsoft.com/en-us/office/sortby-function-cd2d7a62-1b93-435c-b561-d6a35134f28f","Excel for Microsoft 365","2026-02-28T22:19:32Z","source_only","pending","Applies-to extracted by ECS-EB-037 crawler."
"SORTBY","SORTBY function - Microsoft Support","https://support.microsoft.com/en-us/office/sortby-function-cd2d7a62-1b93-435c-b561-d6a35134f28f","Excel for Microsoft 365 for Mac","2026-02-28T22:19:32Z","source_only","pending","Applies-to extracted by ECS-EB-037 crawler."
"SORTBY","SORTBY function - Microsoft Support","https://support.microsoft.com/en-us/office/sortby-function-cd2d7a62-1b93-435c-b561-d6a35134f28f","Excel for the web","2026-02-28T22:19:32Z","source_only","pending","Applies-to extracted by ECS-EB-037 crawler."
"SORTBY","SORTBY function - Microsoft Support","https://support.microsoft.com/en-us/office/sortby-function-cd2d7a62-1b93-435c-b561-d6a35134f28f","Microsoft Office","2026-02-28T22:19:32Z","source_only","pending","Applies-to extracted by ECS-EB-037 crawler."
"STOCKHISTORY","STOCKHISTORY function - Microsoft Support","https://support.microsoft.com/en-us/office/stockhistory-function-1ac8b5b3-5f62-4d94-8ab8-7504ec7239a8","Excel for Microsoft 365","2026-02-28T22:19:32Z","source_only","pending","Applies-to extracted by ECS-EB-037 crawler."
"STOCKHISTORY","STOCKHISTORY function - Microsoft Support","https://support.microsoft.com/en-us/office/stockhistory-function-1ac8b5b3-5f62-4d94-8ab8-7504ec7239a8","Excel for Microsoft 365 for Mac","2026-02-28T22:19:32Z","source_only","pending","Applies-to extracted by ECS-EB-037 crawler."
"STOCKHISTORY","STOCKHISTORY function - Microsoft Support","https://support.microsoft.com/en-us/office/stockhistory-function-1ac8b5b3-5f62-4d94-8ab8-7504ec7239a8","Excel for the web","2026-02-28T22:19:32Z","source_only","pending","Applies-to extracted by ECS-EB-037 crawler."
"STOCKHISTORY","STOCKHISTORY function - Microsoft Support","https://support.microsoft.com/en-us/office/stockhistory-function-1ac8b5b3-5f62-4d94-8ab8-7504ec7239a8","Microsoft Office","2026-02-28T22:19:32Z","source_only","pending","Applies-to extracted by ECS-EB-037 crawler."
"STOCKHISTORY","STOCKHISTORY function - Microsoft Support","https://support.microsoft.com/en-us/office/stockhistory-function-1ac8b5b3-5f62-4d94-8ab8-7504ec7239a8","Microsoft365.com","2026-02-28T22:19:32Z","source_only","pending","Applies-to extracted by ECS-EB-037 crawler."
"SUMIF","SUMIF function - Microsoft Support","https://support.microsoft.com/en-us/office/sumif-function-169b8c99-c05c-4483-a712-1697a653039b","Excel 2016","2026-02-28T22:19:32Z","source_only","pending","Applies-to extracted by ECS-EB-037 crawler."
"SUMIF","SUMIF function - Microsoft Support","https://support.microsoft.com/en-us/office/sumif-function-169b8c99-c05c-4483-a712-1697a653039b","Excel 2019","2026-02-28T22:19:32Z","source_only","pending","Applies-to extracted by ECS-EB-037 crawler."
"SUMIF","SUMIF function - Microsoft Support","https://support.microsoft.com/en-us/office/sumif-function-169b8c99-c05c-4483-a712-1697a653039b","Excel 2021","2026-02-28T22:19:32Z","source_only","pending","Applies-to extracted by ECS-EB-037 crawler."
"SUMIF","SUMIF function - Microsoft Support","https://support.microsoft.com/en-us/office/sumif-function-169b8c99-c05c-4483-a712-1697a653039b","Excel 2021 for Mac","2026-02-28T22:19:32Z","source_only","pending","Applies-to extracted by ECS-EB-037 crawler."
"SUMIF","SUMIF function - Microsoft Support","https://support.microsoft.com/en-us/office/sumif-function-169b8c99-c05c-4483-a712-1697a653039b","Excel 2024","2026-02-28T22:19:32Z","source_only","pending","Applies-to extracted by ECS-EB-037 crawler."
"SUMIF","SUMIF function - Microsoft Support","https://support.microsoft.com/en-us/office/sumif-function-169b8c99-c05c-4483-a712-1697a653039b","Excel 2024 for Mac","2026-02-28T22:19:32Z","source_only","pending","Applies-to extracted by ECS-EB-037 crawler."
"SUMIF","SUMIF function - Microsoft Support","https://support.microsoft.com/en-us/office/sumif-function-169b8c99-c05c-4483-a712-1697a653039b","Excel for Microsoft 365","2026-02-28T22:19:32Z","source_only","pending","Applies-to extracted by ECS-EB-037 crawler."
"SUMIF","SUMIF function - Microsoft Support","https://support.microsoft.com/en-us/office/sumif-function-169b8c99-c05c-4483-a712-1697a653039b","Excel for Microsoft 365 for Mac","2026-02-28T22:19:32Z","source_only","pending","Applies-to extracted by ECS-EB-037 crawler."
"SUMIF","SUMIF function - Microsoft Support","https://support.microsoft.com/en-us/office/sumif-function-169b8c99-c05c-4483-a712-1697a653039b","Excel for the web","2026-02-28T22:19:32Z","source_only","pending","Applies-to extracted by ECS-EB-037 crawler."
"SUMIF","SUMIF function - Microsoft Support","https://support.microsoft.com/en-us/office/sumif-function-169b8c99-c05c-4483-a712-1697a653039b","Microsoft Office","2026-02-28T22:19:32Z","source_only","pending","Applies-to extracted by ECS-EB-037 crawler."
"SUMIF","SUMIF function - Microsoft Support","https://support.microsoft.com/en-us/office/sumif-function-169b8c99-c05c-4483-a712-1697a653039b","Microsoft365.com","2026-02-28T22:19:32Z","source_only","pending","Applies-to extracted by ECS-EB-037 crawler."
"T","T function - Microsoft Support","https://support.microsoft.com/en-us/office/t-function-fb83aeec-45e7-4924-af95-53e073541228","Excel 2016","2026-02-28T22:19:32Z","source_only","pending","Applies-to extracted by ECS-EB-037 crawler."
"T","T function - Microsoft Support","https://support.microsoft.com/en-us/office/t-function-fb83aeec-45e7-4924-af95-53e073541228","Excel 2019","2026-02-28T22:19:32Z","source_only","pending","Applies-to extracted by ECS-EB-037 crawler."
"T","T function - Microsoft Support","https://support.microsoft.com/en-us/office/t-function-fb83aeec-45e7-4924-af95-53e073541228","Excel 2021","2026-02-28T22:19:32Z","source_only","pending","Applies-to extracted by ECS-EB-037 crawler."
"T","T function - Microsoft Support","https://support.microsoft.com/en-us/office/t-function-fb83aeec-45e7-4924-af95-53e073541228","Excel 2021 for Mac","2026-02-28T22:19:32Z","source_only","pending","Applies-to extracted by ECS-EB-037 crawler."
"T","T function - Microsoft Support","https://support.microsoft.com/en-us/office/t-function-fb83aeec-45e7-4924-af95-53e073541228","Excel 2024","2026-02-28T22:19:32Z","source_only","pending","Applies-to extracted by ECS-EB-037 crawler."
"T","T function - Microsoft Support","https://support.microsoft.com/en-us/office/t-function-fb83aeec-45e7-4924-af95-53e073541228","Excel 2024 for Mac","2026-02-28T22:19:32Z","source_only","pending","Applies-to extracted by ECS-EB-037 crawler."
"T","T function - Microsoft Support","https://support.microsoft.com/en-us/office/t-function-fb83aeec-45e7-4924-af95-53e073541228","Excel for Microsoft 365","2026-02-28T22:19:32Z","source_only","pending","Applies-to extracted by ECS-EB-037 crawler."
"T","T function - Microsoft Support","https://support.microsoft.com/en-us/office/t-function-fb83aeec-45e7-4924-af95-53e073541228","Excel for Microsoft 365 for Mac","2026-02-28T22:19:32Z","source_only","pending","Applies-to extracted by ECS-EB-037 crawler."
"T","T function - Microsoft Support","https://support.microsoft.com/en-us/office/t-function-fb83aeec-45e7-4924-af95-53e073541228","Excel for the web","2026-02-28T22:19:32Z","source_only","pending","Applies-to extracted by ECS-EB-037 crawler."
"TAKE","TAKE function - Microsoft Support","https://support.microsoft.com/en-us/office/take-function-25382ff1-5da1-4f78-ab43-f33bd2e4e003","Excel 2024","2026-02-28T22:19:32Z","source_only","pending","Applies-to extracted by ECS-EB-037 crawler."
"TAKE","TAKE function - Microsoft Support","https://support.microsoft.com/en-us/office/take-function-25382ff1-5da1-4f78-ab43-f33bd2e4e003","Excel 2024 for Mac","2026-02-28T22:19:32Z","source_only","pending","Applies-to extracted by ECS-EB-037 crawler."
"TAKE","TAKE function - Microsoft Support","https://support.microsoft.com/en-us/office/take-function-25382ff1-5da1-4f78-ab43-f33bd2e4e003","Excel for Microsoft 365","2026-02-28T22:19:32Z","source_only","pending","Applies-to extracted by ECS-EB-037 crawler."
"TAKE","TAKE function - Microsoft Support","https://support.microsoft.com/en-us/office/take-function-25382ff1-5da1-4f78-ab43-f33bd2e4e003","Excel for Microsoft 365 for Mac","2026-02-28T22:19:32Z","source_only","pending","Applies-to extracted by ECS-EB-037 crawler."
"TAKE","TAKE function - Microsoft Support","https://support.microsoft.com/en-us/office/take-function-25382ff1-5da1-4f78-ab43-f33bd2e4e003","Excel for the web","2026-02-28T22:19:32Z","source_only","pending","Applies-to extracted by ECS-EB-037 crawler."
"TEXT","TEXT function - Microsoft Support","https://support.microsoft.com/en-us/office/text-function-20d5ac4d-7b94-49fd-bb38-93d29371225c","Excel 2016","2026-02-28T22:19:32Z","source_only","pending","Applies-to extracted by ECS-EB-037 crawler."
"TEXT","TEXT function - Microsoft Support","https://support.microsoft.com/en-us/office/text-function-20d5ac4d-7b94-49fd-bb38-93d29371225c","Excel 2019","2026-02-28T22:19:32Z","source_only","pending","Applies-to extracted by ECS-EB-037 crawler."
"TEXT","TEXT function - Microsoft Support","https://support.microsoft.com/en-us/office/text-function-20d5ac4d-7b94-49fd-bb38-93d29371225c","Excel 2021","2026-02-28T22:19:32Z","source_only","pending","Applies-to extracted by ECS-EB-037 crawler."
"TEXT","TEXT function - Microsoft Support","https://support.microsoft.com/en-us/office/text-function-20d5ac4d-7b94-49fd-bb38-93d29371225c","Excel 2021 for Mac","2026-02-28T22:19:32Z","source_only","pending","Applies-to extracted by ECS-EB-037 crawler."
"TEXT","TEXT function - Microsoft Support","https://support.microsoft.com/en-us/office/text-function-20d5ac4d-7b94-49fd-bb38-93d29371225c","Excel 2024","2026-02-28T22:19:32Z","source_only","pending","Applies-to extracted by ECS-EB-037 crawler."
"TEXT","TEXT function - Microsoft Support","https://support.microsoft.com/en-us/office/text-function-20d5ac4d-7b94-49fd-bb38-93d29371225c","Excel 2024 for Mac","2026-02-28T22:19:32Z","source_only","pending","Applies-to extracted by ECS-EB-037 crawler."
"TEXT","TEXT function - Microsoft Support","https://support.microsoft.com/en-us/office/text-function-20d5ac4d-7b94-49fd-bb38-93d29371225c","Excel for Microsoft 365","2026-02-28T22:19:32Z","source_only","pending","Applies-to extracted by ECS-EB-037 crawler."
"TEXT","TEXT function - Microsoft Support","https://support.microsoft.com/en-us/office/text-function-20d5ac4d-7b94-49fd-bb38-93d29371225c","Excel for Microsoft 365 for Mac","2026-02-28T22:19:32Z","source_only","pending","Applies-to extracted by ECS-EB-037 crawler."
"TEXT","TEXT function - Microsoft Support","https://support.microsoft.com/en-us/office/text-function-20d5ac4d-7b94-49fd-bb38-93d29371225c","Excel for the web","2026-02-28T22:19:32Z","source_only","pending","Applies-to extracted by ECS-EB-037 crawler."
"TEXT","TEXT function - Microsoft Support","https://support.microsoft.com/en-us/office/text-function-20d5ac4d-7b94-49fd-bb38-93d29371225c","Microsoft Office","2026-02-28T22:19:32Z","source_only","pending","Applies-to extracted by ECS-EB-037 crawler."
"TOCOL","TOCOL function - Microsoft Support","https://support.microsoft.com/en-us/office/tocol-function-22839d9b-0b55-4fc1-b4e6-2761f8f122ed","Excel 2024","2026-02-28T22:19:32Z","source_only","pending","Applies-to extracted by ECS-EB-037 crawler."
"TOCOL","TOCOL function - Microsoft Support","https://support.microsoft.com/en-us/office/tocol-function-22839d9b-0b55-4fc1-b4e6-2761f8f122ed","Excel 2024 for Mac","2026-02-28T22:19:32Z","source_only","pending","Applies-to extracted by ECS-EB-037 crawler."
"TOCOL","TOCOL function - Microsoft Support","https://support.microsoft.com/en-us/office/tocol-function-22839d9b-0b55-4fc1-b4e6-2761f8f122ed","Excel for Microsoft 365","2026-02-28T22:19:32Z","source_only","pending","Applies-to extracted by ECS-EB-037 crawler."
"TOCOL","TOCOL function - Microsoft Support","https://support.microsoft.com/en-us/office/tocol-function-22839d9b-0b55-4fc1-b4e6-2761f8f122ed","Excel for Microsoft 365 for Mac","2026-02-28T22:19:32Z","source_only","pending","Applies-to extracted by ECS-EB-037 crawler."
"TOCOL","TOCOL function - Microsoft Support","https://support.microsoft.com/en-us/office/tocol-function-22839d9b-0b55-4fc1-b4e6-2761f8f122ed","Excel for the web","2026-02-28T22:19:32Z","source_only","pending","Applies-to extracted by ECS-EB-037 crawler."
"TODAY","TODAY function - Microsoft Support","https://support.microsoft.com/en-us/office/today-function-5eb3078d-a82c-4736-8930-2f51a028fdd9","Excel 2016","2026-02-28T22:19:32Z","source_only","pending","Applies-to extracted by ECS-EB-037 crawler."
"TODAY","TODAY function - Microsoft Support","https://support.microsoft.com/en-us/office/today-function-5eb3078d-a82c-4736-8930-2f51a028fdd9","Excel 2019","2026-02-28T22:19:32Z","source_only","pending","Applies-to extracted by ECS-EB-037 crawler."
"TODAY","TODAY function - Microsoft Support","https://support.microsoft.com/en-us/office/today-function-5eb3078d-a82c-4736-8930-2f51a028fdd9","Excel 2021","2026-02-28T22:19:32Z","source_only","pending","Applies-to extracted by ECS-EB-037 crawler."
"TODAY","TODAY function - Microsoft Support","https://support.microsoft.com/en-us/office/today-function-5eb3078d-a82c-4736-8930-2f51a028fdd9","Excel 2021 for Mac","2026-02-28T22:19:32Z","source_only","pending","Applies-to extracted by ECS-EB-037 crawler."
"TODAY","TODAY function - Microsoft Support","https://support.microsoft.com/en-us/office/today-function-5eb3078d-a82c-4736-8930-2f51a028fdd9","Excel 2024","2026-02-28T22:19:32Z","source_only","pending","Applies-to extracted by ECS-EB-037 crawler."
"TODAY","TODAY function - Microsoft Support","https://support.microsoft.com/en-us/office/today-function-5eb3078d-a82c-4736-8930-2f51a028fdd9","Excel 2024 for Mac","2026-02-28T22:19:32Z","source_only","pending","Applies-to extracted by ECS-EB-037 crawler."
"TODAY","TODAY function - Microsoft Support","https://support.microsoft.com/en-us/office/today-function-5eb3078d-a82c-4736-8930-2f51a028fdd9","Excel for Microsoft 365","2026-02-28T22:19:32Z","source_only","pending","Applies-to extracted by ECS-EB-037 crawler."
"TODAY","TODAY function - Microsoft Support","https://support.microsoft.com/en-us/office/today-function-5eb3078d-a82c-4736-8930-2f51a028fdd9","Excel for Microsoft 365 for Mac","2026-02-28T22:19:32Z","source_only","pending","Applies-to extracted by ECS-EB-037 crawler."
"TODAY","TODAY function - Microsoft Support","https://support.microsoft.com/en-us/office/today-function-5eb3078d-a82c-4736-8930-2f51a028fdd9","Excel for the web","2026-02-28T22:19:32Z","source_only","pending","Applies-to extracted by ECS-EB-037 crawler."
"TOROW","TOROW function - Microsoft Support","https://support.microsoft.com/en-us/office/torow-function-b90d0964-a7d9-44b7-816b-ffa5c2fe2289","Excel 2024","2026-02-28T22:19:32Z","source_only","pending","Applies-to extracted by ECS-EB-037 crawler."
"TOROW","TOROW function - Microsoft Support","https://support.microsoft.com/en-us/office/torow-function-b90d0964-a7d9-44b7-816b-ffa5c2fe2289","Excel 2024 for Mac","2026-02-28T22:19:32Z","source_only","pending","Applies-to extracted by ECS-EB-037 crawler."
"TOROW","TOROW function - Microsoft Support","https://support.microsoft.com/en-us/office/torow-function-b90d0964-a7d9-44b7-816b-ffa5c2fe2289","Excel for Microsoft 365","2026-02-28T22:19:32Z","source_only","pending","Applies-to extracted by ECS-EB-037 crawler."
"TOROW","TOROW function - Microsoft Support","https://support.microsoft.com/en-us/office/torow-function-b90d0964-a7d9-44b7-816b-ffa5c2fe2289","Excel for Microsoft 365 for Mac","2026-02-28T22:19:32Z","source_only","pending","Applies-to extracted by ECS-EB-037 crawler."
"TOROW","TOROW function - Microsoft Support","https://support.microsoft.com/en-us/office/torow-function-b90d0964-a7d9-44b7-816b-ffa5c2fe2289","Excel for the web","2026-02-28T22:19:32Z","source_only","pending","Applies-to extracted by ECS-EB-037 crawler."
"TRANSPOSE","TRANSPOSE function - Microsoft Support","https://support.microsoft.com/en-us/office/transpose-function-ed039415-ed8a-4a81-93e9-4b6dfac76027","Excel 2016","2026-02-28T22:19:32Z","source_only","pending","Applies-to extracted by ECS-EB-037 crawler."
"TRANSPOSE","TRANSPOSE function - Microsoft Support","https://support.microsoft.com/en-us/office/transpose-function-ed039415-ed8a-4a81-93e9-4b6dfac76027","Excel 2019","2026-02-28T22:19:32Z","source_only","pending","Applies-to extracted by ECS-EB-037 crawler."
"TRANSPOSE","TRANSPOSE function - Microsoft Support","https://support.microsoft.com/en-us/office/transpose-function-ed039415-ed8a-4a81-93e9-4b6dfac76027","Excel 2021","2026-02-28T22:19:32Z","source_only","pending","Applies-to extracted by ECS-EB-037 crawler."
"TRANSPOSE","TRANSPOSE function - Microsoft Support","https://support.microsoft.com/en-us/office/transpose-function-ed039415-ed8a-4a81-93e9-4b6dfac76027","Excel 2021 for Mac","2026-02-28T22:19:32Z","source_only","pending","Applies-to extracted by ECS-EB-037 crawler."
"TRANSPOSE","TRANSPOSE function - Microsoft Support","https://support.microsoft.com/en-us/office/transpose-function-ed039415-ed8a-4a81-93e9-4b6dfac76027","Excel 2024","2026-02-28T22:19:32Z","source_only","pending","Applies-to extracted by ECS-EB-037 crawler."
"TRANSPOSE","TRANSPOSE function - Microsoft Support","https://support.microsoft.com/en-us/office/transpose-function-ed039415-ed8a-4a81-93e9-4b6dfac76027","Excel 2024 for Mac","2026-02-28T22:19:32Z","source_only","pending","Applies-to extracted by ECS-EB-037 crawler."
"TRANSPOSE","TRANSPOSE function - Microsoft Support","https://support.microsoft.com/en-us/office/transpose-function-ed039415-ed8a-4a81-93e9-4b6dfac76027","Excel for Microsoft 365","2026-02-28T22:19:32Z","source_only","pending","Applies-to extracted by ECS-EB-037 crawler."
"TRANSPOSE","TRANSPOSE function - Microsoft Support","https://support.microsoft.com/en-us/office/transpose-function-ed039415-ed8a-4a81-93e9-4b6dfac76027","Excel for Microsoft 365 for Mac","2026-02-28T22:19:32Z","source_only","pending","Applies-to extracted by ECS-EB-037 crawler."
"TRANSPOSE","TRANSPOSE function - Microsoft Support","https://support.microsoft.com/en-us/office/transpose-function-ed039415-ed8a-4a81-93e9-4b6dfac76027","Excel for the web","2026-02-28T22:19:32Z","source_only","pending","Applies-to extracted by ECS-EB-037 crawler."
"TRANSPOSE","TRANSPOSE function - Microsoft Support","https://support.microsoft.com/en-us/office/transpose-function-ed039415-ed8a-4a81-93e9-4b6dfac76027","Microsoft Office","2026-02-28T22:19:32Z","source_only","pending","Applies-to extracted by ECS-EB-037 crawler."
"TRIMRANGE","TRIMRANGE function - Microsoft Support","https://support.microsoft.com/en-us/office/trimrange-function-d7812248-3bc5-4c6b-901c-1afa9564f999","Excel for Microsoft 365","2026-02-28T22:19:32Z","source_only","pending","Applies-to extracted by ECS-EB-037 crawler."
"TYPE","TYPE function - Microsoft Support","https://support.microsoft.com/en-us/office/type-function-45b4e688-4bc3-48b3-a105-ffa892995899","Excel 2016","2026-02-28T22:19:32Z","source_only","pending","Applies-to extracted by ECS-EB-037 crawler."
"TYPE","TYPE function - Microsoft Support","https://support.microsoft.com/en-us/office/type-function-45b4e688-4bc3-48b3-a105-ffa892995899","Excel 2019","2026-02-28T22:19:32Z","source_only","pending","Applies-to extracted by ECS-EB-037 crawler."
"TYPE","TYPE function - Microsoft Support","https://support.microsoft.com/en-us/office/type-function-45b4e688-4bc3-48b3-a105-ffa892995899","Excel 2021","2026-02-28T22:19:32Z","source_only","pending","Applies-to extracted by ECS-EB-037 crawler."
"TYPE","TYPE function - Microsoft Support","https://support.microsoft.com/en-us/office/type-function-45b4e688-4bc3-48b3-a105-ffa892995899","Excel 2021 for Mac","2026-02-28T22:19:32Z","source_only","pending","Applies-to extracted by ECS-EB-037 crawler."
"TYPE","TYPE function - Microsoft Support","https://support.microsoft.com/en-us/office/type-function-45b4e688-4bc3-48b3-a105-ffa892995899","Excel 2024","2026-02-28T22:19:32Z","source_only","pending","Applies-to extracted by ECS-EB-037 crawler."
"TYPE","TYPE function - Microsoft Support","https://support.microsoft.com/en-us/office/type-function-45b4e688-4bc3-48b3-a105-ffa892995899","Excel 2024 for Mac","2026-02-28T22:19:32Z","source_only","pending","Applies-to extracted by ECS-EB-037 crawler."
"TYPE","TYPE function - Microsoft Support","https://support.microsoft.com/en-us/office/type-function-45b4e688-4bc3-48b3-a105-ffa892995899","Excel for Microsoft 365","2026-02-28T22:19:32Z","source_only","pending","Applies-to extracted by ECS-EB-037 crawler."
"TYPE","TYPE function - Microsoft Support","https://support.microsoft.com/en-us/office/type-function-45b4e688-4bc3-48b3-a105-ffa892995899","Excel for Microsoft 365 for Mac","2026-02-28T22:19:32Z","source_only","pending","Applies-to extracted by ECS-EB-037 crawler."
"TYPE","TYPE function - Microsoft Support","https://support.microsoft.com/en-us/office/type-function-45b4e688-4bc3-48b3-a105-ffa892995899","Excel for the web","2026-02-28T22:19:32Z","source_only","pending","Applies-to extracted by ECS-EB-037 crawler."
"UNIQUE","UNIQUE function - Microsoft Support","https://support.microsoft.com/en-us/office/unique-function-c5ab87fd-30a3-4ce9-9d1a-40204fb85e1e","Excel 2021","2026-02-28T22:19:32Z","source_only","pending","Applies-to extracted by ECS-EB-037 crawler."
"UNIQUE","UNIQUE function - Microsoft Support","https://support.microsoft.com/en-us/office/unique-function-c5ab87fd-30a3-4ce9-9d1a-40204fb85e1e","Excel 2021 for Mac","2026-02-28T22:19:32Z","source_only","pending","Applies-to extracted by ECS-EB-037 crawler."
"UNIQUE","UNIQUE function - Microsoft Support","https://support.microsoft.com/en-us/office/unique-function-c5ab87fd-30a3-4ce9-9d1a-40204fb85e1e","Excel 2024","2026-02-28T22:19:32Z","source_only","pending","Applies-to extracted by ECS-EB-037 crawler."
"UNIQUE","UNIQUE function - Microsoft Support","https://support.microsoft.com/en-us/office/unique-function-c5ab87fd-30a3-4ce9-9d1a-40204fb85e1e","Excel 2024 for Mac","2026-02-28T22:19:32Z","source_only","pending","Applies-to extracted by ECS-EB-037 crawler."
"UNIQUE","UNIQUE function - Microsoft Support","https://support.microsoft.com/en-us/office/unique-function-c5ab87fd-30a3-4ce9-9d1a-40204fb85e1e","Excel for Android phones","2026-02-28T22:19:32Z","source_only","pending","Applies-to extracted by ECS-EB-037 crawler."
"UNIQUE","UNIQUE function - Microsoft Support","https://support.microsoft.com/en-us/office/unique-function-c5ab87fd-30a3-4ce9-9d1a-40204fb85e1e","Excel for Android tablets","2026-02-28T22:19:32Z","source_only","pending","Applies-to extracted by ECS-EB-037 crawler."
"UNIQUE","UNIQUE function - Microsoft Support","https://support.microsoft.com/en-us/office/unique-function-c5ab87fd-30a3-4ce9-9d1a-40204fb85e1e","Excel for iPad","2026-02-28T22:19:32Z","source_only","pending","Applies-to extracted by ECS-EB-037 crawler."
"UNIQUE","UNIQUE function - Microsoft Support","https://support.microsoft.com/en-us/office/unique-function-c5ab87fd-30a3-4ce9-9d1a-40204fb85e1e","Excel for iPhone","2026-02-28T22:19:32Z","source_only","pending","Applies-to extracted by ECS-EB-037 crawler."
"UNIQUE","UNIQUE function - Microsoft Support","https://support.microsoft.com/en-us/office/unique-function-c5ab87fd-30a3-4ce9-9d1a-40204fb85e1e","Excel for Microsoft 365","2026-02-28T22:19:32Z","source_only","pending","Applies-to extracted by ECS-EB-037 crawler."
"UNIQUE","UNIQUE function - Microsoft Support","https://support.microsoft.com/en-us/office/unique-function-c5ab87fd-30a3-4ce9-9d1a-40204fb85e1e","Excel for Microsoft 365 for Mac","2026-02-28T22:19:32Z","source_only","pending","Applies-to extracted by ECS-EB-037 crawler."
"UNIQUE","UNIQUE function - Microsoft Support","https://support.microsoft.com/en-us/office/unique-function-c5ab87fd-30a3-4ce9-9d1a-40204fb85e1e","Excel for the web","2026-02-28T22:19:32Z","source_only","pending","Applies-to extracted by ECS-EB-037 crawler."
"UNIQUE","UNIQUE function - Microsoft Support","https://support.microsoft.com/en-us/office/unique-function-c5ab87fd-30a3-4ce9-9d1a-40204fb85e1e","Microsoft Office","2026-02-28T22:19:32Z","source_only","pending","Applies-to extracted by ECS-EB-037 crawler."
"UNIQUE","UNIQUE function - Microsoft Support","https://support.microsoft.com/en-us/office/unique-function-c5ab87fd-30a3-4ce9-9d1a-40204fb85e1e","Microsoft365.com","2026-02-28T22:19:32Z","source_only","pending","Applies-to extracted by ECS-EB-037 crawler."
"VALUE","VALUE function - Microsoft Support","https://support.microsoft.com/en-us/office/value-function-257d0108-07dc-437d-ae1c-bc2d3953d8c2","Excel 2016","2026-02-28T22:19:32Z","source_only","pending","Applies-to extracted by ECS-EB-037 crawler."
"VALUE","VALUE function - Microsoft Support","https://support.microsoft.com/en-us/office/value-function-257d0108-07dc-437d-ae1c-bc2d3953d8c2","Excel 2019","2026-02-28T22:19:32Z","source_only","pending","Applies-to extracted by ECS-EB-037 crawler."
"VALUE","VALUE function - Microsoft Support","https://support.microsoft.com/en-us/office/value-function-257d0108-07dc-437d-ae1c-bc2d3953d8c2","Excel 2021","2026-02-28T22:19:32Z","source_only","pending","Applies-to extracted by ECS-EB-037 crawler."
"VALUE","VALUE function - Microsoft Support","https://support.microsoft.com/en-us/office/value-function-257d0108-07dc-437d-ae1c-bc2d3953d8c2","Excel 2021 for Mac","2026-02-28T22:19:32Z","source_only","pending","Applies-to extracted by ECS-EB-037 crawler."
"VALUE","VALUE function - Microsoft Support","https://support.microsoft.com/en-us/office/value-function-257d0108-07dc-437d-ae1c-bc2d3953d8c2","Excel 2024","2026-02-28T22:19:32Z","source_only","pending","Applies-to extracted by ECS-EB-037 crawler."
"VALUE","VALUE function - Microsoft Support","https://support.microsoft.com/en-us/office/value-function-257d0108-07dc-437d-ae1c-bc2d3953d8c2","Excel 2024 for Mac","2026-02-28T22:19:32Z","source_only","pending","Applies-to extracted by ECS-EB-037 crawler."
"VALUE","VALUE function - Microsoft Support","https://support.microsoft.com/en-us/office/value-function-257d0108-07dc-437d-ae1c-bc2d3953d8c2","Excel for Microsoft 365","2026-02-28T22:19:32Z","source_only","pending","Applies-to extracted by ECS-EB-037 crawler."
"VALUE","VALUE function - Microsoft Support","https://support.microsoft.com/en-us/office/value-function-257d0108-07dc-437d-ae1c-bc2d3953d8c2","Excel for Microsoft 365 for Mac","2026-02-28T22:19:32Z","source_only","pending","Applies-to extracted by ECS-EB-037 crawler."
"VALUE","VALUE function - Microsoft Support","https://support.microsoft.com/en-us/office/value-function-257d0108-07dc-437d-ae1c-bc2d3953d8c2","Excel for the web","2026-02-28T22:19:32Z","source_only","pending","Applies-to extracted by ECS-EB-037 crawler."
"VALUE","VALUE function - Microsoft Support","https://support.microsoft.com/en-us/office/value-function-257d0108-07dc-437d-ae1c-bc2d3953d8c2","Microsoft Office","2026-02-28T22:19:32Z","source_only","pending","Applies-to extracted by ECS-EB-037 crawler."
"VALUE","VALUE function - Microsoft Support","https://support.microsoft.com/en-us/office/value-function-257d0108-07dc-437d-ae1c-bc2d3953d8c2","Microsoft365.com","2026-02-28T22:19:32Z","source_only","pending","Applies-to extracted by ECS-EB-037 crawler."
"VALUETOTEXT","VALUETOTEXT function - Microsoft Support","https://support.microsoft.com/en-us/office/valuetotext-function-5fff61a2-301a-4ab2-9ffa-0a5242a08fea","Excel 2021","2026-02-28T22:19:32Z","source_only","pending","Applies-to extracted by ECS-EB-037 crawler."
"VALUETOTEXT","VALUETOTEXT function - Microsoft Support","https://support.microsoft.com/en-us/office/valuetotext-function-5fff61a2-301a-4ab2-9ffa-0a5242a08fea","Excel 2021 for Mac","2026-02-28T22:19:32Z","source_only","pending","Applies-to extracted by ECS-EB-037 crawler."
"VALUETOTEXT","VALUETOTEXT function - Microsoft Support","https://support.microsoft.com/en-us/office/valuetotext-function-5fff61a2-301a-4ab2-9ffa-0a5242a08fea","Excel for Microsoft 365","2026-02-28T22:19:32Z","source_only","pending","Applies-to extracted by ECS-EB-037 crawler."
"VALUETOTEXT","VALUETOTEXT function - Microsoft Support","https://support.microsoft.com/en-us/office/valuetotext-function-5fff61a2-301a-4ab2-9ffa-0a5242a08fea","Excel for Microsoft 365 for Mac","2026-02-28T22:19:32Z","source_only","pending","Applies-to extracted by ECS-EB-037 crawler."
"VALUETOTEXT","VALUETOTEXT function - Microsoft Support","https://support.microsoft.com/en-us/office/valuetotext-function-5fff61a2-301a-4ab2-9ffa-0a5242a08fea","Excel for the web","2026-02-28T22:19:32Z","source_only","pending","Applies-to extracted by ECS-EB-037 crawler."
"VALUETOTEXT","VALUETOTEXT function - Microsoft Support","https://support.microsoft.com/en-us/office/valuetotext-function-5fff61a2-301a-4ab2-9ffa-0a5242a08fea","Microsoft Office","2026-02-28T22:19:32Z","source_only","pending","Applies-to extracted by ECS-EB-037 crawler."
"VSTACK","VSTACK function - Microsoft Support","https://support.microsoft.com/en-us/office/vstack-function-a4b86897-be0f-48fc-adca-fcc10d795a9c","Excel 2024","2026-02-28T22:19:32Z","source_only","pending","Applies-to extracted by ECS-EB-037 crawler."
"VSTACK","VSTACK function - Microsoft Support","https://support.microsoft.com/en-us/office/vstack-function-a4b86897-be0f-48fc-adca-fcc10d795a9c","Excel 2024 for Mac","2026-02-28T22:19:32Z","source_only","pending","Applies-to extracted by ECS-EB-037 crawler."
"VSTACK","VSTACK function - Microsoft Support","https://support.microsoft.com/en-us/office/vstack-function-a4b86897-be0f-48fc-adca-fcc10d795a9c","Excel for Microsoft 365","2026-02-28T22:19:32Z","source_only","pending","Applies-to extracted by ECS-EB-037 crawler."
"VSTACK","VSTACK function - Microsoft Support","https://support.microsoft.com/en-us/office/vstack-function-a4b86897-be0f-48fc-adca-fcc10d795a9c","Excel for Microsoft 365 for Mac","2026-02-28T22:19:32Z","source_only","pending","Applies-to extracted by ECS-EB-037 crawler."
"VSTACK","VSTACK function - Microsoft Support","https://support.microsoft.com/en-us/office/vstack-function-a4b86897-be0f-48fc-adca-fcc10d795a9c","Excel for the web","2026-02-28T22:19:32Z","source_only","pending","Applies-to extracted by ECS-EB-037 crawler."
"WEBSERVICE","WEBSERVICE function - Microsoft Support","https://support.microsoft.com/en-us/office/webservice-function-0546a35a-ecc6-4739-aed7-c0b7ce1562c4","Excel 2016","2026-02-28T22:19:32Z","source_only","pending","Applies-to extracted by ECS-EB-037 crawler."
"WEBSERVICE","WEBSERVICE function - Microsoft Support","https://support.microsoft.com/en-us/office/webservice-function-0546a35a-ecc6-4739-aed7-c0b7ce1562c4","Excel 2019","2026-02-28T22:19:32Z","source_only","pending","Applies-to extracted by ECS-EB-037 crawler."
"WEBSERVICE","WEBSERVICE function - Microsoft Support","https://support.microsoft.com/en-us/office/webservice-function-0546a35a-ecc6-4739-aed7-c0b7ce1562c4","Excel 2021","2026-02-28T22:19:32Z","source_only","pending","Applies-to extracted by ECS-EB-037 crawler."
"WEBSERVICE","WEBSERVICE function - Microsoft Support","https://support.microsoft.com/en-us/office/webservice-function-0546a35a-ecc6-4739-aed7-c0b7ce1562c4","Excel 2024","2026-02-28T22:19:32Z","source_only","pending","Applies-to extracted by ECS-EB-037 crawler."
"WEBSERVICE","WEBSERVICE function - Microsoft Support","https://support.microsoft.com/en-us/office/webservice-function-0546a35a-ecc6-4739-aed7-c0b7ce1562c4","Excel for Microsoft 365","2026-02-28T22:19:32Z","source_only","pending","Applies-to extracted by ECS-EB-037 crawler."
"WRAPCOLS","WRAPCOLS function - Microsoft Support","https://support.microsoft.com/en-us/office/wrapcols-function-d038b05a-57b7-4ee0-be94-ded0792511e2","Excel 2024","2026-02-28T22:19:32Z","source_only","pending","Applies-to extracted by ECS-EB-037 crawler."
"WRAPCOLS","WRAPCOLS function - Microsoft Support","https://support.microsoft.com/en-us/office/wrapcols-function-d038b05a-57b7-4ee0-be94-ded0792511e2","Excel 2024 for Mac","2026-02-28T22:19:32Z","source_only","pending","Applies-to extracted by ECS-EB-037 crawler."
"WRAPCOLS","WRAPCOLS function - Microsoft Support","https://support.microsoft.com/en-us/office/wrapcols-function-d038b05a-57b7-4ee0-be94-ded0792511e2","Excel for Microsoft 365","2026-02-28T22:19:32Z","source_only","pending","Applies-to extracted by ECS-EB-037 crawler."
"WRAPCOLS","WRAPCOLS function - Microsoft Support","https://support.microsoft.com/en-us/office/wrapcols-function-d038b05a-57b7-4ee0-be94-ded0792511e2","Excel for Microsoft 365 for Mac","2026-02-28T22:19:32Z","source_only","pending","Applies-to extracted by ECS-EB-037 crawler."
"WRAPCOLS","WRAPCOLS function - Microsoft Support","https://support.microsoft.com/en-us/office/wrapcols-function-d038b05a-57b7-4ee0-be94-ded0792511e2","Excel for the web","2026-02-28T22:19:32Z","source_only","pending","Applies-to extracted by ECS-EB-037 crawler."
"WRAPROWS","WRAPROWS function - Microsoft Support","https://support.microsoft.com/en-us/office/wraprows-function-796825f3-975a-4cee-9c84-1bbddf60ade0","Excel 2024","2026-02-28T22:19:32Z","source_only","pending","Applies-to extracted by ECS-EB-037 crawler."
"WRAPROWS","WRAPROWS function - Microsoft Support","https://support.microsoft.com/en-us/office/wraprows-function-796825f3-975a-4cee-9c84-1bbddf60ade0","Excel 2024 for Mac","2026-02-28T22:19:32Z","source_only","pending","Applies-to extracted by ECS-EB-037 crawler."
"WRAPROWS","WRAPROWS function - Microsoft Support","https://support.microsoft.com/en-us/office/wraprows-function-796825f3-975a-4cee-9c84-1bbddf60ade0","Excel for Microsoft 365","2026-02-28T22:19:32Z","source_only","pending","Applies-to extracted by ECS-EB-037 crawler."
"WRAPROWS","WRAPROWS function - Microsoft Support","https://support.microsoft.com/en-us/office/wraprows-function-796825f3-975a-4cee-9c84-1bbddf60ade0","Excel for Microsoft 365 for Mac","2026-02-28T22:19:32Z","source_only","pending","Applies-to extracted by ECS-EB-037 crawler."
"WRAPROWS","WRAPROWS function - Microsoft Support","https://support.microsoft.com/en-us/office/wraprows-function-796825f3-975a-4cee-9c84-1bbddf60ade0","Excel for the web","2026-02-28T22:19:32Z","source_only","pending","Applies-to extracted by ECS-EB-037 crawler."
"XLOOKUP","XLOOKUP function - Microsoft Support","https://support.microsoft.com/en-us/office/xlookup-function-b7fd680e-6d10-43e6-84f9-88eae8bf5929","Excel 2016","2026-02-28T22:19:32Z","source_only","pending","Applies-to extracted by ECS-EB-037 crawler."
"XLOOKUP","XLOOKUP function - Microsoft Support","https://support.microsoft.com/en-us/office/xlookup-function-b7fd680e-6d10-43e6-84f9-88eae8bf5929","Excel 2019","2026-02-28T22:19:32Z","source_only","pending","Applies-to extracted by ECS-EB-037 crawler."
"XLOOKUP","XLOOKUP function - Microsoft Support","https://support.microsoft.com/en-us/office/xlookup-function-b7fd680e-6d10-43e6-84f9-88eae8bf5929","Excel 2021","2026-02-28T22:19:32Z","source_only","pending","Applies-to extracted by ECS-EB-037 crawler."
"XLOOKUP","XLOOKUP function - Microsoft Support","https://support.microsoft.com/en-us/office/xlookup-function-b7fd680e-6d10-43e6-84f9-88eae8bf5929","Excel 2021 for Mac","2026-02-28T22:19:32Z","source_only","pending","Applies-to extracted by ECS-EB-037 crawler."
"XLOOKUP","XLOOKUP function - Microsoft Support","https://support.microsoft.com/en-us/office/xlookup-function-b7fd680e-6d10-43e6-84f9-88eae8bf5929","Excel 2024","2026-02-28T22:19:32Z","source_only","pending","Applies-to extracted by ECS-EB-037 crawler."
"XLOOKUP","XLOOKUP function - Microsoft Support","https://support.microsoft.com/en-us/office/xlookup-function-b7fd680e-6d10-43e6-84f9-88eae8bf5929","Excel 2024 for Mac","2026-02-28T22:19:32Z","source_only","pending","Applies-to extracted by ECS-EB-037 crawler."
"XLOOKUP","XLOOKUP function - Microsoft Support","https://support.microsoft.com/en-us/office/xlookup-function-b7fd680e-6d10-43e6-84f9-88eae8bf5929","Excel for Android phones","2026-02-28T22:19:32Z","source_only","pending","Applies-to extracted by ECS-EB-037 crawler."
"XLOOKUP","XLOOKUP function - Microsoft Support","https://support.microsoft.com/en-us/office/xlookup-function-b7fd680e-6d10-43e6-84f9-88eae8bf5929","Excel for Android tablets","2026-02-28T22:19:32Z","source_only","pending","Applies-to extracted by ECS-EB-037 crawler."
"XLOOKUP","XLOOKUP function - Microsoft Support","https://support.microsoft.com/en-us/office/xlookup-function-b7fd680e-6d10-43e6-84f9-88eae8bf5929","Excel for iPad","2026-02-28T22:19:32Z","source_only","pending","Applies-to extracted by ECS-EB-037 crawler."
"XLOOKUP","XLOOKUP function - Microsoft Support","https://support.microsoft.com/en-us/office/xlookup-function-b7fd680e-6d10-43e6-84f9-88eae8bf5929","Excel for iPhone","2026-02-28T22:19:32Z","source_only","pending","Applies-to extracted by ECS-EB-037 crawler."
"XLOOKUP","XLOOKUP function - Microsoft Support","https://support.microsoft.com/en-us/office/xlookup-function-b7fd680e-6d10-43e6-84f9-88eae8bf5929","Excel for Microsoft 365","2026-02-28T22:19:32Z","source_only","pending","Applies-to extracted by ECS-EB-037 crawler."
"XLOOKUP","XLOOKUP function - Microsoft Support","https://support.microsoft.com/en-us/office/xlookup-function-b7fd680e-6d10-43e6-84f9-88eae8bf5929","Excel for Microsoft 365 for Mac","2026-02-28T22:19:32Z","source_only","pending","Applies-to extracted by ECS-EB-037 crawler."
"XLOOKUP","XLOOKUP function - Microsoft Support","https://support.microsoft.com/en-us/office/xlookup-function-b7fd680e-6d10-43e6-84f9-88eae8bf5929","Excel for the web","2026-02-28T22:19:32Z","source_only","pending","Applies-to extracted by ECS-EB-037 crawler."
"XLOOKUP","XLOOKUP function - Microsoft Support","https://support.microsoft.com/en-us/office/xlookup-function-b7fd680e-6d10-43e6-84f9-88eae8bf5929","Microsoft Office","2026-02-28T22:19:32Z","source_only","pending","Applies-to extracted by ECS-EB-037 crawler."
"XMATCH","XMATCH function - Microsoft Support","https://support.microsoft.com/en-us/office/xmatch-function-d966da31-7a6b-4a13-a1c6-5a33ed6a0312","Excel 2021","2026-02-28T22:19:32Z","source_only","pending","Applies-to extracted by ECS-EB-037 crawler."
"XMATCH","XMATCH function - Microsoft Support","https://support.microsoft.com/en-us/office/xmatch-function-d966da31-7a6b-4a13-a1c6-5a33ed6a0312","Excel 2021 for Mac","2026-02-28T22:19:32Z","source_only","pending","Applies-to extracted by ECS-EB-037 crawler."
"XMATCH","XMATCH function - Microsoft Support","https://support.microsoft.com/en-us/office/xmatch-function-d966da31-7a6b-4a13-a1c6-5a33ed6a0312","Excel 2024","2026-02-28T22:19:32Z","source_only","pending","Applies-to extracted by ECS-EB-037 crawler."
"XMATCH","XMATCH function - Microsoft Support","https://support.microsoft.com/en-us/office/xmatch-function-d966da31-7a6b-4a13-a1c6-5a33ed6a0312","Excel 2024 for Mac","2026-02-28T22:19:32Z","source_only","pending","Applies-to extracted by ECS-EB-037 crawler."
"XMATCH","XMATCH function - Microsoft Support","https://support.microsoft.com/en-us/office/xmatch-function-d966da31-7a6b-4a13-a1c6-5a33ed6a0312","Excel for Microsoft 365","2026-02-28T22:19:32Z","source_only","pending","Applies-to extracted by ECS-EB-037 crawler."
"XMATCH","XMATCH function - Microsoft Support","https://support.microsoft.com/en-us/office/xmatch-function-d966da31-7a6b-4a13-a1c6-5a33ed6a0312","Excel for Microsoft 365 for Mac","2026-02-28T22:19:32Z","source_only","pending","Applies-to extracted by ECS-EB-037 crawler."
"XMATCH","XMATCH function - Microsoft Support","https://support.microsoft.com/en-us/office/xmatch-function-d966da31-7a6b-4a13-a1c6-5a33ed6a0312","Excel for the web","2026-02-28T22:19:32Z","source_only","pending","Applies-to extracted by ECS-EB-037 crawler."
