"run_id","source_scope","topic_group","source_id","source_url","local_path","kind","status","note","downloaded_utc","size_bytes","sha256"
"20260323-163418Z","discovered_download","mixed","discovered","https://officeprotocoldocs-f5hpbjgea6b8gneq.b02.azurefd.net/files/MS-CUSTOMUI/%5bMS-CUSTOMUI%5d-240220.pdf","C:\Work\DnaCalc\Foundation\reference\downloads\officeprotocoldocs-f5hpbjgea6b8gneq.b02.azurefd.net\files\MS-CUSTOMUI\[MS-CUSTOMUI]-240220.pdf","download_artifact","downloaded","Direct downloadable artifact mirror.","2026-03-23T16:34:49.9900262Z","12547104","19d926cc69a2301157af5eda2f470a25573d79f3889f2fcfad2ceed51618b206"
"20260323-163418Z","discovered_download","mixed","discovered","https://officeprotocoldocs-f5hpbjgea6b8gneq.b02.azurefd.net/files/MS-CUSTOMUI/%5bMS-CUSTOMUI%5d-250218.docx","C:\Work\DnaCalc\Foundation\reference\downloads\officeprotocoldocs-f5hpbjgea6b8gneq.b02.azurefd.net\files\MS-CUSTOMUI\[MS-CUSTOMUI]-250218.docx","download_artifact","downloaded","Direct downloadable artifact mirror.","2026-03-23T16:34:52.4880151Z","1380654","738a9ea710c4c3aa464d5d171c9986a5d17db8e459a773bedafb3a02b58b4a00"
"20260323-163418Z","discovered_download","mixed","discovered","https://officeprotocoldocs-f5hpbjgea6b8gneq.b02.azurefd.net/files/MS-CUSTOMUI/%5bMS-CUSTOMUI%5d.pdf","C:\Work\DnaCalc\Foundation\reference\downloads\officeprotocoldocs-f5hpbjgea6b8gneq.b02.azurefd.net\files\MS-CUSTOMUI\[MS-CUSTOMUI].pdf","download_artifact","downloaded","Direct downloadable artifact mirror.","2026-03-23T16:34:58.2981762Z","12545106","7cbec995d75b11253c76ebb72f87410371545333ea72a7fbaf9f77a43f3b5443"
"20260323-163418Z","discovered_download","mixed","discovered","https://officeprotocoldocs-f5hpbjgea6b8gneq.b02.azurefd.net/files/MS-CUSTOMUI2/%5bMS-CUSTOMUI2%5d-240416.pdf","C:\Work\DnaCalc\Foundation\reference\downloads\officeprotocoldocs-f5hpbjgea6b8gneq.b02.azurefd.net\files\MS-CUSTOMUI2\[MS-CUSTOMUI2]-240416.pdf","download_artifact","downloaded","Direct downloadable artifact mirror.","2026-03-23T16:35:02.1599549Z","4067467","667206aeba451dd7f78c0aabdf5c4846f15141e9bbf8ceb571316bfe412825c0"
"20260323-163418Z","discovered_download","mixed","discovered","https://officeprotocoldocs-f5hpbjgea6b8gneq.b02.azurefd.net/files/MS-CUSTOMUI2/%5bMS-CUSTOMUI2%5d-240820.docx","C:\Work\DnaCalc\Foundation\reference\downloads\officeprotocoldocs-f5hpbjgea6b8gneq.b02.azurefd.net\files\MS-CUSTOMUI2\[MS-CUSTOMUI2]-240820.docx","download_artifact","downloaded","Direct downloadable artifact mirror.","2026-03-23T16:35:03.7895555Z","171637","773741cc9d0f99ec533cc67446f6fd7006eb4548f6cfa5cbca5d07bc9e332b7a"
"20260323-163418Z","discovered_download","mixed","discovered","https://officeprotocoldocs-f5hpbjgea6b8gneq.b02.azurefd.net/files/MS-CUSTOMUI2/%5bMS-CUSTOMUI2%5d.pdf","C:\Work\DnaCalc\Foundation\reference\downloads\officeprotocoldocs-f5hpbjgea6b8gneq.b02.azurefd.net\files\MS-CUSTOMUI2\[MS-CUSTOMUI2].pdf","download_artifact","downloaded","Direct downloadable artifact mirror.","2026-03-23T16:35:07.3685369Z","4060954","7c6348413305ebb07d3e3b1575b1c7111449f70388aeefbaf7c9ae23075f9b46"
"20260323-163418Z","discovered_download","mixed","discovered","https://officeprotocoldocs-f5hpbjgea6b8gneq.b02.azurefd.net/files/MS-DOCX/%5bMS-DOCX%5d-250520.pdf","C:\Work\DnaCalc\Foundation\reference\downloads\officeprotocoldocs-f5hpbjgea6b8gneq.b02.azurefd.net\files\MS-DOCX\[MS-DOCX]-250520.pdf","download_artifact","downloaded","Direct downloadable artifact mirror.","2026-03-23T16:35:10.6967818Z","3307607","a8d2ad7f922638395ced74968bdcdd27bef3c8e6d1661e712c802e8003f541ed"
"20260323-163418Z","discovered_download","mixed","discovered","https://officeprotocoldocs-f5hpbjgea6b8gneq.b02.azurefd.net/files/MS-DOCX/%5bMS-DOCX%5d-251113.docx","C:\Work\DnaCalc\Foundation\reference\downloads\officeprotocoldocs-f5hpbjgea6b8gneq.b02.azurefd.net\files\MS-DOCX\[MS-DOCX]-251113.docx","download_artifact","downloaded","Direct downloadable artifact mirror.","2026-03-23T16:35:12.3364695Z","192950","bde9b8eab19a39ad92106e89cd1955c6133bcc1bbfd8a8485186eb642976c8bb"
"20260323-163418Z","discovered_download","mixed","discovered","https://officeprotocoldocs-f5hpbjgea6b8gneq.b02.azurefd.net/files/MS-DOCX/%5bMS-DOCX%5d.pdf","C:\Work\DnaCalc\Foundation\reference\downloads\officeprotocoldocs-f5hpbjgea6b8gneq.b02.azurefd.net\files\MS-DOCX\[MS-DOCX].pdf","download_artifact","downloaded","Direct downloadable artifact mirror.","2026-03-23T16:35:16.9835435Z","2970201","0ca370086064e4c32d821c00220f218df4104a895677e5539dc3e320485861f7"
"20260323-163418Z","discovered_download","mixed","discovered","https://officeprotocoldocs-f5hpbjgea6b8gneq.b02.azurefd.net/files/MS-ODRAWXML/%5bMS-ODRAWXML%5d-241112.pdf","C:\Work\DnaCalc\Foundation\reference\downloads\officeprotocoldocs-f5hpbjgea6b8gneq.b02.azurefd.net\files\MS-ODRAWXML\[MS-ODRAWXML]-241112.pdf","download_artifact","downloaded","Direct downloadable artifact mirror.","2026-03-23T16:35:21.2101401Z","10092920","a6421ed652310eed839c511afcbb81fba6b3f47ecd65794f5f1b2f46b7977076"
"20260323-163418Z","discovered_download","mixed","discovered","https://officeprotocoldocs-f5hpbjgea6b8gneq.b02.azurefd.net/files/MS-ODRAWXML/%5bMS-ODRAWXML%5d-260217.docx","C:\Work\DnaCalc\Foundation\reference\downloads\officeprotocoldocs-f5hpbjgea6b8gneq.b02.azurefd.net\files\MS-ODRAWXML\[MS-ODRAWXML]-260217.docx","download_artifact","downloaded","Direct downloadable artifact mirror.","2026-03-23T16:35:24.3696428Z","3385911","20de73988d209fd18f1776c2960103179c9c93b883c1d9a44ab3ce83b8b60f5b"
"20260323-163418Z","discovered_download","mixed","discovered","https://officeprotocoldocs-f5hpbjgea6b8gneq.b02.azurefd.net/files/MS-ODRAWXML/%5bMS-ODRAWXML%5d.pdf","C:\Work\DnaCalc\Foundation\reference\downloads\officeprotocoldocs-f5hpbjgea6b8gneq.b02.azurefd.net\files\MS-ODRAWXML\[MS-ODRAWXML].pdf","download_artifact","downloaded","Direct downloadable artifact mirror.","2026-03-23T16:35:29.9380164Z","10150622","b2ff9f11c5251acdaa4de103575932820433fb9d1bc67586323106c0bdf3a0fb"
"20260323-163418Z","discovered_download","mixed","discovered","https://officeprotocoldocs-f5hpbjgea6b8gneq.b02.azurefd.net/files/MS-OE376/%5bMS-OE376%5d-171212.pdf","C:\Work\DnaCalc\Foundation\reference\downloads\officeprotocoldocs-f5hpbjgea6b8gneq.b02.azurefd.net\files\MS-OE376\[MS-OE376]-171212.pdf","download_artifact","downloaded","Direct downloadable artifact mirror.","2026-03-23T16:35:36.9636849Z","18205247","fc69605ebed052a18f28127177d247dea90810207bbec475f3753f3b948bcf9b"
"20260323-163418Z","discovered_download","mixed","discovered","https://officeprotocoldocs-f5hpbjgea6b8gneq.b02.azurefd.net/files/MS-OE376/%5bMS-OE376%5d-220816.docx","C:\Work\DnaCalc\Foundation\reference\downloads\officeprotocoldocs-f5hpbjgea6b8gneq.b02.azurefd.net\files\MS-OE376\[MS-OE376]-220816.docx","download_artifact","downloaded","Direct downloadable artifact mirror.","2026-03-23T16:35:39.7277946Z","1753616","823374c771b69d70cf4266ac8f6468e3b8079c5018fde4287ad39fd4b2b01974"
"20260323-163418Z","discovered_download","mixed","discovered","https://officeprotocoldocs-f5hpbjgea6b8gneq.b02.azurefd.net/files/MS-OE376/%5bMS-OE376%5d.pdf","C:\Work\DnaCalc\Foundation\reference\downloads\officeprotocoldocs-f5hpbjgea6b8gneq.b02.azurefd.net\files\MS-OE376\[MS-OE376].pdf","download_artifact","downloaded","Direct downloadable artifact mirror.","2026-03-23T16:35:47.0326289Z","18340020","88e9302395e9aa67e7feaf2dbac022dfd6abfadb44fa91066e10ab1e51cdac5a"
"20260323-163418Z","discovered_download","mixed","discovered","https://officeprotocoldocs-f5hpbjgea6b8gneq.b02.azurefd.net/files/MS-OEXTXML/%5bMS-OEXTXML%5d-240416.pdf","C:\Work\DnaCalc\Foundation\reference\downloads\officeprotocoldocs-f5hpbjgea6b8gneq.b02.azurefd.net\files\MS-OEXTXML\[MS-OEXTXML]-240416.pdf","download_artifact","downloaded","Direct downloadable artifact mirror.","2026-03-23T16:35:49.4541213Z","715398","4061481fde314721d8bb50b6a907444348eef54c46dbd8a2b7d47034da6bc195"
"20260323-163418Z","discovered_download","mixed","discovered","https://officeprotocoldocs-f5hpbjgea6b8gneq.b02.azurefd.net/files/MS-OEXTXML/%5bMS-OEXTXML%5d-240820.docx","C:\Work\DnaCalc\Foundation\reference\downloads\officeprotocoldocs-f5hpbjgea6b8gneq.b02.azurefd.net\files\MS-OEXTXML\[MS-OEXTXML]-240820.docx","download_artifact","downloaded","Direct downloadable artifact mirror.","2026-03-23T16:35:50.8195970Z","43272","5f34b56d964c642ab982581d762182945fef6bf177fc9bc41d926b45816ab05d"
"20260323-163418Z","discovered_download","mixed","discovered","https://officeprotocoldocs-f5hpbjgea6b8gneq.b02.azurefd.net/files/MS-OEXTXML/%5bMS-OEXTXML%5d.pdf","C:\Work\DnaCalc\Foundation\reference\downloads\officeprotocoldocs-f5hpbjgea6b8gneq.b02.azurefd.net\files\MS-OEXTXML\[MS-OEXTXML].pdf","download_artifact","downloaded","Direct downloadable artifact mirror.","2026-03-23T16:35:53.0619829Z","716594","77aaed44d1e4bbe83afef2f385e7543ccb24a8043d4b43ba92fe34266e9c8dc7"
"20260323-163418Z","discovered_download","mixed","discovered","https://officeprotocoldocs-f5hpbjgea6b8gneq.b02.azurefd.net/files/MS-OFFMACRO/%5bMS-OFFMACRO%5d-160623.pdf","C:\Work\DnaCalc\Foundation\reference\downloads\officeprotocoldocs-f5hpbjgea6b8gneq.b02.azurefd.net\files\MS-OFFMACRO\[MS-OFFMACRO]-160623.pdf","download_artifact","downloaded","Direct downloadable artifact mirror.","2026-03-23T16:35:55.6809499Z","1400221","38e3677cd32bb00743765c37ce48931867173cd601bf90dd704153f127de92c9"
"20260323-163418Z","discovered_download","mixed","discovered","https://officeprotocoldocs-f5hpbjgea6b8gneq.b02.azurefd.net/files/MS-OFFMACRO/%5bMS-OFFMACRO%5d-160914.docx","C:\Work\DnaCalc\Foundation\reference\downloads\officeprotocoldocs-f5hpbjgea6b8gneq.b02.azurefd.net\files\MS-OFFMACRO\[MS-OFFMACRO]-160914.docx","download_artifact","downloaded","Direct downloadable artifact mirror.","2026-03-23T16:35:57.3382534Z","76130","a38709c129b4fdcd8341a637bec8f4a74dcb5ac095fda3afbd20bf8895c196ee"
"20260323-163418Z","discovered_download","mixed","discovered","https://officeprotocoldocs-f5hpbjgea6b8gneq.b02.azurefd.net/files/MS-OFFMACRO/%5bMS-OFFMACRO%5d.pdf","C:\Work\DnaCalc\Foundation\reference\downloads\officeprotocoldocs-f5hpbjgea6b8gneq.b02.azurefd.net\files\MS-OFFMACRO\[MS-OFFMACRO].pdf","download_artifact","downloaded","Direct downloadable artifact mirror.","2026-03-23T16:35:59.9378849Z","1401583","d7c263fc2e902f1cb9d10ff1ad4311bcb34331864cd0c3c8dcbd2589363e4e10"
"20260323-163418Z","discovered_download","mixed","discovered","https://officeprotocoldocs-f5hpbjgea6b8gneq.b02.azurefd.net/files/MS-OFFMACRO2/%5bMS-OFFMACRO2%5d-240416.pdf","C:\Work\DnaCalc\Foundation\reference\downloads\officeprotocoldocs-f5hpbjgea6b8gneq.b02.azurefd.net\files\MS-OFFMACRO2\[MS-OFFMACRO2]-240416.pdf","download_artifact","downloaded","Direct downloadable artifact mirror.","2026-03-23T16:36:02.5682749Z","1186517","7dff2f49505b1c811f35ddfa0b4edea06ba25d43bd57240526ad707a0aa81579"
"20260323-163418Z","discovered_download","mixed","discovered","https://officeprotocoldocs-f5hpbjgea6b8gneq.b02.azurefd.net/files/MS-OFFMACRO2/%5bMS-OFFMACRO2%5d-240820.docx","C:\Work\DnaCalc\Foundation\reference\downloads\officeprotocoldocs-f5hpbjgea6b8gneq.b02.azurefd.net\files\MS-OFFMACRO2\[MS-OFFMACRO2]-240820.docx","download_artifact","downloaded","Direct downloadable artifact mirror.","2026-03-23T16:36:04.1805971Z","70211","0a8f806eef4339119de77d8cb0094dc1333c6eac0a47be425b97b4b21330f67c"
"20260323-163418Z","discovered_download","mixed","discovered","https://officeprotocoldocs-f5hpbjgea6b8gneq.b02.azurefd.net/files/MS-OFFMACRO2/%5bMS-OFFMACRO2%5d.pdf","C:\Work\DnaCalc\Foundation\reference\downloads\officeprotocoldocs-f5hpbjgea6b8gneq.b02.azurefd.net\files\MS-OFFMACRO2\[MS-OFFMACRO2].pdf","download_artifact","downloaded","Direct downloadable artifact mirror.","2026-03-23T16:36:06.8013931Z","1188040","4b9d55c76dac9553d91f6b65e34bbe7c90d1c7455f130202d5793697332441b0"
"20260323-163418Z","discovered_download","mixed","discovered","https://officeprotocoldocs-f5hpbjgea6b8gneq.b02.azurefd.net/files/MS-OI29500/%5bMS-OI29500%5d-241112.pdf","C:\Work\DnaCalc\Foundation\reference\downloads\officeprotocoldocs-f5hpbjgea6b8gneq.b02.azurefd.net\files\MS-OI29500\[MS-OI29500]-241112.pdf","download_artifact","downloaded","Direct downloadable artifact mirror.","2026-03-23T16:36:13.9215520Z","17394815","57f11b05f053fc512c770516b6461576964b7dac8275e66991ffb39718aa4c75"
"20260323-163418Z","discovered_download","mixed","discovered","https://officeprotocoldocs-f5hpbjgea6b8gneq.b02.azurefd.net/files/MS-OI29500/%5bMS-OI29500%5d-250218.docx","C:\Work\DnaCalc\Foundation\reference\downloads\officeprotocoldocs-f5hpbjgea6b8gneq.b02.azurefd.net\files\MS-OI29500\[MS-OI29500]-250218.docx","download_artifact","downloaded","Direct downloadable artifact mirror.","2026-03-23T16:36:16.6148570Z","1206403","d35cbb01457cd06678e2263ba751811acb22cecc09634548142f6699026badb5"
"20260323-163418Z","discovered_download","mixed","discovered","https://officeprotocoldocs-f5hpbjgea6b8gneq.b02.azurefd.net/files/MS-OI29500/%5bMS-OI29500%5d.pdf","C:\Work\DnaCalc\Foundation\reference\downloads\officeprotocoldocs-f5hpbjgea6b8gneq.b02.azurefd.net\files\MS-OI29500\[MS-OI29500].pdf","download_artifact","downloaded","Direct downloadable artifact mirror.","2026-03-23T16:36:22.1653029Z","17390700","2212feb8506cd0399835427d971f14fd0b38257769339076c565343f8704e4ca"
"20260323-163418Z","discovered_download","mixed","discovered","https://officeprotocoldocs-f5hpbjgea6b8gneq.b02.azurefd.net/files/MS-OINTXML/%5bMS-OINTXML%5d-240820.pdf","C:\Work\DnaCalc\Foundation\reference\downloads\officeprotocoldocs-f5hpbjgea6b8gneq.b02.azurefd.net\files\MS-OINTXML\[MS-OINTXML]-240820.pdf","download_artifact","downloaded","Direct downloadable artifact mirror.","2026-03-23T16:36:24.5249483Z","1032383","7609e7c511496c380502a39aef4d6dc01816b8da9a75c70ff1573a857d825ecc"
"20260323-163418Z","discovered_download","mixed","discovered","https://officeprotocoldocs-f5hpbjgea6b8gneq.b02.azurefd.net/files/MS-OINTXML/%5bMS-OINTXML%5d-250218.docx","C:\Work\DnaCalc\Foundation\reference\downloads\officeprotocoldocs-f5hpbjgea6b8gneq.b02.azurefd.net\files\MS-OINTXML\[MS-OINTXML]-250218.docx","download_artifact","downloaded","Direct downloadable artifact mirror.","2026-03-23T16:36:26.0196737Z","67296","2faa645859135cf63abef9457b8263353abe4bc4ea3508071a8aed9a532dac76"
"20260323-163418Z","discovered_download","mixed","discovered","https://officeprotocoldocs-f5hpbjgea6b8gneq.b02.azurefd.net/files/MS-OINTXML/%5bMS-OINTXML%5d.pdf","C:\Work\DnaCalc\Foundation\reference\downloads\officeprotocoldocs-f5hpbjgea6b8gneq.b02.azurefd.net\files\MS-OINTXML\[MS-OINTXML].pdf","download_artifact","downloaded","Direct downloadable artifact mirror.","2026-03-23T16:36:28.6593389Z","1600793","ddfc77b351d8991f0eb45fa7dc680288ca07b146354be5543ac98f75d8480bd6"
"20260323-163418Z","discovered_download","mixed","discovered","https://officeprotocoldocs-f5hpbjgea6b8gneq.b02.azurefd.net/files/MS-OODF/%5bMS-OODF%5d-160623.pdf","C:\Work\DnaCalc\Foundation\reference\downloads\officeprotocoldocs-f5hpbjgea6b8gneq.b02.azurefd.net\files\MS-OODF\[MS-OODF]-160623.pdf","download_artifact","downloaded","Direct downloadable artifact mirror.","2026-03-23T16:36:34.1163337Z","10543175","8234610dd83f76a4f7c64c3d8c331384b5a9675cf2a033ee872cfd3aa5ec942e"
"20260323-163418Z","discovered_download","mixed","discovered","https://officeprotocoldocs-f5hpbjgea6b8gneq.b02.azurefd.net/files/MS-OODF/%5bMS-OODF%5d-160914.docx","C:\Work\DnaCalc\Foundation\reference\downloads\officeprotocoldocs-f5hpbjgea6b8gneq.b02.azurefd.net\files\MS-OODF\[MS-OODF]-160914.docx","download_artifact","downloaded","Direct downloadable artifact mirror.","2026-03-23T16:36:36.2836942Z","469769","4728679700e3a0284ce991e1864e019a85dcbb19b71dec2db5221f5ee7942615"
"20260323-163418Z","discovered_download","mixed","discovered","https://officeprotocoldocs-f5hpbjgea6b8gneq.b02.azurefd.net/files/MS-OODF/%5bMS-OODF%5d.pdf","C:\Work\DnaCalc\Foundation\reference\downloads\officeprotocoldocs-f5hpbjgea6b8gneq.b02.azurefd.net\files\MS-OODF\[MS-OODF].pdf","download_artifact","downloaded","Direct downloadable artifact mirror.","2026-03-23T16:36:41.3113451Z","10537495","4bd81472836a56dfcf44b9986304013d4362896f8a71f58a58ac7dd8b3982a52"
"20260323-163418Z","discovered_download","mixed","discovered","https://officeprotocoldocs-f5hpbjgea6b8gneq.b02.azurefd.net/files/MS-OODF13/%5bMS-OODF13%5d-240416.pdf","C:\Work\DnaCalc\Foundation\reference\downloads\officeprotocoldocs-f5hpbjgea6b8gneq.b02.azurefd.net\files\MS-OODF13\[MS-OODF13]-240416.pdf","download_artifact","downloaded","Direct downloadable artifact mirror.","2026-03-23T16:36:46.7699135Z","10775851","8d521d341929126e33400d63969979e3d597f5f50e53cf68b4cc9b64c8230bee"
"20260323-163418Z","discovered_download","mixed","discovered","https://officeprotocoldocs-f5hpbjgea6b8gneq.b02.azurefd.net/files/MS-OODF13/%5bMS-OODF13%5d-241112.docx","C:\Work\DnaCalc\Foundation\reference\downloads\officeprotocoldocs-f5hpbjgea6b8gneq.b02.azurefd.net\files\MS-OODF13\[MS-OODF13]-241112.docx","download_artifact","downloaded","Direct downloadable artifact mirror.","2026-03-23T16:36:48.9055230Z","476882","160555ad7852f6b7cfe04a3fa2bf57a2daf4f9b7304e3b8336b40e91d5872e4f"
"20260323-163418Z","discovered_download","mixed","discovered","https://officeprotocoldocs-f5hpbjgea6b8gneq.b02.azurefd.net/files/MS-OODF13/%5bMS-OODF13%5d.pdf","C:\Work\DnaCalc\Foundation\reference\downloads\officeprotocoldocs-f5hpbjgea6b8gneq.b02.azurefd.net\files\MS-OODF13\[MS-OODF13].pdf","download_artifact","downloaded","Direct downloadable artifact mirror.","2026-03-23T16:36:54.2769903Z","10783562","7a297968894cb094fcbd2aa6438cccbb06475f9506f382ace5a3673850b41cca"
"20260323-163418Z","discovered_download","mixed","discovered","https://officeprotocoldocs-f5hpbjgea6b8gneq.b02.azurefd.net/files/MS-OODF14/%5bMS-OODF14%5d-240521.pdf","C:\Work\DnaCalc\Foundation\reference\downloads\officeprotocoldocs-f5hpbjgea6b8gneq.b02.azurefd.net\files\MS-OODF14\[MS-OODF14]-240521.pdf","download_artifact","downloaded","Direct downloadable artifact mirror.","2026-03-23T16:36:59.1191963Z","10913480","3bc1be7349ba4def1f4a82b92de41cb0a217cbaf19fd8a8f894d069b39ae2022"
"20260323-163418Z","discovered_download","mixed","discovered","https://officeprotocoldocs-f5hpbjgea6b8gneq.b02.azurefd.net/files/MS-OODF14/%5bMS-OODF14%5d-240820.docx","C:\Work\DnaCalc\Foundation\reference\downloads\officeprotocoldocs-f5hpbjgea6b8gneq.b02.azurefd.net\files\MS-OODF14\[MS-OODF14]-240820.docx","download_artifact","downloaded","Direct downloadable artifact mirror.","2026-03-23T16:37:01.2877623Z","484349","df48841429c008817960cea16d4868e748a8a4319b19ac68eb34ad7f7ddf2601"
"20260323-163418Z","discovered_download","mixed","discovered","https://officeprotocoldocs-f5hpbjgea6b8gneq.b02.azurefd.net/files/MS-OODF14/%5bMS-OODF14%5d.pdf","C:\Work\DnaCalc\Foundation\reference\downloads\officeprotocoldocs-f5hpbjgea6b8gneq.b02.azurefd.net\files\MS-OODF14\[MS-OODF14].pdf","download_artifact","downloaded","Direct downloadable artifact mirror.","2026-03-23T16:37:07.0729981Z","10925725","763c762fa96b43f6bd238f0b372006d63f8131b595ff540716744c51e72360a3"
"20260323-163418Z","discovered_download","mixed","discovered","https://officeprotocoldocs-f5hpbjgea6b8gneq.b02.azurefd.net/files/MS-OODF2/%5bMS-OODF2%5d-210422.pdf","C:\Work\DnaCalc\Foundation\reference\downloads\officeprotocoldocs-f5hpbjgea6b8gneq.b02.azurefd.net\files\MS-OODF2\[MS-OODF2]-210422.pdf","download_artifact","downloaded","Direct downloadable artifact mirror.","2026-03-23T16:37:13.6134486Z","14648007","5b7717498a6a384964757383e347063411dfa549ce642d6bb95a88ae2d92ab31"
"20260323-163418Z","discovered_download","mixed","discovered","https://officeprotocoldocs-f5hpbjgea6b8gneq.b02.azurefd.net/files/MS-OODF2/%5bMS-OODF2%5d-210817.docx","C:\Work\DnaCalc\Foundation\reference\downloads\officeprotocoldocs-f5hpbjgea6b8gneq.b02.azurefd.net\files\MS-OODF2\[MS-OODF2]-210817.docx","download_artifact","downloaded","Direct downloadable artifact mirror.","2026-03-23T16:37:16.0228389Z","478208","b538b2d0cf1b1c7eefdec82379ccdfdb80663025a8c37e62d473821bd4189d34"
"20260323-163418Z","discovered_download","mixed","discovered","https://officeprotocoldocs-f5hpbjgea6b8gneq.b02.azurefd.net/files/MS-OODF2/%5bMS-OODF2%5d.pdf","C:\Work\DnaCalc\Foundation\reference\downloads\officeprotocoldocs-f5hpbjgea6b8gneq.b02.azurefd.net\files\MS-OODF2\[MS-OODF2].pdf","download_artifact","downloaded","Direct downloadable artifact mirror.","2026-03-23T16:37:21.4180049Z","10857534","59d50da8c96a577d5864c4104efb17d6964c8819f9ee57ba73bec2e8f4c55404"
"20260323-163418Z","discovered_download","mixed","discovered","https://officeprotocoldocs-f5hpbjgea6b8gneq.b02.azurefd.net/files/MS-OODF3/%5bMS-OODF3%5d-240220.pdf","C:\Work\DnaCalc\Foundation\reference\downloads\officeprotocoldocs-f5hpbjgea6b8gneq.b02.azurefd.net\files\MS-OODF3\[MS-OODF3]-240220.pdf","download_artifact","downloaded","Direct downloadable artifact mirror.","2026-03-23T16:37:26.4898574Z","10718879","879f2019833e640e4b177a2da76fa7459ae6039662e91c98f40f29087e044024"
"20260323-163418Z","discovered_download","mixed","discovered","https://officeprotocoldocs-f5hpbjgea6b8gneq.b02.azurefd.net/files/MS-OODF3/%5bMS-OODF3%5d-250218.docx","C:\Work\DnaCalc\Foundation\reference\downloads\officeprotocoldocs-f5hpbjgea6b8gneq.b02.azurefd.net\files\MS-OODF3\[MS-OODF3]-250218.docx","download_artifact","downloaded","Direct downloadable artifact mirror.","2026-03-23T16:37:28.6219563Z","485056","55aa323b5acc4261ebdd9ba387b5b4d556b820ed26314bc1655420eaab78b84e"
"20260323-163418Z","discovered_download","mixed","discovered","https://officeprotocoldocs-f5hpbjgea6b8gneq.b02.azurefd.net/files/MS-OODF3/%5bMS-OODF3%5d.pdf","C:\Work\DnaCalc\Foundation\reference\downloads\officeprotocoldocs-f5hpbjgea6b8gneq.b02.azurefd.net\files\MS-OODF3\[MS-OODF3].pdf","download_artifact","downloaded","Direct downloadable artifact mirror.","2026-03-23T16:37:34.0053895Z","10716889","6925cf214de350254e708bbd50a427196a6bcb8bc7bcdb56325244ad46aa734c"
"20260323-163418Z","discovered_download","mixed","discovered","https://officeprotocoldocs-f5hpbjgea6b8gneq.b02.azurefd.net/files/MS-OREACTXML/%5bMS-OREACTXML%5d-250520.pdf","C:\Work\DnaCalc\Foundation\reference\downloads\officeprotocoldocs-f5hpbjgea6b8gneq.b02.azurefd.net\files\MS-OREACTXML\[MS-OREACTXML]-250520.pdf","download_artifact","downloaded","Direct downloadable artifact mirror.","2026-03-23T16:37:36.4507336Z","783385","72188a94fb47563bfa605f1af05a97d2af89577f2672e436bd5a835186115ee1"
"20260323-163418Z","discovered_download","mixed","discovered","https://officeprotocoldocs-f5hpbjgea6b8gneq.b02.azurefd.net/files/MS-OREACTXML/%5bMS-OREACTXML%5d-250819.docx","C:\Work\DnaCalc\Foundation\reference\downloads\officeprotocoldocs-f5hpbjgea6b8gneq.b02.azurefd.net\files\MS-OREACTXML\[MS-OREACTXML]-250819.docx","download_artifact","downloaded","Direct downloadable artifact mirror.","2026-03-23T16:37:37.7155136Z","55836","3ae59d46b3f9de215fa80cff17bed242e03f6e0096df5a109bc61f699b969b23"
"20260323-163418Z","discovered_download","mixed","discovered","https://officeprotocoldocs-f5hpbjgea6b8gneq.b02.azurefd.net/files/MS-OREACTXML/%5bMS-OREACTXML%5d.pdf","C:\Work\DnaCalc\Foundation\reference\downloads\officeprotocoldocs-f5hpbjgea6b8gneq.b02.azurefd.net\files\MS-OREACTXML\[MS-OREACTXML].pdf","download_artifact","downloaded","Direct downloadable artifact mirror.","2026-03-23T16:37:39.9876910Z","754851","58aebe34f630de85d4d7d97233a01d4c5f10a4655bfda88d78648d8fdbfe077a"
"20260323-163418Z","discovered_download","mixed","discovered","https://officeprotocoldocs-f5hpbjgea6b8gneq.b02.azurefd.net/files/MS-OTASKXML/%5bMS-OTASKXML%5d-240416.pdf","C:\Work\DnaCalc\Foundation\reference\downloads\officeprotocoldocs-f5hpbjgea6b8gneq.b02.azurefd.net\files\MS-OTASKXML\[MS-OTASKXML]-240416.pdf","download_artifact","downloaded","Direct downloadable artifact mirror.","2026-03-23T16:37:42.6375730Z","1001476","98d0e75eb457bdab935c0f7c54b9c87546c6d14ee436f192c6e073f47bf1be2d"
"20260323-163418Z","discovered_download","mixed","discovered","https://officeprotocoldocs-f5hpbjgea6b8gneq.b02.azurefd.net/files/MS-OTASKXML/%5bMS-OTASKXML%5d-240820.docx","C:\Work\DnaCalc\Foundation\reference\downloads\officeprotocoldocs-f5hpbjgea6b8gneq.b02.azurefd.net\files\MS-OTASKXML\[MS-OTASKXML]-240820.docx","download_artifact","downloaded","Direct downloadable artifact mirror.","2026-03-23T16:37:43.9184121Z","55700","7e4417623fc5d77afc73b8bf20ea7c2f068d74e4f3803612ee5ddf7f0b5a90bf"
"20260323-163418Z","discovered_download","mixed","discovered","https://officeprotocoldocs-f5hpbjgea6b8gneq.b02.azurefd.net/files/MS-OTASKXML/%5bMS-OTASKXML%5d.pdf","C:\Work\DnaCalc\Foundation\reference\downloads\officeprotocoldocs-f5hpbjgea6b8gneq.b02.azurefd.net\files\MS-OTASKXML\[MS-OTASKXML].pdf","download_artifact","downloaded","Direct downloadable artifact mirror.","2026-03-23T16:37:46.4392767Z","1002728","d27ac72e20f367616251e2cf707e4a861a2ea5f0654507f73c1dd5ee5cd977b1"
"20260323-163418Z","discovered_download","mixed","discovered","https://officeprotocoldocs-f5hpbjgea6b8gneq.b02.azurefd.net/files/MS-OWEXML/%5bMS-OWEXML%5d-240416.pdf","C:\Work\DnaCalc\Foundation\reference\downloads\officeprotocoldocs-f5hpbjgea6b8gneq.b02.azurefd.net\files\MS-OWEXML\[MS-OWEXML]-240416.pdf","download_artifact","downloaded","Direct downloadable artifact mirror.","2026-03-23T16:37:48.8987927Z","957069","a375740c2d38ab4997eaa268bf8ac0a54edb6aaa24d775b1837886df1044094c"
"20260323-163418Z","discovered_download","mixed","discovered","https://officeprotocoldocs-f5hpbjgea6b8gneq.b02.azurefd.net/files/MS-OWEXML/%5bMS-OWEXML%5d-240820.docx","C:\Work\DnaCalc\Foundation\reference\downloads\officeprotocoldocs-f5hpbjgea6b8gneq.b02.azurefd.net\files\MS-OWEXML\[MS-OWEXML]-240820.docx","download_artifact","downloaded","Direct downloadable artifact mirror.","2026-03-23T16:37:50.0067821Z","53894","84774849390abb1b096a22520f27e853268d2c89cbf2b4103aea2d202755dee3"
"20260323-163418Z","discovered_download","mixed","discovered","https://officeprotocoldocs-f5hpbjgea6b8gneq.b02.azurefd.net/files/MS-OWEXML/%5bMS-OWEXML%5d.pdf","C:\Work\DnaCalc\Foundation\reference\downloads\officeprotocoldocs-f5hpbjgea6b8gneq.b02.azurefd.net\files\MS-OWEXML\[MS-OWEXML].pdf","download_artifact","downloaded","Direct downloadable artifact mirror.","2026-03-23T16:37:52.3055075Z","958532","d8eed2d0556d567d0e723d6a5f2baf3df7f797fe9a9f8aa12fb357f0e430ea9e"
"20260323-163418Z","discovered_download","mixed","discovered","https://officeprotocoldocs-f5hpbjgea6b8gneq.b02.azurefd.net/files/MS-PPTX/%5bMS-PPTX%5d-240416.pdf","C:\Work\DnaCalc\Foundation\reference\downloads\officeprotocoldocs-f5hpbjgea6b8gneq.b02.azurefd.net\files\MS-PPTX\[MS-PPTX]-240416.pdf","download_artifact","downloaded","Direct downloadable artifact mirror.","2026-03-23T16:37:55.7348437Z","5092871","113efadef213c08f6d75e3916b091248a87104a9c894b286a4d3014a5a32244d"
"20260323-163418Z","discovered_download","mixed","discovered","https://officeprotocoldocs-f5hpbjgea6b8gneq.b02.azurefd.net/files/MS-PPTX/%5bMS-PPTX%5d-240820.docx","C:\Work\DnaCalc\Foundation\reference\downloads\officeprotocoldocs-f5hpbjgea6b8gneq.b02.azurefd.net\files\MS-PPTX\[MS-PPTX]-240820.docx","download_artifact","downloaded","Direct downloadable artifact mirror.","2026-03-23T16:37:59.8215943Z","4590224","7530fef0768c14bee58463c896718a90f020606a0677cab221a63080e93c8170"
"20260323-163418Z","discovered_download","mixed","discovered","https://officeprotocoldocs-f5hpbjgea6b8gneq.b02.azurefd.net/files/MS-PPTX/%5bMS-PPTX%5d.pdf","C:\Work\DnaCalc\Foundation\reference\downloads\officeprotocoldocs-f5hpbjgea6b8gneq.b02.azurefd.net\files\MS-PPTX\[MS-PPTX].pdf","download_artifact","downloaded","Direct downloadable artifact mirror.","2026-03-23T16:38:03.8600881Z","5066218","1e42899cab0da9ca66c6db3055bdd0e9e424232f7fd4d9c670c0d4df93bb9081"
"20260323-163418Z","discovered_download","mixed","discovered","https://officeprotocoldocs-f5hpbjgea6b8gneq.b02.azurefd.net/files/MS-VBAL/%5bMS-VBAL%5d-250218.pdf","C:\Work\DnaCalc\Foundation\reference\downloads\officeprotocoldocs-f5hpbjgea6b8gneq.b02.azurefd.net\files\MS-VBAL\[MS-VBAL]-250218.pdf","download_artifact","downloaded","Direct downloadable artifact mirror.","2026-03-23T16:38:08.5847996Z","5989159","4d2d7c09f1d510d650dfaef5a6a508810b540e66ed7820534dc8eba6f47df85a"
"20260323-163418Z","discovered_download","mixed","discovered","https://officeprotocoldocs-f5hpbjgea6b8gneq.b02.azurefd.net/files/MS-VBAL/%5bMS-VBAL%5d-250520.docx","C:\Work\DnaCalc\Foundation\reference\downloads\officeprotocoldocs-f5hpbjgea6b8gneq.b02.azurefd.net\files\MS-VBAL\[MS-VBAL]-250520.docx","download_artifact","downloaded","Direct downloadable artifact mirror.","2026-03-23T16:38:10.7316212Z","362913","f945507ef43b2ecfcea76d872536ce3566def87c2c3f383d664380533197cfc1"
"20260323-163418Z","discovered_download","mixed","discovered","https://officeprotocoldocs-f5hpbjgea6b8gneq.b02.azurefd.net/files/MS-VBAL/%5bMS-VBAL%5d.pdf","C:\Work\DnaCalc\Foundation\reference\downloads\officeprotocoldocs-f5hpbjgea6b8gneq.b02.azurefd.net\files\MS-VBAL\[MS-VBAL].pdf","download_artifact","downloaded","Direct downloadable artifact mirror.","2026-03-23T16:38:15.4955500Z","5985729","1f6d62a50dde96af2535062c3f627b7df1ae55b08622dad85c32ca8118c4549f"
"20260323-163418Z","discovered_download","mixed","discovered","https://officeprotocoldocs-f5hpbjgea6b8gneq.b02.azurefd.net/files/MS-XLS/%5bMS-XLS%5d-250520.pdf","C:\Work\DnaCalc\Foundation\reference\downloads\officeprotocoldocs-f5hpbjgea6b8gneq.b02.azurefd.net\files\MS-XLS\[MS-XLS]-250520.pdf","download_artifact","downloaded","Direct downloadable artifact mirror.","2026-03-23T16:38:25.5801855Z","46102978","2994aef5b70446611fcb1fccec2249d8482cc5a7b71066c12de527d94203757d"
"20260323-163418Z","discovered_download","mixed","discovered","https://officeprotocoldocs-f5hpbjgea6b8gneq.b02.azurefd.net/files/MS-XLS/%5bMS-XLS%5d-250819.docx","C:\Work\DnaCalc\Foundation\reference\downloads\officeprotocoldocs-f5hpbjgea6b8gneq.b02.azurefd.net\files\MS-XLS\[MS-XLS]-250819.docx","download_artifact","downloaded","Direct downloadable artifact mirror.","2026-03-23T16:38:29.7263753Z","4889257","66800e9bdfae1eec8e462c2e2d6411f56f2592f79a0b980de00df1e7bf2210b2"
"20260323-163418Z","discovered_download","mixed","discovered","https://officeprotocoldocs-f5hpbjgea6b8gneq.b02.azurefd.net/files/MS-XLS/%5bMS-XLS%5d.pdf","C:\Work\DnaCalc\Foundation\reference\downloads\officeprotocoldocs-f5hpbjgea6b8gneq.b02.azurefd.net\files\MS-XLS\[MS-XLS].pdf","download_artifact","downloaded","Direct downloadable artifact mirror.","2026-03-23T16:38:43.4633913Z","40696663","5711b0c9d3ca5821d4a7649c6e1abd0762228f7909311aeb86e90d72f64055b2"
"20260323-163418Z","discovered_download","mixed","discovered","https://officeprotocoldocs-f5hpbjgea6b8gneq.b02.azurefd.net/files/MS-XLSB/%5bMS-XLSB%5d-250916.pdf","C:\Work\DnaCalc\Foundation\reference\downloads\officeprotocoldocs-f5hpbjgea6b8gneq.b02.azurefd.net\files\MS-XLSB\[MS-XLSB]-250916.pdf","download_artifact","downloaded","Direct downloadable artifact mirror.","2026-03-23T16:38:52.9399981Z","41654762","983e5f423cb842c07576752cfa6b2b82e0e3c3da6ba3a3832c17b62bc9071c02"
"20260323-163418Z","discovered_download","mixed","discovered","https://officeprotocoldocs-f5hpbjgea6b8gneq.b02.azurefd.net/files/MS-XLSB/%5bMS-XLSB%5d-251113.docx","C:\Work\DnaCalc\Foundation\reference\downloads\officeprotocoldocs-f5hpbjgea6b8gneq.b02.azurefd.net\files\MS-XLSB\[MS-XLSB]-251113.docx","download_artifact","downloaded","Direct downloadable artifact mirror.","2026-03-23T16:38:57.9486157Z","6597237","86a7e4fe3c48c19be2d27433f2448c1a855d1517a27d9004e76ed92dca92d876"
"20260323-163418Z","discovered_download","mixed","discovered","https://officeprotocoldocs-f5hpbjgea6b8gneq.b02.azurefd.net/files/MS-XLSB/%5bMS-XLSB%5d.pdf","C:\Work\DnaCalc\Foundation\reference\downloads\officeprotocoldocs-f5hpbjgea6b8gneq.b02.azurefd.net\files\MS-XLSB\[MS-XLSB].pdf","download_artifact","downloaded","Direct downloadable artifact mirror.","2026-03-23T16:39:09.1868018Z","41368452","be0b37b5824c5bd4a122ac7c6280e552847fe67ee2319f85e9bf01b2ce3df60c"
"20260323-163418Z","discovered_download","mixed","discovered","https://officeprotocoldocs-f5hpbjgea6b8gneq.b02.azurefd.net/files/MS-XLSX/%5bMS-XLSX%5d-250916.pdf","C:\Work\DnaCalc\Foundation\reference\downloads\officeprotocoldocs-f5hpbjgea6b8gneq.b02.azurefd.net\files\MS-XLSX\[MS-XLSX]-250916.pdf","download_artifact","downloaded","Direct downloadable artifact mirror.","2026-03-23T16:39:14.6751300Z","10038121","d16a975af2442016aba9a9d332087c638946445f508afcc674956a7ab8eb9151"
"20260323-163418Z","discovered_download","mixed","discovered","https://officeprotocoldocs-f5hpbjgea6b8gneq.b02.azurefd.net/files/MS-XLSX/%5bMS-XLSX%5d-260108.docx","C:\Work\DnaCalc\Foundation\reference\downloads\officeprotocoldocs-f5hpbjgea6b8gneq.b02.azurefd.net\files\MS-XLSX\[MS-XLSX]-260108.docx","download_artifact","downloaded","Direct downloadable artifact mirror.","2026-03-23T16:39:16.9021793Z","739069","8bdea2143ec7478df201b91184c66cbc4f2ae92fd3462d4d14dd9b5d4590fbfa"
"20260323-163418Z","discovered_download","mixed","discovered","https://officeprotocoldocs-f5hpbjgea6b8gneq.b02.azurefd.net/files/MS-XLSX/%5bMS-XLSX%5d.pdf","C:\Work\DnaCalc\Foundation\reference\downloads\officeprotocoldocs-f5hpbjgea6b8gneq.b02.azurefd.net\files\MS-XLSX\[MS-XLSX].pdf","download_artifact","downloaded","Direct downloadable artifact mirror.","2026-03-23T16:39:21.8913907Z","11263595","81aeb7f35ce906eb673eabb05a6dfb5d36ec7a5fb1fb8caf7f82812cceab42cc"
"20260323-163418Z","discovered_download","mixed","discovered","https://officeprotocoldocs-f5hpbjgea6b8gneq.b02.azurefd.net/files/Zip_Files/GeneralPurposeProgrammingLanguages.zip","C:\Work\DnaCalc\Foundation\reference\downloads\officeprotocoldocs-f5hpbjgea6b8gneq.b02.azurefd.net\files\Zip_Files\GeneralPurposeProgrammingLanguages.zip","download_artifact","downloaded","Direct downloadable artifact mirror.","2026-03-23T16:39:24.8625280Z","2732844","2fa53cd2c50983d8f356c910c90d717e2f3358b64c78b160387ff7104caeeb17"
"20260323-163418Z","discovered_download","mixed","discovered","https://officeprotocoldocs-f5hpbjgea6b8gneq.b02.azurefd.net/files/Zip_Files/MSOFFSTAND.zip","C:\Work\DnaCalc\Foundation\reference\downloads\officeprotocoldocs-f5hpbjgea6b8gneq.b02.azurefd.net\files\Zip_Files\MSOFFSTAND.zip","download_artifact","downloaded","Direct downloadable artifact mirror.","2026-03-23T16:39:52.4234921Z","60177746","bcfdb1b055745b488398c53c2add4630e506c48e7a09ccabd443a0d6f29c28a6"
"20260323-163418Z","discovered_download","mixed","discovered","https://officeprotocoldocs-f5hpbjgea6b8gneq.b02.azurefd.net/files/Zip_Files/OfficeFileFormatsProtocols.zip","C:\Work\DnaCalc\Foundation\.local\reference-cache\reference\downloads\officeprotocoldocs-f5hpbjgea6b8gneq.b02.azurefd.net\files\Zip_Files\OfficeFileFormatsProtocols.zip","download_artifact","excluded_large_bundle","Large umbrella bundle retained in local cache only.","2026-03-23T16:40:09.6722249Z","91566711","3922bdc1ef53e9f963a74bd9f05badd2cbd708733e0faff13080442afdd4dd55"
"20260323-163418Z","discovered_download","mixed","discovered","https://winprotocoldocs-bhdugrdyduf5h2e4.b02.azurefd.net/MS-DTYP/%5bMS-DTYP%5d-231212.pdf","C:\Work\DnaCalc\Foundation\reference\downloads\winprotocoldocs-bhdugrdyduf5h2e4.b02.azurefd.net\MS-DTYP\[MS-DTYP]-231212.pdf","download_artifact","downloaded","Direct downloadable artifact mirror.","2026-03-23T16:40:13.2159205Z","4410865","7c895e51daf37ab5597e06c4d51864dd7f1ebf9b7ba49b8da6031598f8668e24"
"20260323-163418Z","discovered_download","mixed","discovered","https://winprotocoldocs-bhdugrdyduf5h2e4.b02.azurefd.net/MS-DTYP/%5bMS-DTYP%5d-241119.docx","C:\Work\DnaCalc\Foundation\reference\downloads\winprotocoldocs-bhdugrdyduf5h2e4.b02.azurefd.net\MS-DTYP\[MS-DTYP]-241119.docx","download_artifact","downloaded","Direct downloadable artifact mirror.","2026-03-23T16:40:15.3014244Z","643152","518a70cbf464a65e4f92f5e94f270e1be77238e2f1ef6a3561a8d1db26a449e9"
"20260323-163418Z","discovered_download","mixed","discovered","https://winprotocoldocs-bhdugrdyduf5h2e4.b02.azurefd.net/MS-DTYP/%5bMS-DTYP%5d.pdf","C:\Work\DnaCalc\Foundation\reference\downloads\winprotocoldocs-bhdugrdyduf5h2e4.b02.azurefd.net\MS-DTYP\[MS-DTYP].pdf","download_artifact","downloaded","Direct downloadable artifact mirror.","2026-03-23T16:40:19.1494073Z","4422307","0f4a3744c74ebf69212e6c45f9adf182a0cfc7beacf33fa402b1f8d233ca83b3"
"20260323-163418Z","discovered_download","mixed","discovered","https://winprotocoldocs-bhdugrdyduf5h2e4.b02.azurefd.net/MS-OAUT/%5bMS-OAUT%5d-210625.pdf","C:\Work\DnaCalc\Foundation\reference\downloads\winprotocoldocs-bhdugrdyduf5h2e4.b02.azurefd.net\MS-OAUT\[MS-OAUT]-210625.pdf","download_artifact","downloaded","Direct downloadable artifact mirror.","2026-03-23T16:40:22.8863188Z","5343000","4fcc33470b736f371b7434c4664fdf13dfbbd7675c34318674d7a706eb33564c"
"20260323-163418Z","discovered_download","mixed","discovered","https://winprotocoldocs-bhdugrdyduf5h2e4.b02.azurefd.net/MS-OAUT/%5bMS-OAUT%5d-240423.docx","C:\Work\DnaCalc\Foundation\reference\downloads\winprotocoldocs-bhdugrdyduf5h2e4.b02.azurefd.net\MS-OAUT\[MS-OAUT]-240423.docx","download_artifact","downloaded","Direct downloadable artifact mirror.","2026-03-23T16:40:24.7735030Z","446295","b76f9b41cb83c9bd291bfa2fb4d86a4cd0b6c0247ae1d34b8f6773f13b92dd9b"
"20260323-163418Z","discovered_download","mixed","discovered","https://winprotocoldocs-bhdugrdyduf5h2e4.b02.azurefd.net/MS-OAUT/%5bMS-OAUT%5d.pdf","C:\Work\DnaCalc\Foundation\reference\downloads\winprotocoldocs-bhdugrdyduf5h2e4.b02.azurefd.net\MS-OAUT\[MS-OAUT].pdf","download_artifact","downloaded","Direct downloadable artifact mirror.","2026-03-23T16:40:28.9805504Z","5346783","7808daaaf86e4b8ecbce03cf8990e6b4474d8944b4fa28ac931fff92786205f6"
"20260323-163418Z","discovered_download","mixed","discovered","https://officeprotocoldocs-f5hpbjgea6b8gneq.b02.azurefd.net/files/MS-CUSTOMUI/%5bMS-CUSTOMUI%5d-120120.pdf","","download_artifact","excluded_historical","Historical revision artifact (latest/current prioritized).","","",""
"20260323-163418Z","discovered_download","mixed","discovered","https://officeprotocoldocs-f5hpbjgea6b8gneq.b02.azurefd.net/files/MS-CUSTOMUI/%5bMS-CUSTOMUI%5d-120411.pdf","","download_artifact","excluded_historical","Historical revision artifact (latest/current prioritized).","","",""
"20260323-163418Z","discovered_download","mixed","discovered","https://officeprotocoldocs-f5hpbjgea6b8gneq.b02.azurefd.net/files/MS-CUSTOMUI/%5bMS-CUSTOMUI%5d-120716.pdf","","download_artifact","excluded_historical","Historical revision artifact (latest/current prioritized).","","",""
"20260323-163418Z","discovered_download","mixed","discovered","https://officeprotocoldocs-f5hpbjgea6b8gneq.b02.azurefd.net/files/MS-CUSTOMUI/%5bMS-CUSTOMUI%5d-121008.pdf","","download_artifact","excluded_historical","Historical revision artifact (latest/current prioritized).","","",""
"20260323-163418Z","discovered_download","mixed","discovered","https://officeprotocoldocs-f5hpbjgea6b8gneq.b02.azurefd.net/files/MS-CUSTOMUI/%5bMS-CUSTOMUI%5d-130211.pdf","","download_artifact","excluded_historical","Historical revision artifact (latest/current prioritized).","","",""
"20260323-163418Z","discovered_download","mixed","discovered","https://officeprotocoldocs-f5hpbjgea6b8gneq.b02.azurefd.net/files/MS-CUSTOMUI/%5bMS-CUSTOMUI%5d-130730.pdf","","download_artifact","excluded_historical","Historical revision artifact (latest/current prioritized).","","",""
"20260323-163418Z","discovered_download","mixed","discovered","https://officeprotocoldocs-f5hpbjgea6b8gneq.b02.azurefd.net/files/MS-CUSTOMUI/%5bMS-CUSTOMUI%5d-131118.pdf","","download_artifact","excluded_historical","Historical revision artifact (latest/current prioritized).","","",""
"20260323-163418Z","discovered_download","mixed","discovered","https://officeprotocoldocs-f5hpbjgea6b8gneq.b02.azurefd.net/files/MS-CUSTOMUI/%5bMS-CUSTOMUI%5d-140210.pdf","","download_artifact","excluded_historical","Historical revision artifact (latest/current prioritized).","","",""
"20260323-163418Z","discovered_download","mixed","discovered","https://officeprotocoldocs-f5hpbjgea6b8gneq.b02.azurefd.net/files/MS-CUSTOMUI/%5bMS-CUSTOMUI%5d-140430.pdf","","download_artifact","excluded_historical","Historical revision artifact (latest/current prioritized).","","",""
"20260323-163418Z","discovered_download","mixed","discovered","https://officeprotocoldocs-f5hpbjgea6b8gneq.b02.azurefd.net/files/MS-CUSTOMUI/%5bMS-CUSTOMUI%5d-140731.pdf","","download_artifact","excluded_historical","Historical revision artifact (latest/current prioritized).","","",""
"20260323-163418Z","discovered_download","mixed","discovered","https://officeprotocoldocs-f5hpbjgea6b8gneq.b02.azurefd.net/files/MS-CUSTOMUI/%5bMS-CUSTOMUI%5d-141030.pdf","","download_artifact","excluded_historical","Historical revision artifact (latest/current prioritized).","","",""
"20260323-163418Z","discovered_download","mixed","discovered","https://officeprotocoldocs-f5hpbjgea6b8gneq.b02.azurefd.net/files/MS-CUSTOMUI/%5bMS-CUSTOMUI%5d-150316.docx","","download_artifact","excluded_historical","Historical revision artifact (latest/current prioritized).","","",""
"20260323-163418Z","discovered_download","mixed","discovered","https://officeprotocoldocs-f5hpbjgea6b8gneq.b02.azurefd.net/files/MS-CUSTOMUI/%5bMS-CUSTOMUI%5d-150316.pdf","","download_artifact","excluded_historical","Historical revision artifact (latest/current prioritized).","","",""
"20260323-163418Z","discovered_download","mixed","discovered","https://officeprotocoldocs-f5hpbjgea6b8gneq.b02.azurefd.net/files/MS-CUSTOMUI/%5bMS-CUSTOMUI%5d-150904.docx","","download_artifact","excluded_historical","Historical revision artifact (latest/current prioritized).","","",""
"20260323-163418Z","discovered_download","mixed","discovered","https://officeprotocoldocs-f5hpbjgea6b8gneq.b02.azurefd.net/files/MS-CUSTOMUI/%5bMS-CUSTOMUI%5d-150904.pdf","","download_artifact","excluded_historical","Historical revision artifact (latest/current prioritized).","","",""
"20260323-163418Z","discovered_download","mixed","discovered","https://officeprotocoldocs-f5hpbjgea6b8gneq.b02.azurefd.net/files/MS-CUSTOMUI/%5bMS-CUSTOMUI%5d-160715.docx","","download_artifact","excluded_historical","Historical revision artifact (latest/current prioritized).","","",""
"20260323-163418Z","discovered_download","mixed","discovered","https://officeprotocoldocs-f5hpbjgea6b8gneq.b02.azurefd.net/files/MS-CUSTOMUI/%5bMS-CUSTOMUI%5d-160715.pdf","","download_artifact","excluded_historical","Historical revision artifact (latest/current prioritized).","","",""
"20260323-163418Z","discovered_download","mixed","discovered","https://officeprotocoldocs-f5hpbjgea6b8gneq.b02.azurefd.net/files/MS-CUSTOMUI/%5bMS-CUSTOMUI%5d-160914.docx","","download_artifact","excluded_historical","Historical revision artifact (latest/current prioritized).","","",""
"20260323-163418Z","discovered_download","mixed","discovered","https://officeprotocoldocs-f5hpbjgea6b8gneq.b02.azurefd.net/files/MS-CUSTOMUI/%5bMS-CUSTOMUI%5d-160914.pdf","","download_artifact","excluded_historical","Historical revision artifact (latest/current prioritized).","","",""
"20260323-163418Z","discovered_download","mixed","discovered","https://officeprotocoldocs-f5hpbjgea6b8gneq.b02.azurefd.net/files/MS-CUSTOMUI/%5bMS-CUSTOMUI%5d-161017.docx","","download_artifact","excluded_historical","Historical revision artifact (latest/current prioritized).","","",""
"20260323-163418Z","discovered_download","mixed","discovered","https://officeprotocoldocs-f5hpbjgea6b8gneq.b02.azurefd.net/files/MS-CUSTOMUI/%5bMS-CUSTOMUI%5d-161017.pdf","","download_artifact","excluded_historical","Historical revision artifact (latest/current prioritized).","","",""
"20260323-163418Z","discovered_download","mixed","discovered","https://officeprotocoldocs-f5hpbjgea6b8gneq.b02.azurefd.net/files/MS-CUSTOMUI/%5bMS-CUSTOMUI%5d-170710.docx","","download_artifact","excluded_historical","Historical revision artifact (latest/current prioritized).","","",""
"20260323-163418Z","discovered_download","mixed","discovered","https://officeprotocoldocs-f5hpbjgea6b8gneq.b02.azurefd.net/files/MS-CUSTOMUI/%5bMS-CUSTOMUI%5d-170710.pdf","","download_artifact","excluded_historical","Historical revision artifact (latest/current prioritized).","","",""
"20260323-163418Z","discovered_download","mixed","discovered","https://officeprotocoldocs-f5hpbjgea6b8gneq.b02.azurefd.net/files/MS-CUSTOMUI/%5bMS-CUSTOMUI%5d-170919.docx","","download_artifact","excluded_historical","Historical revision artifact (latest/current prioritized).","","",""
"20260323-163418Z","discovered_download","mixed","discovered","https://officeprotocoldocs-f5hpbjgea6b8gneq.b02.azurefd.net/files/MS-CUSTOMUI/%5bMS-CUSTOMUI%5d-170919.pdf","","download_artifact","excluded_historical","Historical revision artifact (latest/current prioritized).","","",""
"20260323-163418Z","discovered_download","mixed","discovered","https://officeprotocoldocs-f5hpbjgea6b8gneq.b02.azurefd.net/files/MS-CUSTOMUI/%5bMS-CUSTOMUI%5d-180427.docx","","download_artifact","excluded_historical","Historical revision artifact (latest/current prioritized).","","",""
"20260323-163418Z","discovered_download","mixed","discovered","https://officeprotocoldocs-f5hpbjgea6b8gneq.b02.azurefd.net/files/MS-CUSTOMUI/%5bMS-CUSTOMUI%5d-180427.pdf","","download_artifact","excluded_historical","Historical revision artifact (latest/current prioritized).","","",""
"20260323-163418Z","discovered_download","mixed","discovered","https://officeprotocoldocs-f5hpbjgea6b8gneq.b02.azurefd.net/files/MS-CUSTOMUI/%5bMS-CUSTOMUI%5d-180828.docx","","download_artifact","excluded_historical","Historical revision artifact (latest/current prioritized).","","",""
"20260323-163418Z","discovered_download","mixed","discovered","https://officeprotocoldocs-f5hpbjgea6b8gneq.b02.azurefd.net/files/MS-CUSTOMUI/%5bMS-CUSTOMUI%5d-180828.pdf","","download_artifact","excluded_historical","Historical revision artifact (latest/current prioritized).","","",""
"20260323-163418Z","discovered_download","mixed","discovered","https://officeprotocoldocs-f5hpbjgea6b8gneq.b02.azurefd.net/files/MS-CUSTOMUI/%5bMS-CUSTOMUI%5d-210422.docx","","download_artifact","excluded_historical","Historical revision artifact (latest/current prioritized).","","",""
"20260323-163418Z","discovered_download","mixed","discovered","https://officeprotocoldocs-f5hpbjgea6b8gneq.b02.azurefd.net/files/MS-CUSTOMUI/%5bMS-CUSTOMUI%5d-210422.pdf","","download_artifact","excluded_historical","Historical revision artifact (latest/current prioritized).","","",""
"20260323-163418Z","discovered_download","mixed","discovered","https://officeprotocoldocs-f5hpbjgea6b8gneq.b02.azurefd.net/files/MS-CUSTOMUI/%5bMS-CUSTOMUI%5d-210817.docx","","download_artifact","excluded_historical","Historical revision artifact (latest/current prioritized).","","",""
"20260323-163418Z","discovered_download","mixed","discovered","https://officeprotocoldocs-f5hpbjgea6b8gneq.b02.azurefd.net/files/MS-CUSTOMUI/%5bMS-CUSTOMUI%5d-210817.pdf","","download_artifact","excluded_historical","Historical revision artifact (latest/current prioritized).","","",""
"20260323-163418Z","discovered_download","mixed","discovered","https://officeprotocoldocs-f5hpbjgea6b8gneq.b02.azurefd.net/files/MS-CUSTOMUI/%5bMS-CUSTOMUI%5d-240220.docx","","download_artifact","excluded_historical","Historical revision artifact (latest/current prioritized).","","",""
"20260323-163418Z","discovered_download","mixed","discovered","https://officeprotocoldocs-f5hpbjgea6b8gneq.b02.azurefd.net/files/MS-CUSTOMUI2/%5bMS-CUSTOMUI2%5d-120120.pdf","","download_artifact","excluded_historical","Historical revision artifact (latest/current prioritized).","","",""
"20260323-163418Z","discovered_download","mixed","discovered","https://officeprotocoldocs-f5hpbjgea6b8gneq.b02.azurefd.net/files/MS-CUSTOMUI2/%5bMS-CUSTOMUI2%5d-120411.pdf","","download_artifact","excluded_historical","Historical revision artifact (latest/current prioritized).","","",""
"20260323-163418Z","discovered_download","mixed","discovered","https://officeprotocoldocs-f5hpbjgea6b8gneq.b02.azurefd.net/files/MS-CUSTOMUI2/%5bMS-CUSTOMUI2%5d-120716.pdf","","download_artifact","excluded_historical","Historical revision artifact (latest/current prioritized).","","",""
"20260323-163418Z","discovered_download","mixed","discovered","https://officeprotocoldocs-f5hpbjgea6b8gneq.b02.azurefd.net/files/MS-CUSTOMUI2/%5bMS-CUSTOMUI2%5d-121008.pdf","","download_artifact","excluded_historical","Historical revision artifact (latest/current prioritized).","","",""
"20260323-163418Z","discovered_download","mixed","discovered","https://officeprotocoldocs-f5hpbjgea6b8gneq.b02.azurefd.net/files/MS-CUSTOMUI2/%5bMS-CUSTOMUI2%5d-130211.pdf","","download_artifact","excluded_historical","Historical revision artifact (latest/current prioritized).","","",""
"20260323-163418Z","discovered_download","mixed","discovered","https://officeprotocoldocs-f5hpbjgea6b8gneq.b02.azurefd.net/files/MS-CUSTOMUI2/%5bMS-CUSTOMUI2%5d-130730.pdf","","download_artifact","excluded_historical","Historical revision artifact (latest/current prioritized).","","",""
"20260323-163418Z","discovered_download","mixed","discovered","https://officeprotocoldocs-f5hpbjgea6b8gneq.b02.azurefd.net/files/MS-CUSTOMUI2/%5bMS-CUSTOMUI2%5d-131118.pdf","","download_artifact","excluded_historical","Historical revision artifact (latest/current prioritized).","","",""
"20260323-163418Z","discovered_download","mixed","discovered","https://officeprotocoldocs-f5hpbjgea6b8gneq.b02.azurefd.net/files/MS-CUSTOMUI2/%5bMS-CUSTOMUI2%5d-140210.pdf","","download_artifact","excluded_historical","Historical revision artifact (latest/current prioritized).","","",""
"20260323-163418Z","discovered_download","mixed","discovered","https://officeprotocoldocs-f5hpbjgea6b8gneq.b02.azurefd.net/files/MS-CUSTOMUI2/%5bMS-CUSTOMUI2%5d-140430.pdf","","download_artifact","excluded_historical","Historical revision artifact (latest/current prioritized).","","",""
"20260323-163418Z","discovered_download","mixed","discovered","https://officeprotocoldocs-f5hpbjgea6b8gneq.b02.azurefd.net/files/MS-CUSTOMUI2/%5bMS-CUSTOMUI2%5d-140731.pdf","","download_artifact","excluded_historical","Historical revision artifact (latest/current prioritized).","","",""
"20260323-163418Z","discovered_download","mixed","discovered","https://officeprotocoldocs-f5hpbjgea6b8gneq.b02.azurefd.net/files/MS-CUSTOMUI2/%5bMS-CUSTOMUI2%5d-141030.pdf","","download_artifact","excluded_historical","Historical revision artifact (latest/current prioritized).","","",""
"20260323-163418Z","discovered_download","mixed","discovered","https://officeprotocoldocs-f5hpbjgea6b8gneq.b02.azurefd.net/files/MS-CUSTOMUI2/%5bMS-CUSTOMUI2%5d-150316.docx","","download_artifact","excluded_historical","Historical revision artifact (latest/current prioritized).","","",""
"20260323-163418Z","discovered_download","mixed","discovered","https://officeprotocoldocs-f5hpbjgea6b8gneq.b02.azurefd.net/files/MS-CUSTOMUI2/%5bMS-CUSTOMUI2%5d-150316.pdf","","download_artifact","excluded_historical","Historical revision artifact (latest/current prioritized).","","",""
"20260323-163418Z","discovered_download","mixed","discovered","https://officeprotocoldocs-f5hpbjgea6b8gneq.b02.azurefd.net/files/MS-CUSTOMUI2/%5bMS-CUSTOMUI2%5d-150904.docx","","download_artifact","excluded_historical","Historical revision artifact (latest/current prioritized).","","",""
"20260323-163418Z","discovered_download","mixed","discovered","https://officeprotocoldocs-f5hpbjgea6b8gneq.b02.azurefd.net/files/MS-CUSTOMUI2/%5bMS-CUSTOMUI2%5d-150904.pdf","","download_artifact","excluded_historical","Historical revision artifact (latest/current prioritized).","","",""
"20260323-163418Z","discovered_download","mixed","discovered","https://officeprotocoldocs-f5hpbjgea6b8gneq.b02.azurefd.net/files/MS-CUSTOMUI2/%5bMS-CUSTOMUI2%5d-160715.docx","","download_artifact","excluded_historical","Historical revision artifact (latest/current prioritized).","","",""
"20260323-163418Z","discovered_download","mixed","discovered","https://officeprotocoldocs-f5hpbjgea6b8gneq.b02.azurefd.net/files/MS-CUSTOMUI2/%5bMS-CUSTOMUI2%5d-160715.pdf","","download_artifact","excluded_historical","Historical revision artifact (latest/current prioritized).","","",""
"20260323-163418Z","discovered_download","mixed","discovered","https://officeprotocoldocs-f5hpbjgea6b8gneq.b02.azurefd.net/files/MS-CUSTOMUI2/%5bMS-CUSTOMUI2%5d-160914.docx","","download_artifact","excluded_historical","Historical revision artifact (latest/current prioritized).","","",""
"20260323-163418Z","discovered_download","mixed","discovered","https://officeprotocoldocs-f5hpbjgea6b8gneq.b02.azurefd.net/files/MS-CUSTOMUI2/%5bMS-CUSTOMUI2%5d-160914.pdf","","download_artifact","excluded_historical","Historical revision artifact (latest/current prioritized).","","",""
"20260323-163418Z","discovered_download","mixed","discovered","https://officeprotocoldocs-f5hpbjgea6b8gneq.b02.azurefd.net/files/MS-CUSTOMUI2/%5bMS-CUSTOMUI2%5d-180427.docx","","download_artifact","excluded_historical","Historical revision artifact (latest/current prioritized).","","",""
"20260323-163418Z","discovered_download","mixed","discovered","https://officeprotocoldocs-f5hpbjgea6b8gneq.b02.azurefd.net/files/MS-CUSTOMUI2/%5bMS-CUSTOMUI2%5d-180427.pdf","","download_artifact","excluded_historical","Historical revision artifact (latest/current prioritized).","","",""
"20260323-163418Z","discovered_download","mixed","discovered","https://officeprotocoldocs-f5hpbjgea6b8gneq.b02.azurefd.net/files/MS-CUSTOMUI2/%5bMS-CUSTOMUI2%5d-180828.docx","","download_artifact","excluded_historical","Historical revision artifact (latest/current prioritized).","","",""
"20260323-163418Z","discovered_download","mixed","discovered","https://officeprotocoldocs-f5hpbjgea6b8gneq.b02.azurefd.net/files/MS-CUSTOMUI2/%5bMS-CUSTOMUI2%5d-180828.pdf","","download_artifact","excluded_historical","Historical revision artifact (latest/current prioritized).","","",""
"20260323-163418Z","discovered_download","mixed","discovered","https://officeprotocoldocs-f5hpbjgea6b8gneq.b02.azurefd.net/files/MS-CUSTOMUI2/%5bMS-CUSTOMUI2%5d-210422.docx","","download_artifact","excluded_historical","Historical revision artifact (latest/current prioritized).","","",""
"20260323-163418Z","discovered_download","mixed","discovered","https://officeprotocoldocs-f5hpbjgea6b8gneq.b02.azurefd.net/files/MS-CUSTOMUI2/%5bMS-CUSTOMUI2%5d-210422.pdf","","download_artifact","excluded_historical","Historical revision artifact (latest/current prioritized).","","",""
"20260323-163418Z","discovered_download","mixed","discovered","https://officeprotocoldocs-f5hpbjgea6b8gneq.b02.azurefd.net/files/MS-CUSTOMUI2/%5bMS-CUSTOMUI2%5d-210817.docx","","download_artifact","excluded_historical","Historical revision artifact (latest/current prioritized).","","",""
"20260323-163418Z","discovered_download","mixed","discovered","https://officeprotocoldocs-f5hpbjgea6b8gneq.b02.azurefd.net/files/MS-CUSTOMUI2/%5bMS-CUSTOMUI2%5d-210817.pdf","","download_artifact","excluded_historical","Historical revision artifact (latest/current prioritized).","","",""
"20260323-163418Z","discovered_download","mixed","discovered","https://officeprotocoldocs-f5hpbjgea6b8gneq.b02.azurefd.net/files/MS-CUSTOMUI2/%5bMS-CUSTOMUI2%5d-240416.docx","","download_artifact","excluded_historical","Historical revision artifact (latest/current prioritized).","","",""
"20260323-163418Z","discovered_download","mixed","discovered","https://officeprotocoldocs-f5hpbjgea6b8gneq.b02.azurefd.net/files/MS-DOCX/%5bMS-DOCX%5d-120120.pdf","","download_artifact","excluded_historical","Historical revision artifact (latest/current prioritized).","","",""
"20260323-163418Z","discovered_download","mixed","discovered","https://officeprotocoldocs-f5hpbjgea6b8gneq.b02.azurefd.net/files/MS-DOCX/%5bMS-DOCX%5d-120411.pdf","","download_artifact","excluded_historical","Historical revision artifact (latest/current prioritized).","","",""
"20260323-163418Z","discovered_download","mixed","discovered","https://officeprotocoldocs-f5hpbjgea6b8gneq.b02.azurefd.net/files/MS-DOCX/%5bMS-DOCX%5d-120716.pdf","","download_artifact","excluded_historical","Historical revision artifact (latest/current prioritized).","","",""
"20260323-163418Z","discovered_download","mixed","discovered","https://officeprotocoldocs-f5hpbjgea6b8gneq.b02.azurefd.net/files/MS-DOCX/%5bMS-DOCX%5d-121008.pdf","","download_artifact","excluded_historical","Historical revision artifact (latest/current prioritized).","","",""
"20260323-163418Z","discovered_download","mixed","discovered","https://officeprotocoldocs-f5hpbjgea6b8gneq.b02.azurefd.net/files/MS-DOCX/%5bMS-DOCX%5d-130211.pdf","","download_artifact","excluded_historical","Historical revision artifact (latest/current prioritized).","","",""
"20260323-163418Z","discovered_download","mixed","discovered","https://officeprotocoldocs-f5hpbjgea6b8gneq.b02.azurefd.net/files/MS-DOCX/%5bMS-DOCX%5d-130730.pdf","","download_artifact","excluded_historical","Historical revision artifact (latest/current prioritized).","","",""
"20260323-163418Z","discovered_download","mixed","discovered","https://officeprotocoldocs-f5hpbjgea6b8gneq.b02.azurefd.net/files/MS-DOCX/%5bMS-DOCX%5d-131118.pdf","","download_artifact","excluded_historical","Historical revision artifact (latest/current prioritized).","","",""
"20260323-163418Z","discovered_download","mixed","discovered","https://officeprotocoldocs-f5hpbjgea6b8gneq.b02.azurefd.net/files/MS-DOCX/%5bMS-DOCX%5d-140210.pdf","","download_artifact","excluded_historical","Historical revision artifact (latest/current prioritized).","","",""
"20260323-163418Z","discovered_download","mixed","discovered","https://officeprotocoldocs-f5hpbjgea6b8gneq.b02.azurefd.net/files/MS-DOCX/%5bMS-DOCX%5d-140430.pdf","","download_artifact","excluded_historical","Historical revision artifact (latest/current prioritized).","","",""
"20260323-163418Z","discovered_download","mixed","discovered","https://officeprotocoldocs-f5hpbjgea6b8gneq.b02.azurefd.net/files/MS-DOCX/%5bMS-DOCX%5d-140731.pdf","","download_artifact","excluded_historical","Historical revision artifact (latest/current prioritized).","","",""
"20260323-163418Z","discovered_download","mixed","discovered","https://officeprotocoldocs-f5hpbjgea6b8gneq.b02.azurefd.net/files/MS-DOCX/%5bMS-DOCX%5d-141030.pdf","","download_artifact","excluded_historical","Historical revision artifact (latest/current prioritized).","","",""
"20260323-163418Z","discovered_download","mixed","discovered","https://officeprotocoldocs-f5hpbjgea6b8gneq.b02.azurefd.net/files/MS-DOCX/%5bMS-DOCX%5d-150316.docx","","download_artifact","excluded_historical","Historical revision artifact (latest/current prioritized).","","",""
"20260323-163418Z","discovered_download","mixed","discovered","https://officeprotocoldocs-f5hpbjgea6b8gneq.b02.azurefd.net/files/MS-DOCX/%5bMS-DOCX%5d-150316.pdf","","download_artifact","excluded_historical","Historical revision artifact (latest/current prioritized).","","",""
"20260323-163418Z","discovered_download","mixed","discovered","https://officeprotocoldocs-f5hpbjgea6b8gneq.b02.azurefd.net/files/MS-DOCX/%5bMS-DOCX%5d-150904.docx","","download_artifact","excluded_historical","Historical revision artifact (latest/current prioritized).","","",""
"20260323-163418Z","discovered_download","mixed","discovered","https://officeprotocoldocs-f5hpbjgea6b8gneq.b02.azurefd.net/files/MS-DOCX/%5bMS-DOCX%5d-150904.pdf","","download_artifact","excluded_historical","Historical revision artifact (latest/current prioritized).","","",""
"20260323-163418Z","discovered_download","mixed","discovered","https://officeprotocoldocs-f5hpbjgea6b8gneq.b02.azurefd.net/files/MS-DOCX/%5bMS-DOCX%5d-160715.docx","","download_artifact","excluded_historical","Historical revision artifact (latest/current prioritized).","","",""
"20260323-163418Z","discovered_download","mixed","discovered","https://officeprotocoldocs-f5hpbjgea6b8gneq.b02.azurefd.net/files/MS-DOCX/%5bMS-DOCX%5d-160715.pdf","","download_artifact","excluded_historical","Historical revision artifact (latest/current prioritized).","","",""
"20260323-163418Z","discovered_download","mixed","discovered","https://officeprotocoldocs-f5hpbjgea6b8gneq.b02.azurefd.net/files/MS-DOCX/%5bMS-DOCX%5d-160922.docx","","download_artifact","excluded_historical","Historical revision artifact (latest/current prioritized).","","",""
"20260323-163418Z","discovered_download","mixed","discovered","https://officeprotocoldocs-f5hpbjgea6b8gneq.b02.azurefd.net/files/MS-DOCX/%5bMS-DOCX%5d-160922.pdf","","download_artifact","excluded_historical","Historical revision artifact (latest/current prioritized).","","",""
"20260323-163418Z","discovered_download","mixed","discovered","https://officeprotocoldocs-f5hpbjgea6b8gneq.b02.azurefd.net/files/MS-DOCX/%5bMS-DOCX%5d-161215.docx","","download_artifact","excluded_historical","Historical revision artifact (latest/current prioritized).","","",""
"20260323-163418Z","discovered_download","mixed","discovered","https://officeprotocoldocs-f5hpbjgea6b8gneq.b02.azurefd.net/files/MS-DOCX/%5bMS-DOCX%5d-161215.pdf","","download_artifact","excluded_historical","Historical revision artifact (latest/current prioritized).","","",""
"20260323-163418Z","discovered_download","mixed","discovered","https://officeprotocoldocs-f5hpbjgea6b8gneq.b02.azurefd.net/files/MS-DOCX/%5bMS-DOCX%5d-170905.docx","","download_artifact","excluded_historical","Historical revision artifact (latest/current prioritized).","","",""
"20260323-163418Z","discovered_download","mixed","discovered","https://officeprotocoldocs-f5hpbjgea6b8gneq.b02.azurefd.net/files/MS-DOCX/%5bMS-DOCX%5d-170905.pdf","","download_artifact","excluded_historical","Historical revision artifact (latest/current prioritized).","","",""
"20260323-163418Z","discovered_download","mixed","discovered","https://officeprotocoldocs-f5hpbjgea6b8gneq.b02.azurefd.net/files/MS-DOCX/%5bMS-DOCX%5d-171212.docx","","download_artifact","excluded_historical","Historical revision artifact (latest/current prioritized).","","",""
"20260323-163418Z","discovered_download","mixed","discovered","https://officeprotocoldocs-f5hpbjgea6b8gneq.b02.azurefd.net/files/MS-DOCX/%5bMS-DOCX%5d-171212.pdf","","download_artifact","excluded_historical","Historical revision artifact (latest/current prioritized).","","",""
"20260323-163418Z","discovered_download","mixed","discovered","https://officeprotocoldocs-f5hpbjgea6b8gneq.b02.azurefd.net/files/MS-DOCX/%5bMS-DOCX%5d-180427.docx","","download_artifact","excluded_historical","Historical revision artifact (latest/current prioritized).","","",""
"20260323-163418Z","discovered_download","mixed","discovered","https://officeprotocoldocs-f5hpbjgea6b8gneq.b02.azurefd.net/files/MS-DOCX/%5bMS-DOCX%5d-180427.pdf","","download_artifact","excluded_historical","Historical revision artifact (latest/current prioritized).","","",""
"20260323-163418Z","discovered_download","mixed","discovered","https://officeprotocoldocs-f5hpbjgea6b8gneq.b02.azurefd.net/files/MS-DOCX/%5bMS-DOCX%5d-180828.docx","","download_artifact","excluded_historical","Historical revision artifact (latest/current prioritized).","","",""
"20260323-163418Z","discovered_download","mixed","discovered","https://officeprotocoldocs-f5hpbjgea6b8gneq.b02.azurefd.net/files/MS-DOCX/%5bMS-DOCX%5d-180828.pdf","","download_artifact","excluded_historical","Historical revision artifact (latest/current prioritized).","","",""
"20260323-163418Z","discovered_download","mixed","discovered","https://officeprotocoldocs-f5hpbjgea6b8gneq.b02.azurefd.net/files/MS-DOCX/%5bMS-DOCX%5d-181211.docx","","download_artifact","excluded_historical","Historical revision artifact (latest/current prioritized).","","",""
"20260323-163418Z","discovered_download","mixed","discovered","https://officeprotocoldocs-f5hpbjgea6b8gneq.b02.azurefd.net/files/MS-DOCX/%5bMS-DOCX%5d-181211.pdf","","download_artifact","excluded_historical","Historical revision artifact (latest/current prioritized).","","",""
"20260323-163418Z","discovered_download","mixed","discovered","https://officeprotocoldocs-f5hpbjgea6b8gneq.b02.azurefd.net/files/MS-DOCX/%5bMS-DOCX%5d-190319.docx","","download_artifact","excluded_historical","Historical revision artifact (latest/current prioritized).","","",""
"20260323-163418Z","discovered_download","mixed","discovered","https://officeprotocoldocs-f5hpbjgea6b8gneq.b02.azurefd.net/files/MS-DOCX/%5bMS-DOCX%5d-190319.pdf","","download_artifact","excluded_historical","Historical revision artifact (latest/current prioritized).","","",""
"20260323-163418Z","discovered_download","mixed","discovered","https://officeprotocoldocs-f5hpbjgea6b8gneq.b02.azurefd.net/files/MS-DOCX/%5bMS-DOCX%5d-190924.docx","","download_artifact","excluded_historical","Historical revision artifact (latest/current prioritized).","","",""
"20260323-163418Z","discovered_download","mixed","discovered","https://officeprotocoldocs-f5hpbjgea6b8gneq.b02.azurefd.net/files/MS-DOCX/%5bMS-DOCX%5d-190924.pdf","","download_artifact","excluded_historical","Historical revision artifact (latest/current prioritized).","","",""
"20260323-163418Z","discovered_download","mixed","discovered","https://officeprotocoldocs-f5hpbjgea6b8gneq.b02.azurefd.net/files/MS-DOCX/%5bMS-DOCX%5d-191119.docx","","download_artifact","excluded_historical","Historical revision artifact (latest/current prioritized).","","",""
"20260323-163418Z","discovered_download","mixed","discovered","https://officeprotocoldocs-f5hpbjgea6b8gneq.b02.azurefd.net/files/MS-DOCX/%5bMS-DOCX%5d-191119.pdf","","download_artifact","excluded_historical","Historical revision artifact (latest/current prioritized).","","",""
"20260323-163418Z","discovered_download","mixed","discovered","https://officeprotocoldocs-f5hpbjgea6b8gneq.b02.azurefd.net/files/MS-DOCX/%5bMS-DOCX%5d-200219.docx","","download_artifact","excluded_historical","Historical revision artifact (latest/current prioritized).","","",""
"20260323-163418Z","discovered_download","mixed","discovered","https://officeprotocoldocs-f5hpbjgea6b8gneq.b02.azurefd.net/files/MS-DOCX/%5bMS-DOCX%5d-200219.pdf","","download_artifact","excluded_historical","Historical revision artifact (latest/current prioritized).","","",""
"20260323-163418Z","discovered_download","mixed","discovered","https://officeprotocoldocs-f5hpbjgea6b8gneq.b02.azurefd.net/files/MS-DOCX/%5bMS-DOCX%5d-200818.docx","","download_artifact","excluded_historical","Historical revision artifact (latest/current prioritized).","","",""
"20260323-163418Z","discovered_download","mixed","discovered","https://officeprotocoldocs-f5hpbjgea6b8gneq.b02.azurefd.net/files/MS-DOCX/%5bMS-DOCX%5d-200818.pdf","","download_artifact","excluded_historical","Historical revision artifact (latest/current prioritized).","","",""
"20260323-163418Z","discovered_download","mixed","discovered","https://officeprotocoldocs-f5hpbjgea6b8gneq.b02.azurefd.net/files/MS-DOCX/%5bMS-DOCX%5d-210216.docx","","download_artifact","excluded_historical","Historical revision artifact (latest/current prioritized).","","",""
"20260323-163418Z","discovered_download","mixed","discovered","https://officeprotocoldocs-f5hpbjgea6b8gneq.b02.azurefd.net/files/MS-DOCX/%5bMS-DOCX%5d-210216.pdf","","download_artifact","excluded_historical","Historical revision artifact (latest/current prioritized).","","",""
"20260323-163418Z","discovered_download","mixed","discovered","https://officeprotocoldocs-f5hpbjgea6b8gneq.b02.azurefd.net/files/MS-DOCX/%5bMS-DOCX%5d-210322.docx","","download_artifact","excluded_historical","Historical revision artifact (latest/current prioritized).","","",""
"20260323-163418Z","discovered_download","mixed","discovered","https://officeprotocoldocs-f5hpbjgea6b8gneq.b02.azurefd.net/files/MS-DOCX/%5bMS-DOCX%5d-210322.pdf","","download_artifact","excluded_historical","Historical revision artifact (latest/current prioritized).","","",""
"20260323-163418Z","discovered_download","mixed","discovered","https://officeprotocoldocs-f5hpbjgea6b8gneq.b02.azurefd.net/files/MS-DOCX/%5bMS-DOCX%5d-210422.docx","","download_artifact","excluded_historical","Historical revision artifact (latest/current prioritized).","","",""
"20260323-163418Z","discovered_download","mixed","discovered","https://officeprotocoldocs-f5hpbjgea6b8gneq.b02.azurefd.net/files/MS-DOCX/%5bMS-DOCX%5d-210422.pdf","","download_artifact","excluded_historical","Historical revision artifact (latest/current prioritized).","","",""
"20260323-163418Z","discovered_download","mixed","discovered","https://officeprotocoldocs-f5hpbjgea6b8gneq.b02.azurefd.net/files/MS-DOCX/%5bMS-DOCX%5d-210817.docx","","download_artifact","excluded_historical","Historical revision artifact (latest/current prioritized).","","",""
"20260323-163418Z","discovered_download","mixed","discovered","https://officeprotocoldocs-f5hpbjgea6b8gneq.b02.azurefd.net/files/MS-DOCX/%5bMS-DOCX%5d-210817.pdf","","download_artifact","excluded_historical","Historical revision artifact (latest/current prioritized).","","",""
"20260323-163418Z","discovered_download","mixed","discovered","https://officeprotocoldocs-f5hpbjgea6b8gneq.b02.azurefd.net/files/MS-DOCX/%5bMS-DOCX%5d-220304.docx","","download_artifact","excluded_historical","Historical revision artifact (latest/current prioritized).","","",""
"20260323-163418Z","discovered_download","mixed","discovered","https://officeprotocoldocs-f5hpbjgea6b8gneq.b02.azurefd.net/files/MS-DOCX/%5bMS-DOCX%5d-220304.pdf","","download_artifact","excluded_historical","Historical revision artifact (latest/current prioritized).","","",""
"20260323-163418Z","discovered_download","mixed","discovered","https://officeprotocoldocs-f5hpbjgea6b8gneq.b02.azurefd.net/files/MS-DOCX/%5bMS-DOCX%5d-220816.docx","","download_artifact","excluded_historical","Historical revision artifact (latest/current prioritized).","","",""
"20260323-163418Z","discovered_download","mixed","discovered","https://officeprotocoldocs-f5hpbjgea6b8gneq.b02.azurefd.net/files/MS-DOCX/%5bMS-DOCX%5d-220816.pdf","","download_artifact","excluded_historical","Historical revision artifact (latest/current prioritized).","","",""
"20260323-163418Z","discovered_download","mixed","discovered","https://officeprotocoldocs-f5hpbjgea6b8gneq.b02.azurefd.net/files/MS-DOCX/%5bMS-DOCX%5d-230303.docx","","download_artifact","excluded_historical","Historical revision artifact (latest/current prioritized).","","",""
"20260323-163418Z","discovered_download","mixed","discovered","https://officeprotocoldocs-f5hpbjgea6b8gneq.b02.azurefd.net/files/MS-DOCX/%5bMS-DOCX%5d-230303.pdf","","download_artifact","excluded_historical","Historical revision artifact (latest/current prioritized).","","",""
"20260323-163418Z","discovered_download","mixed","discovered","https://officeprotocoldocs-f5hpbjgea6b8gneq.b02.azurefd.net/files/MS-DOCX/%5bMS-DOCX%5d-230616.docx","","download_artifact","excluded_historical","Historical revision artifact (latest/current prioritized).","","",""
"20260323-163418Z","discovered_download","mixed","discovered","https://officeprotocoldocs-f5hpbjgea6b8gneq.b02.azurefd.net/files/MS-DOCX/%5bMS-DOCX%5d-230616.pdf","","download_artifact","excluded_historical","Historical revision artifact (latest/current prioritized).","","",""
"20260323-163418Z","discovered_download","mixed","discovered","https://officeprotocoldocs-f5hpbjgea6b8gneq.b02.azurefd.net/files/MS-DOCX/%5bMS-DOCX%5d-230815.docx","","download_artifact","excluded_historical","Historical revision artifact (latest/current prioritized).","","",""
"20260323-163418Z","discovered_download","mixed","discovered","https://officeprotocoldocs-f5hpbjgea6b8gneq.b02.azurefd.net/files/MS-DOCX/%5bMS-DOCX%5d-230815.pdf","","download_artifact","excluded_historical","Historical revision artifact (latest/current prioritized).","","",""
"20260323-163418Z","discovered_download","mixed","discovered","https://officeprotocoldocs-f5hpbjgea6b8gneq.b02.azurefd.net/files/MS-DOCX/%5bMS-DOCX%5d-240220.docx","","download_artifact","excluded_historical","Historical revision artifact (latest/current prioritized).","","",""
"20260323-163418Z","discovered_download","mixed","discovered","https://officeprotocoldocs-f5hpbjgea6b8gneq.b02.azurefd.net/files/MS-DOCX/%5bMS-DOCX%5d-240220.pdf","","download_artifact","excluded_historical","Historical revision artifact (latest/current prioritized).","","",""
"20260323-163418Z","discovered_download","mixed","discovered","https://officeprotocoldocs-f5hpbjgea6b8gneq.b02.azurefd.net/files/MS-DOCX/%5bMS-DOCX%5d-240416.docx","","download_artifact","excluded_historical","Historical revision artifact (latest/current prioritized).","","",""
"20260323-163418Z","discovered_download","mixed","discovered","https://officeprotocoldocs-f5hpbjgea6b8gneq.b02.azurefd.net/files/MS-DOCX/%5bMS-DOCX%5d-240416.pdf","","download_artifact","excluded_historical","Historical revision artifact (latest/current prioritized).","","",""
"20260323-163418Z","discovered_download","mixed","discovered","https://officeprotocoldocs-f5hpbjgea6b8gneq.b02.azurefd.net/files/MS-DOCX/%5bMS-DOCX%5d-240820.docx","","download_artifact","excluded_historical","Historical revision artifact (latest/current prioritized).","","",""
"20260323-163418Z","discovered_download","mixed","discovered","https://officeprotocoldocs-f5hpbjgea6b8gneq.b02.azurefd.net/files/MS-DOCX/%5bMS-DOCX%5d-240820.pdf","","download_artifact","excluded_historical","Historical revision artifact (latest/current prioritized).","","",""
"20260323-163418Z","discovered_download","mixed","discovered","https://officeprotocoldocs-f5hpbjgea6b8gneq.b02.azurefd.net/files/MS-DOCX/%5bMS-DOCX%5d-241112.docx","","download_artifact","excluded_historical","Historical revision artifact (latest/current prioritized).","","",""
"20260323-163418Z","discovered_download","mixed","discovered","https://officeprotocoldocs-f5hpbjgea6b8gneq.b02.azurefd.net/files/MS-DOCX/%5bMS-DOCX%5d-241112.pdf","","download_artifact","excluded_historical","Historical revision artifact (latest/current prioritized).","","",""
"20260323-163418Z","discovered_download","mixed","discovered","https://officeprotocoldocs-f5hpbjgea6b8gneq.b02.azurefd.net/files/MS-DOCX/%5bMS-DOCX%5d-250218.docx","","download_artifact","excluded_historical","Historical revision artifact (latest/current prioritized).","","",""
"20260323-163418Z","discovered_download","mixed","discovered","https://officeprotocoldocs-f5hpbjgea6b8gneq.b02.azurefd.net/files/MS-DOCX/%5bMS-DOCX%5d-250218.pdf","","download_artifact","excluded_historical","Historical revision artifact (latest/current prioritized).","","",""
"20260323-163418Z","discovered_download","mixed","discovered","https://officeprotocoldocs-f5hpbjgea6b8gneq.b02.azurefd.net/files/MS-DOCX/%5bMS-DOCX%5d-250520.docx","","download_artifact","excluded_historical","Historical revision artifact (latest/current prioritized).","","",""
"20260323-163418Z","discovered_download","mixed","discovered","https://officeprotocoldocs-f5hpbjgea6b8gneq.b02.azurefd.net/files/MS-ODRAWXML/%5bMS-ODRAWXML%5d-120120.pdf","","download_artifact","excluded_historical","Historical revision artifact (latest/current prioritized).","","",""
"20260323-163418Z","discovered_download","mixed","discovered","https://officeprotocoldocs-f5hpbjgea6b8gneq.b02.azurefd.net/files/MS-ODRAWXML/%5bMS-ODRAWXML%5d-120411.pdf","","download_artifact","excluded_historical","Historical revision artifact (latest/current prioritized).","","",""
"20260323-163418Z","discovered_download","mixed","discovered","https://officeprotocoldocs-f5hpbjgea6b8gneq.b02.azurefd.net/files/MS-ODRAWXML/%5bMS-ODRAWXML%5d-120716.pdf","","download_artifact","excluded_historical","Historical revision artifact (latest/current prioritized).","","",""
"20260323-163418Z","discovered_download","mixed","discovered","https://officeprotocoldocs-f5hpbjgea6b8gneq.b02.azurefd.net/files/MS-ODRAWXML/%5bMS-ODRAWXML%5d-121008.pdf","","download_artifact","excluded_historical","Historical revision artifact (latest/current prioritized).","","",""
"20260323-163418Z","discovered_download","mixed","discovered","https://officeprotocoldocs-f5hpbjgea6b8gneq.b02.azurefd.net/files/MS-ODRAWXML/%5bMS-ODRAWXML%5d-130211.pdf","","download_artifact","excluded_historical","Historical revision artifact (latest/current prioritized).","","",""
"20260323-163418Z","discovered_download","mixed","discovered","https://officeprotocoldocs-f5hpbjgea6b8gneq.b02.azurefd.net/files/MS-ODRAWXML/%5bMS-ODRAWXML%5d-130730.pdf","","download_artifact","excluded_historical","Historical revision artifact (latest/current prioritized).","","",""
"20260323-163418Z","discovered_download","mixed","discovered","https://officeprotocoldocs-f5hpbjgea6b8gneq.b02.azurefd.net/files/MS-ODRAWXML/%5bMS-ODRAWXML%5d-131118.pdf","","download_artifact","excluded_historical","Historical revision artifact (latest/current prioritized).","","",""
"20260323-163418Z","discovered_download","mixed","discovered","https://officeprotocoldocs-f5hpbjgea6b8gneq.b02.azurefd.net/files/MS-ODRAWXML/%5bMS-ODRAWXML%5d-140210.pdf","","download_artifact","excluded_historical","Historical revision artifact (latest/current prioritized).","","",""
"20260323-163418Z","discovered_download","mixed","discovered","https://officeprotocoldocs-f5hpbjgea6b8gneq.b02.azurefd.net/files/MS-ODRAWXML/%5bMS-ODRAWXML%5d-140430.pdf","","download_artifact","excluded_historical","Historical revision artifact (latest/current prioritized).","","",""
"20260323-163418Z","discovered_download","mixed","discovered","https://officeprotocoldocs-f5hpbjgea6b8gneq.b02.azurefd.net/files/MS-ODRAWXML/%5bMS-ODRAWXML%5d-140731.pdf","","download_artifact","excluded_historical","Historical revision artifact (latest/current prioritized).","","",""
"20260323-163418Z","discovered_download","mixed","discovered","https://officeprotocoldocs-f5hpbjgea6b8gneq.b02.azurefd.net/files/MS-ODRAWXML/%5bMS-ODRAWXML%5d-141030.pdf","","download_artifact","excluded_historical","Historical revision artifact (latest/current prioritized).","","",""
"20260323-163418Z","discovered_download","mixed","discovered","https://officeprotocoldocs-f5hpbjgea6b8gneq.b02.azurefd.net/files/MS-ODRAWXML/%5bMS-ODRAWXML%5d-150210.docx","","download_artifact","excluded_historical","Historical revision artifact (latest/current prioritized).","","",""
"20260323-163418Z","discovered_download","mixed","discovered","https://officeprotocoldocs-f5hpbjgea6b8gneq.b02.azurefd.net/files/MS-ODRAWXML/%5bMS-ODRAWXML%5d-150210.pdf","","download_artifact","excluded_historical","Historical revision artifact (latest/current prioritized).","","",""
"20260323-163418Z","discovered_download","mixed","discovered","https://officeprotocoldocs-f5hpbjgea6b8gneq.b02.azurefd.net/files/MS-ODRAWXML/%5bMS-ODRAWXML%5d-150316.docx","","download_artifact","excluded_historical","Historical revision artifact (latest/current prioritized).","","",""
"20260323-163418Z","discovered_download","mixed","discovered","https://officeprotocoldocs-f5hpbjgea6b8gneq.b02.azurefd.net/files/MS-ODRAWXML/%5bMS-ODRAWXML%5d-150316.pdf","","download_artifact","excluded_historical","Historical revision artifact (latest/current prioritized).","","",""
"20260323-163418Z","discovered_download","mixed","discovered","https://officeprotocoldocs-f5hpbjgea6b8gneq.b02.azurefd.net/files/MS-ODRAWXML/%5bMS-ODRAWXML%5d-150904.docx","","download_artifact","excluded_historical","Historical revision artifact (latest/current prioritized).","","",""
"20260323-163418Z","discovered_download","mixed","discovered","https://officeprotocoldocs-f5hpbjgea6b8gneq.b02.azurefd.net/files/MS-ODRAWXML/%5bMS-ODRAWXML%5d-150904.pdf","","download_artifact","excluded_historical","Historical revision artifact (latest/current prioritized).","","",""
"20260323-163418Z","discovered_download","mixed","discovered","https://officeprotocoldocs-f5hpbjgea6b8gneq.b02.azurefd.net/files/MS-ODRAWXML/%5bMS-ODRAWXML%5d-160715.docx","","download_artifact","excluded_historical","Historical revision artifact (latest/current prioritized).","","",""
"20260323-163418Z","discovered_download","mixed","discovered","https://officeprotocoldocs-f5hpbjgea6b8gneq.b02.azurefd.net/files/MS-ODRAWXML/%5bMS-ODRAWXML%5d-160715.pdf","","download_artifact","excluded_historical","Historical revision artifact (latest/current prioritized).","","",""
"20260323-163418Z","discovered_download","mixed","discovered","https://officeprotocoldocs-f5hpbjgea6b8gneq.b02.azurefd.net/files/MS-ODRAWXML/%5bMS-ODRAWXML%5d-160914.docx","","download_artifact","excluded_historical","Historical revision artifact (latest/current prioritized).","","",""
"20260323-163418Z","discovered_download","mixed","discovered","https://officeprotocoldocs-f5hpbjgea6b8gneq.b02.azurefd.net/files/MS-ODRAWXML/%5bMS-ODRAWXML%5d-160914.pdf","","download_artifact","excluded_historical","Historical revision artifact (latest/current prioritized).","","",""
"20260323-163418Z","discovered_download","mixed","discovered","https://officeprotocoldocs-f5hpbjgea6b8gneq.b02.azurefd.net/files/MS-ODRAWXML/%5bMS-ODRAWXML%5d-160922.docx","","download_artifact","excluded_historical","Historical revision artifact (latest/current prioritized).","","",""
"20260323-163418Z","discovered_download","mixed","discovered","https://officeprotocoldocs-f5hpbjgea6b8gneq.b02.azurefd.net/files/MS-ODRAWXML/%5bMS-ODRAWXML%5d-160922.pdf","","download_artifact","excluded_historical","Historical revision artifact (latest/current prioritized).","","",""
"20260323-163418Z","discovered_download","mixed","discovered","https://officeprotocoldocs-f5hpbjgea6b8gneq.b02.azurefd.net/files/MS-ODRAWXML/%5bMS-ODRAWXML%5d-160929.docx","","download_artifact","excluded_historical","Historical revision artifact (latest/current prioritized).","","",""
"20260323-163418Z","discovered_download","mixed","discovered","https://officeprotocoldocs-f5hpbjgea6b8gneq.b02.azurefd.net/files/MS-ODRAWXML/%5bMS-ODRAWXML%5d-160929.pdf","","download_artifact","excluded_historical","Historical revision artifact (latest/current prioritized).","","",""
"20260323-163418Z","discovered_download","mixed","discovered","https://officeprotocoldocs-f5hpbjgea6b8gneq.b02.azurefd.net/files/MS-ODRAWXML/%5bMS-ODRAWXML%5d-161114.docx","","download_artifact","excluded_historical","Historical revision artifact (latest/current prioritized).","","",""
"20260323-163418Z","discovered_download","mixed","discovered","https://officeprotocoldocs-f5hpbjgea6b8gneq.b02.azurefd.net/files/MS-ODRAWXML/%5bMS-ODRAWXML%5d-161114.pdf","","download_artifact","excluded_historical","Historical revision artifact (latest/current prioritized).","","",""
"20260323-163418Z","discovered_download","mixed","discovered","https://officeprotocoldocs-f5hpbjgea6b8gneq.b02.azurefd.net/files/MS-ODRAWXML/%5bMS-ODRAWXML%5d-161215.docx","","download_artifact","excluded_historical","Historical revision artifact (latest/current prioritized).","","",""
"20260323-163418Z","discovered_download","mixed","discovered","https://officeprotocoldocs-f5hpbjgea6b8gneq.b02.azurefd.net/files/MS-ODRAWXML/%5bMS-ODRAWXML%5d-161215.pdf","","download_artifact","excluded_historical","Historical revision artifact (latest/current prioritized).","","",""
"20260323-163418Z","discovered_download","mixed","discovered","https://officeprotocoldocs-f5hpbjgea6b8gneq.b02.azurefd.net/files/MS-ODRAWXML/%5bMS-ODRAWXML%5d-170202.docx","","download_artifact","excluded_historical","Historical revision artifact (latest/current prioritized).","","",""
"20260323-163418Z","discovered_download","mixed","discovered","https://officeprotocoldocs-f5hpbjgea6b8gneq.b02.azurefd.net/files/MS-ODRAWXML/%5bMS-ODRAWXML%5d-170202.pdf","","download_artifact","excluded_historical","Historical revision artifact (latest/current prioritized).","","",""
"20260323-163418Z","discovered_download","mixed","discovered","https://officeprotocoldocs-f5hpbjgea6b8gneq.b02.azurefd.net/files/MS-ODRAWXML/%5bMS-ODRAWXML%5d-170328.docx","","download_artifact","excluded_historical","Historical revision artifact (latest/current prioritized).","","",""
"20260323-163418Z","discovered_download","mixed","discovered","https://officeprotocoldocs-f5hpbjgea6b8gneq.b02.azurefd.net/files/MS-ODRAWXML/%5bMS-ODRAWXML%5d-170328.pdf","","download_artifact","excluded_historical","Historical revision artifact (latest/current prioritized).","","",""
"20260323-163418Z","discovered_download","mixed","discovered","https://officeprotocoldocs-f5hpbjgea6b8gneq.b02.azurefd.net/files/MS-ODRAWXML/%5bMS-ODRAWXML%5d-170427.docx","","download_artifact","excluded_historical","Historical revision artifact (latest/current prioritized).","","",""
"20260323-163418Z","discovered_download","mixed","discovered","https://officeprotocoldocs-f5hpbjgea6b8gneq.b02.azurefd.net/files/MS-ODRAWXML/%5bMS-ODRAWXML%5d-170427.pdf","","download_artifact","excluded_historical","Historical revision artifact (latest/current prioritized).","","",""
"20260323-163418Z","discovered_download","mixed","discovered","https://officeprotocoldocs-f5hpbjgea6b8gneq.b02.azurefd.net/files/MS-ODRAWXML/%5bMS-ODRAWXML%5d-170602.docx","","download_artifact","excluded_historical","Historical revision artifact (latest/current prioritized).","","",""
"20260323-163418Z","discovered_download","mixed","discovered","https://officeprotocoldocs-f5hpbjgea6b8gneq.b02.azurefd.net/files/MS-ODRAWXML/%5bMS-ODRAWXML%5d-170602.pdf","","download_artifact","excluded_historical","Historical revision artifact (latest/current prioritized).","","",""
"20260323-163418Z","discovered_download","mixed","discovered","https://officeprotocoldocs-f5hpbjgea6b8gneq.b02.azurefd.net/files/MS-ODRAWXML/%5bMS-ODRAWXML%5d-170627.docx","","download_artifact","excluded_historical","Historical revision artifact (latest/current prioritized).","","",""
"20260323-163418Z","discovered_download","mixed","discovered","https://officeprotocoldocs-f5hpbjgea6b8gneq.b02.azurefd.net/files/MS-ODRAWXML/%5bMS-ODRAWXML%5d-170627.pdf","","download_artifact","excluded_historical","Historical revision artifact (latest/current prioritized).","","",""
"20260323-163418Z","discovered_download","mixed","discovered","https://officeprotocoldocs-f5hpbjgea6b8gneq.b02.azurefd.net/files/MS-ODRAWXML/%5bMS-ODRAWXML%5d-170825.docx","","download_artifact","excluded_historical","Historical revision artifact (latest/current prioritized).","","",""
"20260323-163418Z","discovered_download","mixed","discovered","https://officeprotocoldocs-f5hpbjgea6b8gneq.b02.azurefd.net/files/MS-ODRAWXML/%5bMS-ODRAWXML%5d-170825.pdf","","download_artifact","excluded_historical","Historical revision artifact (latest/current prioritized).","","",""
"20260323-163418Z","discovered_download","mixed","discovered","https://officeprotocoldocs-f5hpbjgea6b8gneq.b02.azurefd.net/files/MS-ODRAWXML/%5bMS-ODRAWXML%5d-170919.docx","","download_artifact","excluded_historical","Historical revision artifact (latest/current prioritized).","","",""
"20260323-163418Z","discovered_download","mixed","discovered","https://officeprotocoldocs-f5hpbjgea6b8gneq.b02.azurefd.net/files/MS-ODRAWXML/%5bMS-ODRAWXML%5d-170919.pdf","","download_artifact","excluded_historical","Historical revision artifact (latest/current prioritized).","","",""
"20260323-163418Z","discovered_download","mixed","discovered","https://officeprotocoldocs-f5hpbjgea6b8gneq.b02.azurefd.net/files/MS-ODRAWXML/%5bMS-ODRAWXML%5d-171212.docx","","download_artifact","excluded_historical","Historical revision artifact (latest/current prioritized).","","",""
"20260323-163418Z","discovered_download","mixed","discovered","https://officeprotocoldocs-f5hpbjgea6b8gneq.b02.azurefd.net/files/MS-ODRAWXML/%5bMS-ODRAWXML%5d-171212.pdf","","download_artifact","excluded_historical","Historical revision artifact (latest/current prioritized).","","",""
"20260323-163418Z","discovered_download","mixed","discovered","https://officeprotocoldocs-f5hpbjgea6b8gneq.b02.azurefd.net/files/MS-ODRAWXML/%5bMS-ODRAWXML%5d-180209.docx","","download_artifact","excluded_historical","Historical revision artifact (latest/current prioritized).","","",""
"20260323-163418Z","discovered_download","mixed","discovered","https://officeprotocoldocs-f5hpbjgea6b8gneq.b02.azurefd.net/files/MS-ODRAWXML/%5bMS-ODRAWXML%5d-180209.pdf","","download_artifact","excluded_historical","Historical revision artifact (latest/current prioritized).","","",""
"20260323-163418Z","discovered_download","mixed","discovered","https://officeprotocoldocs-f5hpbjgea6b8gneq.b02.azurefd.net/files/MS-ODRAWXML/%5bMS-ODRAWXML%5d-180427.docx","","download_artifact","excluded_historical","Historical revision artifact (latest/current prioritized).","","",""
"20260323-163418Z","discovered_download","mixed","discovered","https://officeprotocoldocs-f5hpbjgea6b8gneq.b02.azurefd.net/files/MS-ODRAWXML/%5bMS-ODRAWXML%5d-180427.pdf","","download_artifact","excluded_historical","Historical revision artifact (latest/current prioritized).","","",""
"20260323-163418Z","discovered_download","mixed","discovered","https://officeprotocoldocs-f5hpbjgea6b8gneq.b02.azurefd.net/files/MS-ODRAWXML/%5bMS-ODRAWXML%5d-180828.docx","","download_artifact","excluded_historical","Historical revision artifact (latest/current prioritized).","","",""
"20260323-163418Z","discovered_download","mixed","discovered","https://officeprotocoldocs-f5hpbjgea6b8gneq.b02.azurefd.net/files/MS-ODRAWXML/%5bMS-ODRAWXML%5d-180828.pdf","","download_artifact","excluded_historical","Historical revision artifact (latest/current prioritized).","","",""
"20260323-163418Z","discovered_download","mixed","discovered","https://officeprotocoldocs-f5hpbjgea6b8gneq.b02.azurefd.net/files/MS-ODRAWXML/%5bMS-ODRAWXML%5d-181211.docx","","download_artifact","excluded_historical","Historical revision artifact (latest/current prioritized).","","",""
"20260323-163418Z","discovered_download","mixed","discovered","https://officeprotocoldocs-f5hpbjgea6b8gneq.b02.azurefd.net/files/MS-ODRAWXML/%5bMS-ODRAWXML%5d-181211.pdf","","download_artifact","excluded_historical","Historical revision artifact (latest/current prioritized).","","",""
"20260323-163418Z","discovered_download","mixed","discovered","https://officeprotocoldocs-f5hpbjgea6b8gneq.b02.azurefd.net/files/MS-ODRAWXML/%5bMS-ODRAWXML%5d-190327.docx","","download_artifact","excluded_historical","Historical revision artifact (latest/current prioritized).","","",""
"20260323-163418Z","discovered_download","mixed","discovered","https://officeprotocoldocs-f5hpbjgea6b8gneq.b02.azurefd.net/files/MS-ODRAWXML/%5bMS-ODRAWXML%5d-190327.pdf","","download_artifact","excluded_historical","Historical revision artifact (latest/current prioritized).","","",""
"20260323-163418Z","discovered_download","mixed","discovered","https://officeprotocoldocs-f5hpbjgea6b8gneq.b02.azurefd.net/files/MS-ODRAWXML/%5bMS-ODRAWXML%5d-190618.docx","","download_artifact","excluded_historical","Historical revision artifact (latest/current prioritized).","","",""
"20260323-163418Z","discovered_download","mixed","discovered","https://officeprotocoldocs-f5hpbjgea6b8gneq.b02.azurefd.net/files/MS-ODRAWXML/%5bMS-ODRAWXML%5d-190618.pdf","","download_artifact","excluded_historical","Historical revision artifact (latest/current prioritized).","","",""
"20260323-163418Z","discovered_download","mixed","discovered","https://officeprotocoldocs-f5hpbjgea6b8gneq.b02.azurefd.net/files/MS-ODRAWXML/%5bMS-ODRAWXML%5d-191119.docx","","download_artifact","excluded_historical","Historical revision artifact (latest/current prioritized).","","",""
"20260323-163418Z","discovered_download","mixed","discovered","https://officeprotocoldocs-f5hpbjgea6b8gneq.b02.azurefd.net/files/MS-ODRAWXML/%5bMS-ODRAWXML%5d-191119.pdf","","download_artifact","excluded_historical","Historical revision artifact (latest/current prioritized).","","",""
"20260323-163418Z","discovered_download","mixed","discovered","https://officeprotocoldocs-f5hpbjgea6b8gneq.b02.azurefd.net/files/MS-ODRAWXML/%5bMS-ODRAWXML%5d-200226.docx","","download_artifact","excluded_historical","Historical revision artifact (latest/current prioritized).","","",""
"20260323-163418Z","discovered_download","mixed","discovered","https://officeprotocoldocs-f5hpbjgea6b8gneq.b02.azurefd.net/files/MS-ODRAWXML/%5bMS-ODRAWXML%5d-200226.pdf","","download_artifact","excluded_historical","Historical revision artifact (latest/current prioritized).","","",""
"20260323-163418Z","discovered_download","mixed","discovered","https://officeprotocoldocs-f5hpbjgea6b8gneq.b02.azurefd.net/files/MS-ODRAWXML/%5bMS-ODRAWXML%5d-200519.docx","","download_artifact","excluded_historical","Historical revision artifact (latest/current prioritized).","","",""
"20260323-163418Z","discovered_download","mixed","discovered","https://officeprotocoldocs-f5hpbjgea6b8gneq.b02.azurefd.net/files/MS-ODRAWXML/%5bMS-ODRAWXML%5d-200519.pdf","","download_artifact","excluded_historical","Historical revision artifact (latest/current prioritized).","","",""
"20260323-163418Z","discovered_download","mixed","discovered","https://officeprotocoldocs-f5hpbjgea6b8gneq.b02.azurefd.net/files/MS-ODRAWXML/%5bMS-ODRAWXML%5d-201117.docx","","download_artifact","excluded_historical","Historical revision artifact (latest/current prioritized).","","",""
"20260323-163418Z","discovered_download","mixed","discovered","https://officeprotocoldocs-f5hpbjgea6b8gneq.b02.azurefd.net/files/MS-ODRAWXML/%5bMS-ODRAWXML%5d-201117.pdf","","download_artifact","excluded_historical","Historical revision artifact (latest/current prioritized).","","",""
"20260323-163418Z","discovered_download","mixed","discovered","https://officeprotocoldocs-f5hpbjgea6b8gneq.b02.azurefd.net/files/MS-ODRAWXML/%5bMS-ODRAWXML%5d-210216.docx","","download_artifact","excluded_historical","Historical revision artifact (latest/current prioritized).","","",""
"20260323-163418Z","discovered_download","mixed","discovered","https://officeprotocoldocs-f5hpbjgea6b8gneq.b02.azurefd.net/files/MS-ODRAWXML/%5bMS-ODRAWXML%5d-210216.pdf","","download_artifact","excluded_historical","Historical revision artifact (latest/current prioritized).","","",""
"20260323-163418Z","discovered_download","mixed","discovered","https://officeprotocoldocs-f5hpbjgea6b8gneq.b02.azurefd.net/files/MS-ODRAWXML/%5bMS-ODRAWXML%5d-210422.docx","","download_artifact","excluded_historical","Historical revision artifact (latest/current prioritized).","","",""
"20260323-163418Z","discovered_download","mixed","discovered","https://officeprotocoldocs-f5hpbjgea6b8gneq.b02.azurefd.net/files/MS-ODRAWXML/%5bMS-ODRAWXML%5d-210422.pdf","","download_artifact","excluded_historical","Historical revision artifact (latest/current prioritized).","","",""
"20260323-163418Z","discovered_download","mixed","discovered","https://officeprotocoldocs-f5hpbjgea6b8gneq.b02.azurefd.net/files/MS-ODRAWXML/%5bMS-ODRAWXML%5d-210817.docx","","download_artifact","excluded_historical","Historical revision artifact (latest/current prioritized).","","",""
"20260323-163418Z","discovered_download","mixed","discovered","https://officeprotocoldocs-f5hpbjgea6b8gneq.b02.azurefd.net/files/MS-ODRAWXML/%5bMS-ODRAWXML%5d-210817.pdf","","download_artifact","excluded_historical","Historical revision artifact (latest/current prioritized).","","",""
"20260323-163418Z","discovered_download","mixed","discovered","https://officeprotocoldocs-f5hpbjgea6b8gneq.b02.azurefd.net/files/MS-ODRAWXML/%5bMS-ODRAWXML%5d-211116.docx","","download_artifact","excluded_historical","Historical revision artifact (latest/current prioritized).","","",""
"20260323-163418Z","discovered_download","mixed","discovered","https://officeprotocoldocs-f5hpbjgea6b8gneq.b02.azurefd.net/files/MS-ODRAWXML/%5bMS-ODRAWXML%5d-211116.pdf","","download_artifact","excluded_historical","Historical revision artifact (latest/current prioritized).","","",""
"20260323-163418Z","discovered_download","mixed","discovered","https://officeprotocoldocs-f5hpbjgea6b8gneq.b02.azurefd.net/files/MS-ODRAWXML/%5bMS-ODRAWXML%5d-220215.docx","","download_artifact","excluded_historical","Historical revision artifact (latest/current prioritized).","","",""
"20260323-163418Z","discovered_download","mixed","discovered","https://officeprotocoldocs-f5hpbjgea6b8gneq.b02.azurefd.net/files/MS-ODRAWXML/%5bMS-ODRAWXML%5d-220215.pdf","","download_artifact","excluded_historical","Historical revision artifact (latest/current prioritized).","","",""
"20260323-163418Z","discovered_download","mixed","discovered","https://officeprotocoldocs-f5hpbjgea6b8gneq.b02.azurefd.net/files/MS-ODRAWXML/%5bMS-ODRAWXML%5d-220517.docx","","download_artifact","excluded_historical","Historical revision artifact (latest/current prioritized).","","",""
"20260323-163418Z","discovered_download","mixed","discovered","https://officeprotocoldocs-f5hpbjgea6b8gneq.b02.azurefd.net/files/MS-ODRAWXML/%5bMS-ODRAWXML%5d-220517.pdf","","download_artifact","excluded_historical","Historical revision artifact (latest/current prioritized).","","",""
"20260323-163418Z","discovered_download","mixed","discovered","https://officeprotocoldocs-f5hpbjgea6b8gneq.b02.azurefd.net/files/MS-ODRAWXML/%5bMS-ODRAWXML%5d-230516.docx","","download_artifact","excluded_historical","Historical revision artifact (latest/current prioritized).","","",""
"20260323-163418Z","discovered_download","mixed","discovered","https://officeprotocoldocs-f5hpbjgea6b8gneq.b02.azurefd.net/files/MS-ODRAWXML/%5bMS-ODRAWXML%5d-230516.pdf","","download_artifact","excluded_historical","Historical revision artifact (latest/current prioritized).","","",""
"20260323-163418Z","discovered_download","mixed","discovered","https://officeprotocoldocs-f5hpbjgea6b8gneq.b02.azurefd.net/files/MS-ODRAWXML/%5bMS-ODRAWXML%5d-230815.docx","","download_artifact","excluded_historical","Historical revision artifact (latest/current prioritized).","","",""
"20260323-163418Z","discovered_download","mixed","discovered","https://officeprotocoldocs-f5hpbjgea6b8gneq.b02.azurefd.net/files/MS-ODRAWXML/%5bMS-ODRAWXML%5d-230815.pdf","","download_artifact","excluded_historical","Historical revision artifact (latest/current prioritized).","","",""
"20260323-163418Z","discovered_download","mixed","discovered","https://officeprotocoldocs-f5hpbjgea6b8gneq.b02.azurefd.net/files/MS-ODRAWXML/%5bMS-ODRAWXML%5d-240220.docx","","download_artifact","excluded_historical","Historical revision artifact (latest/current prioritized).","","",""
"20260323-163418Z","discovered_download","mixed","discovered","https://officeprotocoldocs-f5hpbjgea6b8gneq.b02.azurefd.net/files/MS-ODRAWXML/%5bMS-ODRAWXML%5d-240220.pdf","","download_artifact","excluded_historical","Historical revision artifact (latest/current prioritized).","","",""
"20260323-163418Z","discovered_download","mixed","discovered","https://officeprotocoldocs-f5hpbjgea6b8gneq.b02.azurefd.net/files/MS-ODRAWXML/%5bMS-ODRAWXML%5d-240416.docx","","download_artifact","excluded_historical","Historical revision artifact (latest/current prioritized).","","",""
"20260323-163418Z","discovered_download","mixed","discovered","https://officeprotocoldocs-f5hpbjgea6b8gneq.b02.azurefd.net/files/MS-ODRAWXML/%5bMS-ODRAWXML%5d-240416.pdf","","download_artifact","excluded_historical","Historical revision artifact (latest/current prioritized).","","",""
"20260323-163418Z","discovered_download","mixed","discovered","https://officeprotocoldocs-f5hpbjgea6b8gneq.b02.azurefd.net/files/MS-ODRAWXML/%5bMS-ODRAWXML%5d-240820.docx","","download_artifact","excluded_historical","Historical revision artifact (latest/current prioritized).","","",""
"20260323-163418Z","discovered_download","mixed","discovered","https://officeprotocoldocs-f5hpbjgea6b8gneq.b02.azurefd.net/files/MS-ODRAWXML/%5bMS-ODRAWXML%5d-240820.pdf","","download_artifact","excluded_historical","Historical revision artifact (latest/current prioritized).","","",""
"20260323-163418Z","discovered_download","mixed","discovered","https://officeprotocoldocs-f5hpbjgea6b8gneq.b02.azurefd.net/files/MS-ODRAWXML/%5bMS-ODRAWXML%5d-241112.docx","","download_artifact","excluded_historical","Historical revision artifact (latest/current prioritized).","","",""
"20260323-163418Z","discovered_download","mixed","discovered","https://officeprotocoldocs-f5hpbjgea6b8gneq.b02.azurefd.net/files/MS-OE376/%5bMS-OE376%5d-120120.pdf","","download_artifact","excluded_historical","Historical revision artifact (latest/current prioritized).","","",""
"20260323-163418Z","discovered_download","mixed","discovered","https://officeprotocoldocs-f5hpbjgea6b8gneq.b02.azurefd.net/files/MS-OE376/%5bMS-OE376%5d-120411.pdf","","download_artifact","excluded_historical","Historical revision artifact (latest/current prioritized).","","",""
"20260323-163418Z","discovered_download","mixed","discovered","https://officeprotocoldocs-f5hpbjgea6b8gneq.b02.azurefd.net/files/MS-OE376/%5bMS-OE376%5d-120716.pdf","","download_artifact","excluded_historical","Historical revision artifact (latest/current prioritized).","","",""
"20260323-163418Z","discovered_download","mixed","discovered","https://officeprotocoldocs-f5hpbjgea6b8gneq.b02.azurefd.net/files/MS-OE376/%5bMS-OE376%5d-121008.pdf","","download_artifact","excluded_historical","Historical revision artifact (latest/current prioritized).","","",""
"20260323-163418Z","discovered_download","mixed","discovered","https://officeprotocoldocs-f5hpbjgea6b8gneq.b02.azurefd.net/files/MS-OE376/%5bMS-OE376%5d-130211.pdf","","download_artifact","excluded_historical","Historical revision artifact (latest/current prioritized).","","",""
"20260323-163418Z","discovered_download","mixed","discovered","https://officeprotocoldocs-f5hpbjgea6b8gneq.b02.azurefd.net/files/MS-OE376/%5bMS-OE376%5d-130730.pdf","","download_artifact","excluded_historical","Historical revision artifact (latest/current prioritized).","","",""
"20260323-163418Z","discovered_download","mixed","discovered","https://officeprotocoldocs-f5hpbjgea6b8gneq.b02.azurefd.net/files/MS-OE376/%5bMS-OE376%5d-131118.pdf","","download_artifact","excluded_historical","Historical revision artifact (latest/current prioritized).","","",""
"20260323-163418Z","discovered_download","mixed","discovered","https://officeprotocoldocs-f5hpbjgea6b8gneq.b02.azurefd.net/files/MS-OE376/%5bMS-OE376%5d-140210.pdf","","download_artifact","excluded_historical","Historical revision artifact (latest/current prioritized).","","",""
"20260323-163418Z","discovered_download","mixed","discovered","https://officeprotocoldocs-f5hpbjgea6b8gneq.b02.azurefd.net/files/MS-OE376/%5bMS-OE376%5d-140430.pdf","","download_artifact","excluded_historical","Historical revision artifact (latest/current prioritized).","","",""
"20260323-163418Z","discovered_download","mixed","discovered","https://officeprotocoldocs-f5hpbjgea6b8gneq.b02.azurefd.net/files/MS-OE376/%5bMS-OE376%5d-140731.pdf","","download_artifact","excluded_historical","Historical revision artifact (latest/current prioritized).","","",""
"20260323-163418Z","discovered_download","mixed","discovered","https://officeprotocoldocs-f5hpbjgea6b8gneq.b02.azurefd.net/files/MS-OE376/%5bMS-OE376%5d-141030.pdf","","download_artifact","excluded_historical","Historical revision artifact (latest/current prioritized).","","",""
"20260323-163418Z","discovered_download","mixed","discovered","https://officeprotocoldocs-f5hpbjgea6b8gneq.b02.azurefd.net/files/MS-OE376/%5bMS-OE376%5d-150113.docx","","download_artifact","excluded_historical","Historical revision artifact (latest/current prioritized).","","",""
"20260323-163418Z","discovered_download","mixed","discovered","https://officeprotocoldocs-f5hpbjgea6b8gneq.b02.azurefd.net/files/MS-OE376/%5bMS-OE376%5d-150113.pdf","","download_artifact","excluded_historical","Historical revision artifact (latest/current prioritized).","","",""
"20260323-163418Z","discovered_download","mixed","discovered","https://officeprotocoldocs-f5hpbjgea6b8gneq.b02.azurefd.net/files/MS-OE376/%5bMS-OE376%5d-160623.docx","","download_artifact","excluded_historical","Historical revision artifact (latest/current prioritized).","","",""
"20260323-163418Z","discovered_download","mixed","discovered","https://officeprotocoldocs-f5hpbjgea6b8gneq.b02.azurefd.net/files/MS-OE376/%5bMS-OE376%5d-160623.pdf","","download_artifact","excluded_historical","Historical revision artifact (latest/current prioritized).","","",""
"20260323-163418Z","discovered_download","mixed","discovered","https://officeprotocoldocs-f5hpbjgea6b8gneq.b02.azurefd.net/files/MS-OE376/%5bMS-OE376%5d-160914.docx","","download_artifact","excluded_historical","Historical revision artifact (latest/current prioritized).","","",""
"20260323-163418Z","discovered_download","mixed","discovered","https://officeprotocoldocs-f5hpbjgea6b8gneq.b02.azurefd.net/files/MS-OE376/%5bMS-OE376%5d-160914.pdf","","download_artifact","excluded_historical","Historical revision artifact (latest/current prioritized).","","",""
"20260323-163418Z","discovered_download","mixed","discovered","https://officeprotocoldocs-f5hpbjgea6b8gneq.b02.azurefd.net/files/MS-OE376/%5bMS-OE376%5d-171212.docx","","download_artifact","excluded_historical","Historical revision artifact (latest/current prioritized).","","",""
"20260323-163418Z","discovered_download","mixed","discovered","https://officeprotocoldocs-f5hpbjgea6b8gneq.b02.azurefd.net/files/MS-OEXTXML/%5bMS-OEXTXML%5d-201207.docx","","download_artifact","excluded_historical","Historical revision artifact (latest/current prioritized).","","",""
"20260323-163418Z","discovered_download","mixed","discovered","https://officeprotocoldocs-f5hpbjgea6b8gneq.b02.azurefd.net/files/MS-OEXTXML/%5bMS-OEXTXML%5d-201207.pdf","","download_artifact","excluded_historical","Historical revision artifact (latest/current prioritized).","","",""
"20260323-163418Z","discovered_download","mixed","discovered","https://officeprotocoldocs-f5hpbjgea6b8gneq.b02.azurefd.net/files/MS-OEXTXML/%5bMS-OEXTXML%5d-210422.docx","","download_artifact","excluded_historical","Historical revision artifact (latest/current prioritized).","","",""
"20260323-163418Z","discovered_download","mixed","discovered","https://officeprotocoldocs-f5hpbjgea6b8gneq.b02.azurefd.net/files/MS-OEXTXML/%5bMS-OEXTXML%5d-210422.pdf","","download_artifact","excluded_historical","Historical revision artifact (latest/current prioritized).","","",""
"20260323-163418Z","discovered_download","mixed","discovered","https://officeprotocoldocs-f5hpbjgea6b8gneq.b02.azurefd.net/files/MS-OEXTXML/%5bMS-OEXTXML%5d-210817.docx","","download_artifact","excluded_historical","Historical revision artifact (latest/current prioritized).","","",""
"20260323-163418Z","discovered_download","mixed","discovered","https://officeprotocoldocs-f5hpbjgea6b8gneq.b02.azurefd.net/files/MS-OEXTXML/%5bMS-OEXTXML%5d-210817.pdf","","download_artifact","excluded_historical","Historical revision artifact (latest/current prioritized).","","",""
"20260323-163418Z","discovered_download","mixed","discovered","https://officeprotocoldocs-f5hpbjgea6b8gneq.b02.azurefd.net/files/MS-OEXTXML/%5bMS-OEXTXML%5d-221115.docx","","download_artifact","excluded_historical","Historical revision artifact (latest/current prioritized).","","",""
"20260323-163418Z","discovered_download","mixed","discovered","https://officeprotocoldocs-f5hpbjgea6b8gneq.b02.azurefd.net/files/MS-OEXTXML/%5bMS-OEXTXML%5d-221115.pdf","","download_artifact","excluded_historical","Historical revision artifact (latest/current prioritized).","","",""
"20260323-163418Z","discovered_download","mixed","discovered","https://officeprotocoldocs-f5hpbjgea6b8gneq.b02.azurefd.net/files/MS-OEXTXML/%5bMS-OEXTXML%5d-240416.docx","","download_artifact","excluded_historical","Historical revision artifact (latest/current prioritized).","","",""
"20260323-163418Z","discovered_download","mixed","discovered","https://officeprotocoldocs-f5hpbjgea6b8gneq.b02.azurefd.net/files/MS-OFFMACRO/%5bMS-OFFMACRO%5d-120120.pdf","","download_artifact","excluded_historical","Historical revision artifact (latest/current prioritized).","","",""
"20260323-163418Z","discovered_download","mixed","discovered","https://officeprotocoldocs-f5hpbjgea6b8gneq.b02.azurefd.net/files/MS-OFFMACRO/%5bMS-OFFMACRO%5d-120411.pdf","","download_artifact","excluded_historical","Historical revision artifact (latest/current prioritized).","","",""
"20260323-163418Z","discovered_download","mixed","discovered","https://officeprotocoldocs-f5hpbjgea6b8gneq.b02.azurefd.net/files/MS-OFFMACRO/%5bMS-OFFMACRO%5d-120716.pdf","","download_artifact","excluded_historical","Historical revision artifact (latest/current prioritized).","","",""
"20260323-163418Z","discovered_download","mixed","discovered","https://officeprotocoldocs-f5hpbjgea6b8gneq.b02.azurefd.net/files/MS-OFFMACRO/%5bMS-OFFMACRO%5d-121008.pdf","","download_artifact","excluded_historical","Historical revision artifact (latest/current prioritized).","","",""
"20260323-163418Z","discovered_download","mixed","discovered","https://officeprotocoldocs-f5hpbjgea6b8gneq.b02.azurefd.net/files/MS-OFFMACRO/%5bMS-OFFMACRO%5d-130211.pdf","","download_artifact","excluded_historical","Historical revision artifact (latest/current prioritized).","","",""
"20260323-163418Z","discovered_download","mixed","discovered","https://officeprotocoldocs-f5hpbjgea6b8gneq.b02.azurefd.net/files/MS-OFFMACRO/%5bMS-OFFMACRO%5d-130730.pdf","","download_artifact","excluded_historical","Historical revision artifact (latest/current prioritized).","","",""
"20260323-163418Z","discovered_download","mixed","discovered","https://officeprotocoldocs-f5hpbjgea6b8gneq.b02.azurefd.net/files/MS-OFFMACRO/%5bMS-OFFMACRO%5d-131118.pdf","","download_artifact","excluded_historical","Historical revision artifact (latest/current prioritized).","","",""
"20260323-163418Z","discovered_download","mixed","discovered","https://officeprotocoldocs-f5hpbjgea6b8gneq.b02.azurefd.net/files/MS-OFFMACRO/%5bMS-OFFMACRO%5d-140210.pdf","","download_artifact","excluded_historical","Historical revision artifact (latest/current prioritized).","","",""
"20260323-163418Z","discovered_download","mixed","discovered","https://officeprotocoldocs-f5hpbjgea6b8gneq.b02.azurefd.net/files/MS-OFFMACRO/%5bMS-OFFMACRO%5d-140430.pdf","","download_artifact","excluded_historical","Historical revision artifact (latest/current prioritized).","","",""
"20260323-163418Z","discovered_download","mixed","discovered","https://officeprotocoldocs-f5hpbjgea6b8gneq.b02.azurefd.net/files/MS-OFFMACRO/%5bMS-OFFMACRO%5d-140731.pdf","","download_artifact","excluded_historical","Historical revision artifact (latest/current prioritized).","","",""
"20260323-163418Z","discovered_download","mixed","discovered","https://officeprotocoldocs-f5hpbjgea6b8gneq.b02.azurefd.net/files/MS-OFFMACRO/%5bMS-OFFMACRO%5d-141030.pdf","","download_artifact","excluded_historical","Historical revision artifact (latest/current prioritized).","","",""
"20260323-163418Z","discovered_download","mixed","discovered","https://officeprotocoldocs-f5hpbjgea6b8gneq.b02.azurefd.net/files/MS-OFFMACRO/%5bMS-OFFMACRO%5d-160623.docx","","download_artifact","excluded_historical","Historical revision artifact (latest/current prioritized).","","",""
"20260323-163418Z","discovered_download","mixed","discovered","https://officeprotocoldocs-f5hpbjgea6b8gneq.b02.azurefd.net/files/MS-OFFMACRO2/%5bMS-OFFMACRO2%5d-120120.pdf","","download_artifact","excluded_historical","Historical revision artifact (latest/current prioritized).","","",""
"20260323-163418Z","discovered_download","mixed","discovered","https://officeprotocoldocs-f5hpbjgea6b8gneq.b02.azurefd.net/files/MS-OFFMACRO2/%5bMS-OFFMACRO2%5d-120411.pdf","","download_artifact","excluded_historical","Historical revision artifact (latest/current prioritized).","","",""
"20260323-163418Z","discovered_download","mixed","discovered","https://officeprotocoldocs-f5hpbjgea6b8gneq.b02.azurefd.net/files/MS-OFFMACRO2/%5bMS-OFFMACRO2%5d-120716.pdf","","download_artifact","excluded_historical","Historical revision artifact (latest/current prioritized).","","",""
"20260323-163418Z","discovered_download","mixed","discovered","https://officeprotocoldocs-f5hpbjgea6b8gneq.b02.azurefd.net/files/MS-OFFMACRO2/%5bMS-OFFMACRO2%5d-121008.pdf","","download_artifact","excluded_historical","Historical revision artifact (latest/current prioritized).","","",""
"20260323-163418Z","discovered_download","mixed","discovered","https://officeprotocoldocs-f5hpbjgea6b8gneq.b02.azurefd.net/files/MS-OFFMACRO2/%5bMS-OFFMACRO2%5d-130211.pdf","","download_artifact","excluded_historical","Historical revision artifact (latest/current prioritized).","","",""
"20260323-163418Z","discovered_download","mixed","discovered","https://officeprotocoldocs-f5hpbjgea6b8gneq.b02.azurefd.net/files/MS-OFFMACRO2/%5bMS-OFFMACRO2%5d-130730.pdf","","download_artifact","excluded_historical","Historical revision artifact (latest/current prioritized).","","",""
"20260323-163418Z","discovered_download","mixed","discovered","https://officeprotocoldocs-f5hpbjgea6b8gneq.b02.azurefd.net/files/MS-OFFMACRO2/%5bMS-OFFMACRO2%5d-131118.pdf","","download_artifact","excluded_historical","Historical revision artifact (latest/current prioritized).","","",""
"20260323-163418Z","discovered_download","mixed","discovered","https://officeprotocoldocs-f5hpbjgea6b8gneq.b02.azurefd.net/files/MS-OFFMACRO2/%5bMS-OFFMACRO2%5d-140210.pdf","","download_artifact","excluded_historical","Historical revision artifact (latest/current prioritized).","","",""
"20260323-163418Z","discovered_download","mixed","discovered","https://officeprotocoldocs-f5hpbjgea6b8gneq.b02.azurefd.net/files/MS-OFFMACRO2/%5bMS-OFFMACRO2%5d-140430.pdf","","download_artifact","excluded_historical","Historical revision artifact (latest/current prioritized).","","",""
"20260323-163418Z","discovered_download","mixed","discovered","https://officeprotocoldocs-f5hpbjgea6b8gneq.b02.azurefd.net/files/MS-OFFMACRO2/%5bMS-OFFMACRO2%5d-140731.pdf","","download_artifact","excluded_historical","Historical revision artifact (latest/current prioritized).","","",""
"20260323-163418Z","discovered_download","mixed","discovered","https://officeprotocoldocs-f5hpbjgea6b8gneq.b02.azurefd.net/files/MS-OFFMACRO2/%5bMS-OFFMACRO2%5d-141030.pdf","","download_artifact","excluded_historical","Historical revision artifact (latest/current prioritized).","","",""
"20260323-163418Z","discovered_download","mixed","discovered","https://officeprotocoldocs-f5hpbjgea6b8gneq.b02.azurefd.net/files/MS-OFFMACRO2/%5bMS-OFFMACRO2%5d-150316.docx","","download_artifact","excluded_historical","Historical revision artifact (latest/current prioritized).","","",""
"20260323-163418Z","discovered_download","mixed","discovered","https://officeprotocoldocs-f5hpbjgea6b8gneq.b02.azurefd.net/files/MS-OFFMACRO2/%5bMS-OFFMACRO2%5d-150316.pdf","","download_artifact","excluded_historical","Historical revision artifact (latest/current prioritized).","","",""
"20260323-163418Z","discovered_download","mixed","discovered","https://officeprotocoldocs-f5hpbjgea6b8gneq.b02.azurefd.net/files/MS-OFFMACRO2/%5bMS-OFFMACRO2%5d-150904.docx","","download_artifact","excluded_historical","Historical revision artifact (latest/current prioritized).","","",""
"20260323-163418Z","discovered_download","mixed","discovered","https://officeprotocoldocs-f5hpbjgea6b8gneq.b02.azurefd.net/files/MS-OFFMACRO2/%5bMS-OFFMACRO2%5d-150904.pdf","","download_artifact","excluded_historical","Historical revision artifact (latest/current prioritized).","","",""
"20260323-163418Z","discovered_download","mixed","discovered","https://officeprotocoldocs-f5hpbjgea6b8gneq.b02.azurefd.net/files/MS-OFFMACRO2/%5bMS-OFFMACRO2%5d-160715.docx","","download_artifact","excluded_historical","Historical revision artifact (latest/current prioritized).","","",""
"20260323-163418Z","discovered_download","mixed","discovered","https://officeprotocoldocs-f5hpbjgea6b8gneq.b02.azurefd.net/files/MS-OFFMACRO2/%5bMS-OFFMACRO2%5d-160715.pdf","","download_artifact","excluded_historical","Historical revision artifact (latest/current prioritized).","","",""
"20260323-163418Z","discovered_download","mixed","discovered","https://officeprotocoldocs-f5hpbjgea6b8gneq.b02.azurefd.net/files/MS-OFFMACRO2/%5bMS-OFFMACRO2%5d-160914.docx","","download_artifact","excluded_historical","Historical revision artifact (latest/current prioritized).","","",""
"20260323-163418Z","discovered_download","mixed","discovered","https://officeprotocoldocs-f5hpbjgea6b8gneq.b02.azurefd.net/files/MS-OFFMACRO2/%5bMS-OFFMACRO2%5d-160914.pdf","","download_artifact","excluded_historical","Historical revision artifact (latest/current prioritized).","","",""
"20260323-163418Z","discovered_download","mixed","discovered","https://officeprotocoldocs-f5hpbjgea6b8gneq.b02.azurefd.net/files/MS-OFFMACRO2/%5bMS-OFFMACRO2%5d-161215.docx","","download_artifact","excluded_historical","Historical revision artifact (latest/current prioritized).","","",""
"20260323-163418Z","discovered_download","mixed","discovered","https://officeprotocoldocs-f5hpbjgea6b8gneq.b02.azurefd.net/files/MS-OFFMACRO2/%5bMS-OFFMACRO2%5d-161215.pdf","","download_artifact","excluded_historical","Historical revision artifact (latest/current prioritized).","","",""
"20260323-163418Z","discovered_download","mixed","discovered","https://officeprotocoldocs-f5hpbjgea6b8gneq.b02.azurefd.net/files/MS-OFFMACRO2/%5bMS-OFFMACRO2%5d-171212.docx","","download_artifact","excluded_historical","Historical revision artifact (latest/current prioritized).","","",""
"20260323-163418Z","discovered_download","mixed","discovered","https://officeprotocoldocs-f5hpbjgea6b8gneq.b02.azurefd.net/files/MS-OFFMACRO2/%5bMS-OFFMACRO2%5d-171212.pdf","","download_artifact","excluded_historical","Historical revision artifact (latest/current prioritized).","","",""
"20260323-163418Z","discovered_download","mixed","discovered","https://officeprotocoldocs-f5hpbjgea6b8gneq.b02.azurefd.net/files/MS-OFFMACRO2/%5bMS-OFFMACRO2%5d-180427.docx","","download_artifact","excluded_historical","Historical revision artifact (latest/current prioritized).","","",""
"20260323-163418Z","discovered_download","mixed","discovered","https://officeprotocoldocs-f5hpbjgea6b8gneq.b02.azurefd.net/files/MS-OFFMACRO2/%5bMS-OFFMACRO2%5d-180427.pdf","","download_artifact","excluded_historical","Historical revision artifact (latest/current prioritized).","","",""
"20260323-163418Z","discovered_download","mixed","discovered","https://officeprotocoldocs-f5hpbjgea6b8gneq.b02.azurefd.net/files/MS-OFFMACRO2/%5bMS-OFFMACRO2%5d-180828.docx","","download_artifact","excluded_historical","Historical revision artifact (latest/current prioritized).","","",""
"20260323-163418Z","discovered_download","mixed","discovered","https://officeprotocoldocs-f5hpbjgea6b8gneq.b02.azurefd.net/files/MS-OFFMACRO2/%5bMS-OFFMACRO2%5d-180828.pdf","","download_artifact","excluded_historical","Historical revision artifact (latest/current prioritized).","","",""
"20260323-163418Z","discovered_download","mixed","discovered","https://officeprotocoldocs-f5hpbjgea6b8gneq.b02.azurefd.net/files/MS-OFFMACRO2/%5bMS-OFFMACRO2%5d-210422.docx","","download_artifact","excluded_historical","Historical revision artifact (latest/current prioritized).","","",""
"20260323-163418Z","discovered_download","mixed","discovered","https://officeprotocoldocs-f5hpbjgea6b8gneq.b02.azurefd.net/files/MS-OFFMACRO2/%5bMS-OFFMACRO2%5d-210422.pdf","","download_artifact","excluded_historical","Historical revision artifact (latest/current prioritized).","","",""
"20260323-163418Z","discovered_download","mixed","discovered","https://officeprotocoldocs-f5hpbjgea6b8gneq.b02.azurefd.net/files/MS-OFFMACRO2/%5bMS-OFFMACRO2%5d-210817.docx","","download_artifact","excluded_historical","Historical revision artifact (latest/current prioritized).","","",""
"20260323-163418Z","discovered_download","mixed","discovered","https://officeprotocoldocs-f5hpbjgea6b8gneq.b02.azurefd.net/files/MS-OFFMACRO2/%5bMS-OFFMACRO2%5d-210817.pdf","","download_artifact","excluded_historical","Historical revision artifact (latest/current prioritized).","","",""
"20260323-163418Z","discovered_download","mixed","discovered","https://officeprotocoldocs-f5hpbjgea6b8gneq.b02.azurefd.net/files/MS-OFFMACRO2/%5bMS-OFFMACRO2%5d-240416.docx","","download_artifact","excluded_historical","Historical revision artifact (latest/current prioritized).","","",""
"20260323-163418Z","discovered_download","mixed","discovered","https://officeprotocoldocs-f5hpbjgea6b8gneq.b02.azurefd.net/files/MS-OI29500/%5bMS-OI29500%5d-120120.pdf","","download_artifact","excluded_historical","Historical revision artifact (latest/current prioritized).","","",""
"20260323-163418Z","discovered_download","mixed","discovered","https://officeprotocoldocs-f5hpbjgea6b8gneq.b02.azurefd.net/files/MS-OI29500/%5bMS-OI29500%5d-120411.pdf","","download_artifact","excluded_historical","Historical revision artifact (latest/current prioritized).","","",""
"20260323-163418Z","discovered_download","mixed","discovered","https://officeprotocoldocs-f5hpbjgea6b8gneq.b02.azurefd.net/files/MS-OI29500/%5bMS-OI29500%5d-120716.pdf","","download_artifact","excluded_historical","Historical revision artifact (latest/current prioritized).","","",""
"20260323-163418Z","discovered_download","mixed","discovered","https://officeprotocoldocs-f5hpbjgea6b8gneq.b02.azurefd.net/files/MS-OI29500/%5bMS-OI29500%5d-121008.pdf","","download_artifact","excluded_historical","Historical revision artifact (latest/current prioritized).","","",""
"20260323-163418Z","discovered_download","mixed","discovered","https://officeprotocoldocs-f5hpbjgea6b8gneq.b02.azurefd.net/files/MS-OI29500/%5bMS-OI29500%5d-130211.pdf","","download_artifact","excluded_historical","Historical revision artifact (latest/current prioritized).","","",""
"20260323-163418Z","discovered_download","mixed","discovered","https://officeprotocoldocs-f5hpbjgea6b8gneq.b02.azurefd.net/files/MS-OI29500/%5bMS-OI29500%5d-130730.pdf","","download_artifact","excluded_historical","Historical revision artifact (latest/current prioritized).","","",""
"20260323-163418Z","discovered_download","mixed","discovered","https://officeprotocoldocs-f5hpbjgea6b8gneq.b02.azurefd.net/files/MS-OI29500/%5bMS-OI29500%5d-131118.pdf","","download_artifact","excluded_historical","Historical revision artifact (latest/current prioritized).","","",""
"20260323-163418Z","discovered_download","mixed","discovered","https://officeprotocoldocs-f5hpbjgea6b8gneq.b02.azurefd.net/files/MS-OI29500/%5bMS-OI29500%5d-140210.pdf","","download_artifact","excluded_historical","Historical revision artifact (latest/current prioritized).","","",""
"20260323-163418Z","discovered_download","mixed","discovered","https://officeprotocoldocs-f5hpbjgea6b8gneq.b02.azurefd.net/files/MS-OI29500/%5bMS-OI29500%5d-140430.pdf","","download_artifact","excluded_historical","Historical revision artifact (latest/current prioritized).","","",""
"20260323-163418Z","discovered_download","mixed","discovered","https://officeprotocoldocs-f5hpbjgea6b8gneq.b02.azurefd.net/files/MS-OI29500/%5bMS-OI29500%5d-140731.pdf","","download_artifact","excluded_historical","Historical revision artifact (latest/current prioritized).","","",""
"20260323-163418Z","discovered_download","mixed","discovered","https://officeprotocoldocs-f5hpbjgea6b8gneq.b02.azurefd.net/files/MS-OI29500/%5bMS-OI29500%5d-141030.pdf","","download_artifact","excluded_historical","Historical revision artifact (latest/current prioritized).","","",""
"20260323-163418Z","discovered_download","mixed","discovered","https://officeprotocoldocs-f5hpbjgea6b8gneq.b02.azurefd.net/files/MS-OI29500/%5bMS-OI29500%5d-150113.docx","","download_artifact","excluded_historical","Historical revision artifact (latest/current prioritized).","","",""
"20260323-163418Z","discovered_download","mixed","discovered","https://officeprotocoldocs-f5hpbjgea6b8gneq.b02.azurefd.net/files/MS-OI29500/%5bMS-OI29500%5d-150113.pdf","","download_artifact","excluded_historical","Historical revision artifact (latest/current prioritized).","","",""
"20260323-163418Z","discovered_download","mixed","discovered","https://officeprotocoldocs-f5hpbjgea6b8gneq.b02.azurefd.net/files/MS-OI29500/%5bMS-OI29500%5d-150904.docx","","download_artifact","excluded_historical","Historical revision artifact (latest/current prioritized).","","",""
"20260323-163418Z","discovered_download","mixed","discovered","https://officeprotocoldocs-f5hpbjgea6b8gneq.b02.azurefd.net/files/MS-OI29500/%5bMS-OI29500%5d-150904.pdf","","download_artifact","excluded_historical","Historical revision artifact (latest/current prioritized).","","",""
"20260323-163418Z","discovered_download","mixed","discovered","https://officeprotocoldocs-f5hpbjgea6b8gneq.b02.azurefd.net/files/MS-OI29500/%5bMS-OI29500%5d-150925.docx","","download_artifact","excluded_historical","Historical revision artifact (latest/current prioritized).","","",""
"20260323-163418Z","discovered_download","mixed","discovered","https://officeprotocoldocs-f5hpbjgea6b8gneq.b02.azurefd.net/files/MS-OI29500/%5bMS-OI29500%5d-150925.pdf","","download_artifact","excluded_historical","Historical revision artifact (latest/current prioritized).","","",""
"20260323-163418Z","discovered_download","mixed","discovered","https://officeprotocoldocs-f5hpbjgea6b8gneq.b02.azurefd.net/files/MS-OI29500/%5bMS-OI29500%5d-160715.docx","","download_artifact","excluded_historical","Historical revision artifact (latest/current prioritized).","","",""
"20260323-163418Z","discovered_download","mixed","discovered","https://officeprotocoldocs-f5hpbjgea6b8gneq.b02.azurefd.net/files/MS-OI29500/%5bMS-OI29500%5d-160715.pdf","","download_artifact","excluded_historical","Historical revision artifact (latest/current prioritized).","","",""
"20260323-163418Z","discovered_download","mixed","discovered","https://officeprotocoldocs-f5hpbjgea6b8gneq.b02.azurefd.net/files/MS-OI29500/%5bMS-OI29500%5d-160926.docx","","download_artifact","excluded_historical","Historical revision artifact (latest/current prioritized).","","",""
"20260323-163418Z","discovered_download","mixed","discovered","https://officeprotocoldocs-f5hpbjgea6b8gneq.b02.azurefd.net/files/MS-OI29500/%5bMS-OI29500%5d-160926.pdf","","download_artifact","excluded_historical","Historical revision artifact (latest/current prioritized).","","",""
"20260323-163418Z","discovered_download","mixed","discovered","https://officeprotocoldocs-f5hpbjgea6b8gneq.b02.azurefd.net/files/MS-OI29500/%5bMS-OI29500%5d-161017.docx","","download_artifact","excluded_historical","Historical revision artifact (latest/current prioritized).","","",""
"20260323-163418Z","discovered_download","mixed","discovered","https://officeprotocoldocs-f5hpbjgea6b8gneq.b02.azurefd.net/files/MS-OI29500/%5bMS-OI29500%5d-161017.pdf","","download_artifact","excluded_historical","Historical revision artifact (latest/current prioritized).","","",""
"20260323-163418Z","discovered_download","mixed","discovered","https://officeprotocoldocs-f5hpbjgea6b8gneq.b02.azurefd.net/files/MS-OI29500/%5bMS-OI29500%5d-161215.docx","","download_artifact","excluded_historical","Historical revision artifact (latest/current prioritized).","","",""
"20260323-163418Z","discovered_download","mixed","discovered","https://officeprotocoldocs-f5hpbjgea6b8gneq.b02.azurefd.net/files/MS-OI29500/%5bMS-OI29500%5d-161215.pdf","","download_artifact","excluded_historical","Historical revision artifact (latest/current prioritized).","","",""
"20260323-163418Z","discovered_download","mixed","discovered","https://officeprotocoldocs-f5hpbjgea6b8gneq.b02.azurefd.net/files/MS-OI29500/%5bMS-OI29500%5d-170328.docx","","download_artifact","excluded_historical","Historical revision artifact (latest/current prioritized).","","",""
"20260323-163418Z","discovered_download","mixed","discovered","https://officeprotocoldocs-f5hpbjgea6b8gneq.b02.azurefd.net/files/MS-OI29500/%5bMS-OI29500%5d-170328.pdf","","download_artifact","excluded_historical","Historical revision artifact (latest/current prioritized).","","",""
"20260323-163418Z","discovered_download","mixed","discovered","https://officeprotocoldocs-f5hpbjgea6b8gneq.b02.azurefd.net/files/MS-OI29500/%5bMS-OI29500%5d-170620.docx","","download_artifact","excluded_historical","Historical revision artifact (latest/current prioritized).","","",""
"20260323-163418Z","discovered_download","mixed","discovered","https://officeprotocoldocs-f5hpbjgea6b8gneq.b02.azurefd.net/files/MS-OI29500/%5bMS-OI29500%5d-170620.pdf","","download_artifact","excluded_historical","Historical revision artifact (latest/current prioritized).","","",""
"20260323-163418Z","discovered_download","mixed","discovered","https://officeprotocoldocs-f5hpbjgea6b8gneq.b02.azurefd.net/files/MS-OI29500/%5bMS-OI29500%5d-170801.docx","","download_artifact","excluded_historical","Historical revision artifact (latest/current prioritized).","","",""
"20260323-163418Z","discovered_download","mixed","discovered","https://officeprotocoldocs-f5hpbjgea6b8gneq.b02.azurefd.net/files/MS-OI29500/%5bMS-OI29500%5d-170801.pdf","","download_artifact","excluded_historical","Historical revision artifact (latest/current prioritized).","","",""
"20260323-163418Z","discovered_download","mixed","discovered","https://officeprotocoldocs-f5hpbjgea6b8gneq.b02.azurefd.net/files/MS-OI29500/%5bMS-OI29500%5d-170919.docx","","download_artifact","excluded_historical","Historical revision artifact (latest/current prioritized).","","",""
"20260323-163418Z","discovered_download","mixed","discovered","https://officeprotocoldocs-f5hpbjgea6b8gneq.b02.azurefd.net/files/MS-OI29500/%5bMS-OI29500%5d-170919.pdf","","download_artifact","excluded_historical","Historical revision artifact (latest/current prioritized).","","",""
"20260323-163418Z","discovered_download","mixed","discovered","https://officeprotocoldocs-f5hpbjgea6b8gneq.b02.azurefd.net/files/MS-OI29500/%5bMS-OI29500%5d-171130.docx","","download_artifact","excluded_historical","Historical revision artifact (latest/current prioritized).","","",""
"20260323-163418Z","discovered_download","mixed","discovered","https://officeprotocoldocs-f5hpbjgea6b8gneq.b02.azurefd.net/files/MS-OI29500/%5bMS-OI29500%5d-171130.pdf","","download_artifact","excluded_historical","Historical revision artifact (latest/current prioritized).","","",""
"20260323-163418Z","discovered_download","mixed","discovered","https://officeprotocoldocs-f5hpbjgea6b8gneq.b02.azurefd.net/files/MS-OI29500/%5bMS-OI29500%5d-180427.docx","","download_artifact","excluded_historical","Historical revision artifact (latest/current prioritized).","","",""
"20260323-163418Z","discovered_download","mixed","discovered","https://officeprotocoldocs-f5hpbjgea6b8gneq.b02.azurefd.net/files/MS-OI29500/%5bMS-OI29500%5d-180427.pdf","","download_artifact","excluded_historical","Historical revision artifact (latest/current prioritized).","","",""
"20260323-163418Z","discovered_download","mixed","discovered","https://officeprotocoldocs-f5hpbjgea6b8gneq.b02.azurefd.net/files/MS-OI29500/%5bMS-OI29500%5d-180828.docx","","download_artifact","excluded_historical","Historical revision artifact (latest/current prioritized).","","",""
"20260323-163418Z","discovered_download","mixed","discovered","https://officeprotocoldocs-f5hpbjgea6b8gneq.b02.azurefd.net/files/MS-OI29500/%5bMS-OI29500%5d-180828.pdf","","download_artifact","excluded_historical","Historical revision artifact (latest/current prioritized).","","",""
"20260323-163418Z","discovered_download","mixed","discovered","https://officeprotocoldocs-f5hpbjgea6b8gneq.b02.azurefd.net/files/MS-OI29500/%5bMS-OI29500%5d-181211.docx","","download_artifact","excluded_historical","Historical revision artifact (latest/current prioritized).","","",""
"20260323-163418Z","discovered_download","mixed","discovered","https://officeprotocoldocs-f5hpbjgea6b8gneq.b02.azurefd.net/files/MS-OI29500/%5bMS-OI29500%5d-181211.pdf","","download_artifact","excluded_historical","Historical revision artifact (latest/current prioritized).","","",""
"20260323-163418Z","discovered_download","mixed","discovered","https://officeprotocoldocs-f5hpbjgea6b8gneq.b02.azurefd.net/files/MS-OI29500/%5bMS-OI29500%5d-190319.docx","","download_artifact","excluded_historical","Historical revision artifact (latest/current prioritized).","","",""
"20260323-163418Z","discovered_download","mixed","discovered","https://officeprotocoldocs-f5hpbjgea6b8gneq.b02.azurefd.net/files/MS-OI29500/%5bMS-OI29500%5d-190319.pdf","","download_artifact","excluded_historical","Historical revision artifact (latest/current prioritized).","","",""
"20260323-163418Z","discovered_download","mixed","discovered","https://officeprotocoldocs-f5hpbjgea6b8gneq.b02.azurefd.net/files/MS-OI29500/%5bMS-OI29500%5d-190624.docx","","download_artifact","excluded_historical","Historical revision artifact (latest/current prioritized).","","",""
"20260323-163418Z","discovered_download","mixed","discovered","https://officeprotocoldocs-f5hpbjgea6b8gneq.b02.azurefd.net/files/MS-OI29500/%5bMS-OI29500%5d-190624.pdf","","download_artifact","excluded_historical","Historical revision artifact (latest/current prioritized).","","",""
"20260323-163418Z","discovered_download","mixed","discovered","https://officeprotocoldocs-f5hpbjgea6b8gneq.b02.azurefd.net/files/MS-OI29500/%5bMS-OI29500%5d-190924.docx","","download_artifact","excluded_historical","Historical revision artifact (latest/current prioritized).","","",""
"20260323-163418Z","discovered_download","mixed","discovered","https://officeprotocoldocs-f5hpbjgea6b8gneq.b02.azurefd.net/files/MS-OI29500/%5bMS-OI29500%5d-190924.pdf","","download_artifact","excluded_historical","Historical revision artifact (latest/current prioritized).","","",""
"20260323-163418Z","discovered_download","mixed","discovered","https://officeprotocoldocs-f5hpbjgea6b8gneq.b02.azurefd.net/files/MS-OI29500/%5bMS-OI29500%5d-191119.docx","","download_artifact","excluded_historical","Historical revision artifact (latest/current prioritized).","","",""
"20260323-163418Z","discovered_download","mixed","discovered","https://officeprotocoldocs-f5hpbjgea6b8gneq.b02.azurefd.net/files/MS-OI29500/%5bMS-OI29500%5d-191119.pdf","","download_artifact","excluded_historical","Historical revision artifact (latest/current prioritized).","","",""
"20260323-163418Z","discovered_download","mixed","discovered","https://officeprotocoldocs-f5hpbjgea6b8gneq.b02.azurefd.net/files/MS-OI29500/%5bMS-OI29500%5d-200219.docx","","download_artifact","excluded_historical","Historical revision artifact (latest/current prioritized).","","",""
"20260323-163418Z","discovered_download","mixed","discovered","https://officeprotocoldocs-f5hpbjgea6b8gneq.b02.azurefd.net/files/MS-OI29500/%5bMS-OI29500%5d-200219.pdf","","download_artifact","excluded_historical","Historical revision artifact (latest/current prioritized).","","",""
"20260323-163418Z","discovered_download","mixed","discovered","https://officeprotocoldocs-f5hpbjgea6b8gneq.b02.azurefd.net/files/MS-OI29500/%5bMS-OI29500%5d-201117.docx","","download_artifact","excluded_historical","Historical revision artifact (latest/current prioritized).","","",""
"20260323-163418Z","discovered_download","mixed","discovered","https://officeprotocoldocs-f5hpbjgea6b8gneq.b02.azurefd.net/files/MS-OI29500/%5bMS-OI29500%5d-201117.pdf","","download_artifact","excluded_historical","Historical revision artifact (latest/current prioritized).","","",""
"20260323-163418Z","discovered_download","mixed","discovered","https://officeprotocoldocs-f5hpbjgea6b8gneq.b02.azurefd.net/files/MS-OI29500/%5bMS-OI29500%5d-210422.docx","","download_artifact","excluded_historical","Historical revision artifact (latest/current prioritized).","","",""
"20260323-163418Z","discovered_download","mixed","discovered","https://officeprotocoldocs-f5hpbjgea6b8gneq.b02.azurefd.net/files/MS-OI29500/%5bMS-OI29500%5d-210422.pdf","","download_artifact","excluded_historical","Historical revision artifact (latest/current prioritized).","","",""
"20260323-163418Z","discovered_download","mixed","discovered","https://officeprotocoldocs-f5hpbjgea6b8gneq.b02.azurefd.net/files/MS-OI29500/%5bMS-OI29500%5d-210817.docx","","download_artifact","excluded_historical","Historical revision artifact (latest/current prioritized).","","",""
"20260323-163418Z","discovered_download","mixed","discovered","https://officeprotocoldocs-f5hpbjgea6b8gneq.b02.azurefd.net/files/MS-OI29500/%5bMS-OI29500%5d-210817.pdf","","download_artifact","excluded_historical","Historical revision artifact (latest/current prioritized).","","",""
"20260323-163418Z","discovered_download","mixed","discovered","https://officeprotocoldocs-f5hpbjgea6b8gneq.b02.azurefd.net/files/MS-OI29500/%5bMS-OI29500%5d-211116.docx","","download_artifact","excluded_historical","Historical revision artifact (latest/current prioritized).","","",""
"20260323-163418Z","discovered_download","mixed","discovered","https://officeprotocoldocs-f5hpbjgea6b8gneq.b02.azurefd.net/files/MS-OI29500/%5bMS-OI29500%5d-211116.pdf","","download_artifact","excluded_historical","Historical revision artifact (latest/current prioritized).","","",""
"20260323-163418Z","discovered_download","mixed","discovered","https://officeprotocoldocs-f5hpbjgea6b8gneq.b02.azurefd.net/files/MS-OI29500/%5bMS-OI29500%5d-220215.docx","","download_artifact","excluded_historical","Historical revision artifact (latest/current prioritized).","","",""
"20260323-163418Z","discovered_download","mixed","discovered","https://officeprotocoldocs-f5hpbjgea6b8gneq.b02.azurefd.net/files/MS-OI29500/%5bMS-OI29500%5d-220215.pdf","","download_artifact","excluded_historical","Historical revision artifact (latest/current prioritized).","","",""
"20260323-163418Z","discovered_download","mixed","discovered","https://officeprotocoldocs-f5hpbjgea6b8gneq.b02.azurefd.net/files/MS-OI29500/%5bMS-OI29500%5d-220816.docx","","download_artifact","excluded_historical","Historical revision artifact (latest/current prioritized).","","",""
"20260323-163418Z","discovered_download","mixed","discovered","https://officeprotocoldocs-f5hpbjgea6b8gneq.b02.azurefd.net/files/MS-OI29500/%5bMS-OI29500%5d-220816.pdf","","download_artifact","excluded_historical","Historical revision artifact (latest/current prioritized).","","",""
"20260323-163418Z","discovered_download","mixed","discovered","https://officeprotocoldocs-f5hpbjgea6b8gneq.b02.azurefd.net/files/MS-OI29500/%5bMS-OI29500%5d-221115.docx","","download_artifact","excluded_historical","Historical revision artifact (latest/current prioritized).","","",""
"20260323-163418Z","discovered_download","mixed","discovered","https://officeprotocoldocs-f5hpbjgea6b8gneq.b02.azurefd.net/files/MS-OI29500/%5bMS-OI29500%5d-221115.pdf","","download_artifact","excluded_historical","Historical revision artifact (latest/current prioritized).","","",""
"20260323-163418Z","discovered_download","mixed","discovered","https://officeprotocoldocs-f5hpbjgea6b8gneq.b02.azurefd.net/files/MS-OI29500/%5bMS-OI29500%5d-230309.docx","","download_artifact","excluded_historical","Historical revision artifact (latest/current prioritized).","","",""
"20260323-163418Z","discovered_download","mixed","discovered","https://officeprotocoldocs-f5hpbjgea6b8gneq.b02.azurefd.net/files/MS-OI29500/%5bMS-OI29500%5d-230309.pdf","","download_artifact","excluded_historical","Historical revision artifact (latest/current prioritized).","","",""
"20260323-163418Z","discovered_download","mixed","discovered","https://officeprotocoldocs-f5hpbjgea6b8gneq.b02.azurefd.net/files/MS-OI29500/%5bMS-OI29500%5d-230815.docx","","download_artifact","excluded_historical","Historical revision artifact (latest/current prioritized).","","",""
"20260323-163418Z","discovered_download","mixed","discovered","https://officeprotocoldocs-f5hpbjgea6b8gneq.b02.azurefd.net/files/MS-OI29500/%5bMS-OI29500%5d-230815.pdf","","download_artifact","excluded_historical","Historical revision artifact (latest/current prioritized).","","",""
"20260323-163418Z","discovered_download","mixed","discovered","https://officeprotocoldocs-f5hpbjgea6b8gneq.b02.azurefd.net/files/MS-OI29500/%5bMS-OI29500%5d-231113.docx","","download_artifact","excluded_historical","Historical revision artifact (latest/current prioritized).","","",""
"20260323-163418Z","discovered_download","mixed","discovered","https://officeprotocoldocs-f5hpbjgea6b8gneq.b02.azurefd.net/files/MS-OI29500/%5bMS-OI29500%5d-231113.pdf","","download_artifact","excluded_historical","Historical revision artifact (latest/current prioritized).","","",""
"20260323-163418Z","discovered_download","mixed","discovered","https://officeprotocoldocs-f5hpbjgea6b8gneq.b02.azurefd.net/files/MS-OI29500/%5bMS-OI29500%5d-240220.docx","","download_artifact","excluded_historical","Historical revision artifact (latest/current prioritized).","","",""
"20260323-163418Z","discovered_download","mixed","discovered","https://officeprotocoldocs-f5hpbjgea6b8gneq.b02.azurefd.net/files/MS-OI29500/%5bMS-OI29500%5d-240220.pdf","","download_artifact","excluded_historical","Historical revision artifact (latest/current prioritized).","","",""
"20260323-163418Z","discovered_download","mixed","discovered","https://officeprotocoldocs-f5hpbjgea6b8gneq.b02.azurefd.net/files/MS-OI29500/%5bMS-OI29500%5d-240416.docx","","download_artifact","excluded_historical","Historical revision artifact (latest/current prioritized).","","",""
"20260323-163418Z","discovered_download","mixed","discovered","https://officeprotocoldocs-f5hpbjgea6b8gneq.b02.azurefd.net/files/MS-OI29500/%5bMS-OI29500%5d-240416.pdf","","download_artifact","excluded_historical","Historical revision artifact (latest/current prioritized).","","",""
"20260323-163418Z","discovered_download","mixed","discovered","https://officeprotocoldocs-f5hpbjgea6b8gneq.b02.azurefd.net/files/MS-OI29500/%5bMS-OI29500%5d-240820.docx","","download_artifact","excluded_historical","Historical revision artifact (latest/current prioritized).","","",""
"20260323-163418Z","discovered_download","mixed","discovered","https://officeprotocoldocs-f5hpbjgea6b8gneq.b02.azurefd.net/files/MS-OI29500/%5bMS-OI29500%5d-240820.pdf","","download_artifact","excluded_historical","Historical revision artifact (latest/current prioritized).","","",""
"20260323-163418Z","discovered_download","mixed","discovered","https://officeprotocoldocs-f5hpbjgea6b8gneq.b02.azurefd.net/files/MS-OI29500/%5bMS-OI29500%5d-241112.docx","","download_artifact","excluded_historical","Historical revision artifact (latest/current prioritized).","","",""
"20260323-163418Z","discovered_download","mixed","discovered","https://officeprotocoldocs-f5hpbjgea6b8gneq.b02.azurefd.net/files/MS-OINTXML/%5bMS-OINTXML%5d-210422.docx","","download_artifact","excluded_historical","Historical revision artifact (latest/current prioritized).","","",""
"20260323-163418Z","discovered_download","mixed","discovered","https://officeprotocoldocs-f5hpbjgea6b8gneq.b02.azurefd.net/files/MS-OINTXML/%5bMS-OINTXML%5d-210422.pdf","","download_artifact","excluded_historical","Historical revision artifact (latest/current prioritized).","","",""
"20260323-163418Z","discovered_download","mixed","discovered","https://officeprotocoldocs-f5hpbjgea6b8gneq.b02.azurefd.net/files/MS-OINTXML/%5bMS-OINTXML%5d-210817.docx","","download_artifact","excluded_historical","Historical revision artifact (latest/current prioritized).","","",""
"20260323-163418Z","discovered_download","mixed","discovered","https://officeprotocoldocs-f5hpbjgea6b8gneq.b02.azurefd.net/files/MS-OINTXML/%5bMS-OINTXML%5d-210817.pdf","","download_artifact","excluded_historical","Historical revision artifact (latest/current prioritized).","","",""
"20260323-163418Z","discovered_download","mixed","discovered","https://officeprotocoldocs-f5hpbjgea6b8gneq.b02.azurefd.net/files/MS-OINTXML/%5bMS-OINTXML%5d-240416.docx","","download_artifact","excluded_historical","Historical revision artifact (latest/current prioritized).","","",""
"20260323-163418Z","discovered_download","mixed","discovered","https://officeprotocoldocs-f5hpbjgea6b8gneq.b02.azurefd.net/files/MS-OINTXML/%5bMS-OINTXML%5d-240416.pdf","","download_artifact","excluded_historical","Historical revision artifact (latest/current prioritized).","","",""
"20260323-163418Z","discovered_download","mixed","discovered","https://officeprotocoldocs-f5hpbjgea6b8gneq.b02.azurefd.net/files/MS-OINTXML/%5bMS-OINTXML%5d-240820.docx","","download_artifact","excluded_historical","Historical revision artifact (latest/current prioritized).","","",""
"20260323-163418Z","discovered_download","mixed","discovered","https://officeprotocoldocs-f5hpbjgea6b8gneq.b02.azurefd.net/files/MS-OODF/%5bMS-OODF%5d-120120.pdf","","download_artifact","excluded_historical","Historical revision artifact (latest/current prioritized).","","",""
"20260323-163418Z","discovered_download","mixed","discovered","https://officeprotocoldocs-f5hpbjgea6b8gneq.b02.azurefd.net/files/MS-OODF/%5bMS-OODF%5d-120411.pdf","","download_artifact","excluded_historical","Historical revision artifact (latest/current prioritized).","","",""
"20260323-163418Z","discovered_download","mixed","discovered","https://officeprotocoldocs-f5hpbjgea6b8gneq.b02.azurefd.net/files/MS-OODF/%5bMS-OODF%5d-120716.pdf","","download_artifact","excluded_historical","Historical revision artifact (latest/current prioritized).","","",""
"20260323-163418Z","discovered_download","mixed","discovered","https://officeprotocoldocs-f5hpbjgea6b8gneq.b02.azurefd.net/files/MS-OODF/%5bMS-OODF%5d-121008.pdf","","download_artifact","excluded_historical","Historical revision artifact (latest/current prioritized).","","",""
"20260323-163418Z","discovered_download","mixed","discovered","https://officeprotocoldocs-f5hpbjgea6b8gneq.b02.azurefd.net/files/MS-OODF/%5bMS-OODF%5d-130211.pdf","","download_artifact","excluded_historical","Historical revision artifact (latest/current prioritized).","","",""
"20260323-163418Z","discovered_download","mixed","discovered","https://officeprotocoldocs-f5hpbjgea6b8gneq.b02.azurefd.net/files/MS-OODF/%5bMS-OODF%5d-130730.pdf","","download_artifact","excluded_historical","Historical revision artifact (latest/current prioritized).","","",""
"20260323-163418Z","discovered_download","mixed","discovered","https://officeprotocoldocs-f5hpbjgea6b8gneq.b02.azurefd.net/files/MS-OODF/%5bMS-OODF%5d-131118.pdf","","download_artifact","excluded_historical","Historical revision artifact (latest/current prioritized).","","",""
"20260323-163418Z","discovered_download","mixed","discovered","https://officeprotocoldocs-f5hpbjgea6b8gneq.b02.azurefd.net/files/MS-OODF/%5bMS-OODF%5d-140210.pdf","","download_artifact","excluded_historical","Historical revision artifact (latest/current prioritized).","","",""
"20260323-163418Z","discovered_download","mixed","discovered","https://officeprotocoldocs-f5hpbjgea6b8gneq.b02.azurefd.net/files/MS-OODF/%5bMS-OODF%5d-140430.pdf","","download_artifact","excluded_historical","Historical revision artifact (latest/current prioritized).","","",""
"20260323-163418Z","discovered_download","mixed","discovered","https://officeprotocoldocs-f5hpbjgea6b8gneq.b02.azurefd.net/files/MS-OODF/%5bMS-OODF%5d-140731.pdf","","download_artifact","excluded_historical","Historical revision artifact (latest/current prioritized).","","",""
"20260323-163418Z","discovered_download","mixed","discovered","https://officeprotocoldocs-f5hpbjgea6b8gneq.b02.azurefd.net/files/MS-OODF/%5bMS-OODF%5d-141030.pdf","","download_artifact","excluded_historical","Historical revision artifact (latest/current prioritized).","","",""
"20260323-163418Z","discovered_download","mixed","discovered","https://officeprotocoldocs-f5hpbjgea6b8gneq.b02.azurefd.net/files/MS-OODF/%5bMS-OODF%5d-160623.docx","","download_artifact","excluded_historical","Historical revision artifact (latest/current prioritized).","","",""
"20260323-163418Z","discovered_download","mixed","discovered","https://officeprotocoldocs-f5hpbjgea6b8gneq.b02.azurefd.net/files/MS-OODF13/%5bMS-OODF13%5d-210715.docx","","download_artifact","excluded_historical","Historical revision artifact (latest/current prioritized).","","",""
"20260323-163418Z","discovered_download","mixed","discovered","https://officeprotocoldocs-f5hpbjgea6b8gneq.b02.azurefd.net/files/MS-OODF13/%5bMS-OODF13%5d-210715.pdf","","download_artifact","excluded_historical","Historical revision artifact (latest/current prioritized).","","",""
"20260323-163418Z","discovered_download","mixed","discovered","https://officeprotocoldocs-f5hpbjgea6b8gneq.b02.azurefd.net/files/MS-OODF13/%5bMS-OODF13%5d-211116.docx","","download_artifact","excluded_historical","Historical revision artifact (latest/current prioritized).","","",""
"20260323-163418Z","discovered_download","mixed","discovered","https://officeprotocoldocs-f5hpbjgea6b8gneq.b02.azurefd.net/files/MS-OODF13/%5bMS-OODF13%5d-211116.pdf","","download_artifact","excluded_historical","Historical revision artifact (latest/current prioritized).","","",""
"20260323-163418Z","discovered_download","mixed","discovered","https://officeprotocoldocs-f5hpbjgea6b8gneq.b02.azurefd.net/files/MS-OODF13/%5bMS-OODF13%5d-220517.docx","","download_artifact","excluded_historical","Historical revision artifact (latest/current prioritized).","","",""
"20260323-163418Z","discovered_download","mixed","discovered","https://officeprotocoldocs-f5hpbjgea6b8gneq.b02.azurefd.net/files/MS-OODF13/%5bMS-OODF13%5d-220517.pdf","","download_artifact","excluded_historical","Historical revision artifact (latest/current prioritized).","","",""
"20260323-163418Z","discovered_download","mixed","discovered","https://officeprotocoldocs-f5hpbjgea6b8gneq.b02.azurefd.net/files/MS-OODF13/%5bMS-OODF13%5d-240416.docx","","download_artifact","excluded_historical","Historical revision artifact (latest/current prioritized).","","",""
"20260323-163418Z","discovered_download","mixed","discovered","https://officeprotocoldocs-f5hpbjgea6b8gneq.b02.azurefd.net/files/MS-OODF14/%5bMS-OODF14%5d-240416.docx","","download_artifact","excluded_historical","Historical revision artifact (latest/current prioritized).","","",""
"20260323-163418Z","discovered_download","mixed","discovered","https://officeprotocoldocs-f5hpbjgea6b8gneq.b02.azurefd.net/files/MS-OODF14/%5bMS-OODF14%5d-240416.pdf","","download_artifact","excluded_historical","Historical revision artifact (latest/current prioritized).","","",""
"20260323-163418Z","discovered_download","mixed","discovered","https://officeprotocoldocs-f5hpbjgea6b8gneq.b02.azurefd.net/files/MS-OODF14/%5bMS-OODF14%5d-240521.docx","","download_artifact","excluded_historical","Historical revision artifact (latest/current prioritized).","","",""
"20260323-163418Z","discovered_download","mixed","discovered","https://officeprotocoldocs-f5hpbjgea6b8gneq.b02.azurefd.net/files/MS-OODF2/%5bMS-OODF2%5d-120120.pdf","","download_artifact","excluded_historical","Historical revision artifact (latest/current prioritized).","","",""
"20260323-163418Z","discovered_download","mixed","discovered","https://officeprotocoldocs-f5hpbjgea6b8gneq.b02.azurefd.net/files/MS-OODF2/%5bMS-OODF2%5d-120411.pdf","","download_artifact","excluded_historical","Historical revision artifact (latest/current prioritized).","","",""
"20260323-163418Z","discovered_download","mixed","discovered","https://officeprotocoldocs-f5hpbjgea6b8gneq.b02.azurefd.net/files/MS-OODF2/%5bMS-OODF2%5d-120716.pdf","","download_artifact","excluded_historical","Historical revision artifact (latest/current prioritized).","","",""
"20260323-163418Z","discovered_download","mixed","discovered","https://officeprotocoldocs-f5hpbjgea6b8gneq.b02.azurefd.net/files/MS-OODF2/%5bMS-OODF2%5d-121008.pdf","","download_artifact","excluded_historical","Historical revision artifact (latest/current prioritized).","","",""
"20260323-163418Z","discovered_download","mixed","discovered","https://officeprotocoldocs-f5hpbjgea6b8gneq.b02.azurefd.net/files/MS-OODF2/%5bMS-OODF2%5d-130211.pdf","","download_artifact","excluded_historical","Historical revision artifact (latest/current prioritized).","","",""
"20260323-163418Z","discovered_download","mixed","discovered","https://officeprotocoldocs-f5hpbjgea6b8gneq.b02.azurefd.net/files/MS-OODF2/%5bMS-OODF2%5d-130730.pdf","","download_artifact","excluded_historical","Historical revision artifact (latest/current prioritized).","","",""
"20260323-163418Z","discovered_download","mixed","discovered","https://officeprotocoldocs-f5hpbjgea6b8gneq.b02.azurefd.net/files/MS-OODF2/%5bMS-OODF2%5d-131118.pdf","","download_artifact","excluded_historical","Historical revision artifact (latest/current prioritized).","","",""
"20260323-163418Z","discovered_download","mixed","discovered","https://officeprotocoldocs-f5hpbjgea6b8gneq.b02.azurefd.net/files/MS-OODF2/%5bMS-OODF2%5d-140210.pdf","","download_artifact","excluded_historical","Historical revision artifact (latest/current prioritized).","","",""
"20260323-163418Z","discovered_download","mixed","discovered","https://officeprotocoldocs-f5hpbjgea6b8gneq.b02.azurefd.net/files/MS-OODF2/%5bMS-OODF2%5d-140430.pdf","","download_artifact","excluded_historical","Historical revision artifact (latest/current prioritized).","","",""
"20260323-163418Z","discovered_download","mixed","discovered","https://officeprotocoldocs-f5hpbjgea6b8gneq.b02.azurefd.net/files/MS-OODF2/%5bMS-OODF2%5d-140731.pdf","","download_artifact","excluded_historical","Historical revision artifact (latest/current prioritized).","","",""
"20260323-163418Z","discovered_download","mixed","discovered","https://officeprotocoldocs-f5hpbjgea6b8gneq.b02.azurefd.net/files/MS-OODF2/%5bMS-OODF2%5d-141030.pdf","","download_artifact","excluded_historical","Historical revision artifact (latest/current prioritized).","","",""
"20260323-163418Z","discovered_download","mixed","discovered","https://officeprotocoldocs-f5hpbjgea6b8gneq.b02.azurefd.net/files/MS-OODF2/%5bMS-OODF2%5d-150904.docx","","download_artifact","excluded_historical","Historical revision artifact (latest/current prioritized).","","",""
"20260323-163418Z","discovered_download","mixed","discovered","https://officeprotocoldocs-f5hpbjgea6b8gneq.b02.azurefd.net/files/MS-OODF2/%5bMS-OODF2%5d-150904.pdf","","download_artifact","excluded_historical","Historical revision artifact (latest/current prioritized).","","",""
"20260323-163418Z","discovered_download","mixed","discovered","https://officeprotocoldocs-f5hpbjgea6b8gneq.b02.azurefd.net/files/MS-OODF2/%5bMS-OODF2%5d-150925.docx","","download_artifact","excluded_historical","Historical revision artifact (latest/current prioritized).","","",""
"20260323-163418Z","discovered_download","mixed","discovered","https://officeprotocoldocs-f5hpbjgea6b8gneq.b02.azurefd.net/files/MS-OODF2/%5bMS-OODF2%5d-150925.pdf","","download_artifact","excluded_historical","Historical revision artifact (latest/current prioritized).","","",""
"20260323-163418Z","discovered_download","mixed","discovered","https://officeprotocoldocs-f5hpbjgea6b8gneq.b02.azurefd.net/files/MS-OODF2/%5bMS-OODF2%5d-160715.docx","","download_artifact","excluded_historical","Historical revision artifact (latest/current prioritized).","","",""
"20260323-163418Z","discovered_download","mixed","discovered","https://officeprotocoldocs-f5hpbjgea6b8gneq.b02.azurefd.net/files/MS-OODF2/%5bMS-OODF2%5d-160715.pdf","","download_artifact","excluded_historical","Historical revision artifact (latest/current prioritized).","","",""
"20260323-163418Z","discovered_download","mixed","discovered","https://officeprotocoldocs-f5hpbjgea6b8gneq.b02.azurefd.net/files/MS-OODF2/%5bMS-OODF2%5d-160914.docx","","download_artifact","excluded_historical","Historical revision artifact (latest/current prioritized).","","",""
"20260323-163418Z","discovered_download","mixed","discovered","https://officeprotocoldocs-f5hpbjgea6b8gneq.b02.azurefd.net/files/MS-OODF2/%5bMS-OODF2%5d-160914.pdf","","download_artifact","excluded_historical","Historical revision artifact (latest/current prioritized).","","",""
"20260323-163418Z","discovered_download","mixed","discovered","https://officeprotocoldocs-f5hpbjgea6b8gneq.b02.azurefd.net/files/MS-OODF2/%5bMS-OODF2%5d-161114.docx","","download_artifact","excluded_historical","Historical revision artifact (latest/current prioritized).","","",""
"20260323-163418Z","discovered_download","mixed","discovered","https://officeprotocoldocs-f5hpbjgea6b8gneq.b02.azurefd.net/files/MS-OODF2/%5bMS-OODF2%5d-161114.pdf","","download_artifact","excluded_historical","Historical revision artifact (latest/current prioritized).","","",""
"20260323-163418Z","discovered_download","mixed","discovered","https://officeprotocoldocs-f5hpbjgea6b8gneq.b02.azurefd.net/files/MS-OODF2/%5bMS-OODF2%5d-170620.docx","","download_artifact","excluded_historical","Historical revision artifact (latest/current prioritized).","","",""
"20260323-163418Z","discovered_download","mixed","discovered","https://officeprotocoldocs-f5hpbjgea6b8gneq.b02.azurefd.net/files/MS-OODF2/%5bMS-OODF2%5d-170620.pdf","","download_artifact","excluded_historical","Historical revision artifact (latest/current prioritized).","","",""
"20260323-163418Z","discovered_download","mixed","discovered","https://officeprotocoldocs-f5hpbjgea6b8gneq.b02.azurefd.net/files/MS-OODF2/%5bMS-OODF2%5d-170919.docx","","download_artifact","excluded_historical","Historical revision artifact (latest/current prioritized).","","",""
"20260323-163418Z","discovered_download","mixed","discovered","https://officeprotocoldocs-f5hpbjgea6b8gneq.b02.azurefd.net/files/MS-OODF2/%5bMS-OODF2%5d-170919.pdf","","download_artifact","excluded_historical","Historical revision artifact (latest/current prioritized).","","",""
"20260323-163418Z","discovered_download","mixed","discovered","https://officeprotocoldocs-f5hpbjgea6b8gneq.b02.azurefd.net/files/MS-OODF2/%5bMS-OODF2%5d-180427.docx","","download_artifact","excluded_historical","Historical revision artifact (latest/current prioritized).","","",""
"20260323-163418Z","discovered_download","mixed","discovered","https://officeprotocoldocs-f5hpbjgea6b8gneq.b02.azurefd.net/files/MS-OODF2/%5bMS-OODF2%5d-180427.pdf","","download_artifact","excluded_historical","Historical revision artifact (latest/current prioritized).","","",""
"20260323-163418Z","discovered_download","mixed","discovered","https://officeprotocoldocs-f5hpbjgea6b8gneq.b02.azurefd.net/files/MS-OODF2/%5bMS-OODF2%5d-180828.docx","","download_artifact","excluded_historical","Historical revision artifact (latest/current prioritized).","","",""
"20260323-163418Z","discovered_download","mixed","discovered","https://officeprotocoldocs-f5hpbjgea6b8gneq.b02.azurefd.net/files/MS-OODF2/%5bMS-OODF2%5d-180828.pdf","","download_artifact","excluded_historical","Historical revision artifact (latest/current prioritized).","","",""
"20260323-163418Z","discovered_download","mixed","discovered","https://officeprotocoldocs-f5hpbjgea6b8gneq.b02.azurefd.net/files/MS-OODF2/%5bMS-OODF2%5d-181211.docx","","download_artifact","excluded_historical","Historical revision artifact (latest/current prioritized).","","",""
"20260323-163418Z","discovered_download","mixed","discovered","https://officeprotocoldocs-f5hpbjgea6b8gneq.b02.azurefd.net/files/MS-OODF2/%5bMS-OODF2%5d-181211.pdf","","download_artifact","excluded_historical","Historical revision artifact (latest/current prioritized).","","",""
"20260323-163418Z","discovered_download","mixed","discovered","https://officeprotocoldocs-f5hpbjgea6b8gneq.b02.azurefd.net/files/MS-OODF2/%5bMS-OODF2%5d-210422.docx","","download_artifact","excluded_historical","Historical revision artifact (latest/current prioritized).","","",""
"20260323-163418Z","discovered_download","mixed","discovered","https://officeprotocoldocs-f5hpbjgea6b8gneq.b02.azurefd.net/files/MS-OODF3/%5bMS-OODF3%5d-120120.pdf","","download_artifact","excluded_historical","Historical revision artifact (latest/current prioritized).","","",""
"20260323-163418Z","discovered_download","mixed","discovered","https://officeprotocoldocs-f5hpbjgea6b8gneq.b02.azurefd.net/files/MS-OODF3/%5bMS-OODF3%5d-120411.pdf","","download_artifact","excluded_historical","Historical revision artifact (latest/current prioritized).","","",""
"20260323-163418Z","discovered_download","mixed","discovered","https://officeprotocoldocs-f5hpbjgea6b8gneq.b02.azurefd.net/files/MS-OODF3/%5bMS-OODF3%5d-120716.pdf","","download_artifact","excluded_historical","Historical revision artifact (latest/current prioritized).","","",""
"20260323-163418Z","discovered_download","mixed","discovered","https://officeprotocoldocs-f5hpbjgea6b8gneq.b02.azurefd.net/files/MS-OODF3/%5bMS-OODF3%5d-121008.pdf","","download_artifact","excluded_historical","Historical revision artifact (latest/current prioritized).","","",""
"20260323-163418Z","discovered_download","mixed","discovered","https://officeprotocoldocs-f5hpbjgea6b8gneq.b02.azurefd.net/files/MS-OODF3/%5bMS-OODF3%5d-130211.pdf","","download_artifact","excluded_historical","Historical revision artifact (latest/current prioritized).","","",""
"20260323-163418Z","discovered_download","mixed","discovered","https://officeprotocoldocs-f5hpbjgea6b8gneq.b02.azurefd.net/files/MS-OODF3/%5bMS-OODF3%5d-130730.pdf","","download_artifact","excluded_historical","Historical revision artifact (latest/current prioritized).","","",""
"20260323-163418Z","discovered_download","mixed","discovered","https://officeprotocoldocs-f5hpbjgea6b8gneq.b02.azurefd.net/files/MS-OODF3/%5bMS-OODF3%5d-131118.pdf","","download_artifact","excluded_historical","Historical revision artifact (latest/current prioritized).","","",""
"20260323-163418Z","discovered_download","mixed","discovered","https://officeprotocoldocs-f5hpbjgea6b8gneq.b02.azurefd.net/files/MS-OODF3/%5bMS-OODF3%5d-140210.pdf","","download_artifact","excluded_historical","Historical revision artifact (latest/current prioritized).","","",""
"20260323-163418Z","discovered_download","mixed","discovered","https://officeprotocoldocs-f5hpbjgea6b8gneq.b02.azurefd.net/files/MS-OODF3/%5bMS-OODF3%5d-140430.pdf","","download_artifact","excluded_historical","Historical revision artifact (latest/current prioritized).","","",""
"20260323-163418Z","discovered_download","mixed","discovered","https://officeprotocoldocs-f5hpbjgea6b8gneq.b02.azurefd.net/files/MS-OODF3/%5bMS-OODF3%5d-140731.pdf","","download_artifact","excluded_historical","Historical revision artifact (latest/current prioritized).","","",""
"20260323-163418Z","discovered_download","mixed","discovered","https://officeprotocoldocs-f5hpbjgea6b8gneq.b02.azurefd.net/files/MS-OODF3/%5bMS-OODF3%5d-141030.pdf","","download_artifact","excluded_historical","Historical revision artifact (latest/current prioritized).","","",""
"20260323-163418Z","discovered_download","mixed","discovered","https://officeprotocoldocs-f5hpbjgea6b8gneq.b02.azurefd.net/files/MS-OODF3/%5bMS-OODF3%5d-150904.docx","","download_artifact","excluded_historical","Historical revision artifact (latest/current prioritized).","","",""
"20260323-163418Z","discovered_download","mixed","discovered","https://officeprotocoldocs-f5hpbjgea6b8gneq.b02.azurefd.net/files/MS-OODF3/%5bMS-OODF3%5d-150904.pdf","","download_artifact","excluded_historical","Historical revision artifact (latest/current prioritized).","","",""
"20260323-163418Z","discovered_download","mixed","discovered","https://officeprotocoldocs-f5hpbjgea6b8gneq.b02.azurefd.net/files/MS-OODF3/%5bMS-OODF3%5d-150925.docx","","download_artifact","excluded_historical","Historical revision artifact (latest/current prioritized).","","",""
"20260323-163418Z","discovered_download","mixed","discovered","https://officeprotocoldocs-f5hpbjgea6b8gneq.b02.azurefd.net/files/MS-OODF3/%5bMS-OODF3%5d-150925.pdf","","download_artifact","excluded_historical","Historical revision artifact (latest/current prioritized).","","",""
"20260323-163418Z","discovered_download","mixed","discovered","https://officeprotocoldocs-f5hpbjgea6b8gneq.b02.azurefd.net/files/MS-OODF3/%5bMS-OODF3%5d-160715.docx","","download_artifact","excluded_historical","Historical revision artifact (latest/current prioritized).","","",""
"20260323-163418Z","discovered_download","mixed","discovered","https://officeprotocoldocs-f5hpbjgea6b8gneq.b02.azurefd.net/files/MS-OODF3/%5bMS-OODF3%5d-160715.pdf","","download_artifact","excluded_historical","Historical revision artifact (latest/current prioritized).","","",""
"20260323-163418Z","discovered_download","mixed","discovered","https://officeprotocoldocs-f5hpbjgea6b8gneq.b02.azurefd.net/files/MS-OODF3/%5bMS-OODF3%5d-160914.docx","","download_artifact","excluded_historical","Historical revision artifact (latest/current prioritized).","","",""
"20260323-163418Z","discovered_download","mixed","discovered","https://officeprotocoldocs-f5hpbjgea6b8gneq.b02.azurefd.net/files/MS-OODF3/%5bMS-OODF3%5d-160914.pdf","","download_artifact","excluded_historical","Historical revision artifact (latest/current prioritized).","","",""
"20260323-163418Z","discovered_download","mixed","discovered","https://officeprotocoldocs-f5hpbjgea6b8gneq.b02.azurefd.net/files/MS-OODF3/%5bMS-OODF3%5d-161215.docx","","download_artifact","excluded_historical","Historical revision artifact (latest/current prioritized).","","",""
"20260323-163418Z","discovered_download","mixed","discovered","https://officeprotocoldocs-f5hpbjgea6b8gneq.b02.azurefd.net/files/MS-OODF3/%5bMS-OODF3%5d-161215.pdf","","download_artifact","excluded_historical","Historical revision artifact (latest/current prioritized).","","",""
"20260323-163418Z","discovered_download","mixed","discovered","https://officeprotocoldocs-f5hpbjgea6b8gneq.b02.azurefd.net/files/MS-OODF3/%5bMS-OODF3%5d-170919.docx","","download_artifact","excluded_historical","Historical revision artifact (latest/current prioritized).","","",""
"20260323-163418Z","discovered_download","mixed","discovered","https://officeprotocoldocs-f5hpbjgea6b8gneq.b02.azurefd.net/files/MS-OODF3/%5bMS-OODF3%5d-170919.pdf","","download_artifact","excluded_historical","Historical revision artifact (latest/current prioritized).","","",""
"20260323-163418Z","discovered_download","mixed","discovered","https://officeprotocoldocs-f5hpbjgea6b8gneq.b02.azurefd.net/files/MS-OODF3/%5bMS-OODF3%5d-180427.docx","","download_artifact","excluded_historical","Historical revision artifact (latest/current prioritized).","","",""
"20260323-163418Z","discovered_download","mixed","discovered","https://officeprotocoldocs-f5hpbjgea6b8gneq.b02.azurefd.net/files/MS-OODF3/%5bMS-OODF3%5d-180427.pdf","","download_artifact","excluded_historical","Historical revision artifact (latest/current prioritized).","","",""
"20260323-163418Z","discovered_download","mixed","discovered","https://officeprotocoldocs-f5hpbjgea6b8gneq.b02.azurefd.net/files/MS-OODF3/%5bMS-OODF3%5d-180828.docx","","download_artifact","excluded_historical","Historical revision artifact (latest/current prioritized).","","",""
"20260323-163418Z","discovered_download","mixed","discovered","https://officeprotocoldocs-f5hpbjgea6b8gneq.b02.azurefd.net/files/MS-OODF3/%5bMS-OODF3%5d-180828.pdf","","download_artifact","excluded_historical","Historical revision artifact (latest/current prioritized).","","",""
"20260323-163418Z","discovered_download","mixed","discovered","https://officeprotocoldocs-f5hpbjgea6b8gneq.b02.azurefd.net/files/MS-OODF3/%5bMS-OODF3%5d-190319.docx","","download_artifact","excluded_historical","Historical revision artifact (latest/current prioritized).","","",""
"20260323-163418Z","discovered_download","mixed","discovered","https://officeprotocoldocs-f5hpbjgea6b8gneq.b02.azurefd.net/files/MS-OODF3/%5bMS-OODF3%5d-190319.pdf","","download_artifact","excluded_historical","Historical revision artifact (latest/current prioritized).","","",""
"20260323-163418Z","discovered_download","mixed","discovered","https://officeprotocoldocs-f5hpbjgea6b8gneq.b02.azurefd.net/files/MS-OODF3/%5bMS-OODF3%5d-210422.docx","","download_artifact","excluded_historical","Historical revision artifact (latest/current prioritized).","","",""
"20260323-163418Z","discovered_download","mixed","discovered","https://officeprotocoldocs-f5hpbjgea6b8gneq.b02.azurefd.net/files/MS-OODF3/%5bMS-OODF3%5d-210422.pdf","","download_artifact","excluded_historical","Historical revision artifact (latest/current prioritized).","","",""
"20260323-163418Z","discovered_download","mixed","discovered","https://officeprotocoldocs-f5hpbjgea6b8gneq.b02.azurefd.net/files/MS-OODF3/%5bMS-OODF3%5d-210817.docx","","download_artifact","excluded_historical","Historical revision artifact (latest/current prioritized).","","",""
"20260323-163418Z","discovered_download","mixed","discovered","https://officeprotocoldocs-f5hpbjgea6b8gneq.b02.azurefd.net/files/MS-OODF3/%5bMS-OODF3%5d-210817.pdf","","download_artifact","excluded_historical","Historical revision artifact (latest/current prioritized).","","",""
"20260323-163418Z","discovered_download","mixed","discovered","https://officeprotocoldocs-f5hpbjgea6b8gneq.b02.azurefd.net/files/MS-OODF3/%5bMS-OODF3%5d-240220.docx","","download_artifact","excluded_historical","Historical revision artifact (latest/current prioritized).","","",""
"20260323-163418Z","discovered_download","mixed","discovered","https://officeprotocoldocs-f5hpbjgea6b8gneq.b02.azurefd.net/files/MS-OREACTXML/%5bMS-OREACTXML%5d-230303.docx","","download_artifact","excluded_historical","Historical revision artifact (latest/current prioritized).","","",""
"20260323-163418Z","discovered_download","mixed","discovered","https://officeprotocoldocs-f5hpbjgea6b8gneq.b02.azurefd.net/files/MS-OREACTXML/%5bMS-OREACTXML%5d-230303.pdf","","download_artifact","excluded_historical","Historical revision artifact (latest/current prioritized).","","",""
"20260323-163418Z","discovered_download","mixed","discovered","https://officeprotocoldocs-f5hpbjgea6b8gneq.b02.azurefd.net/files/MS-OREACTXML/%5bMS-OREACTXML%5d-230516.docx","","download_artifact","excluded_historical","Historical revision artifact (latest/current prioritized).","","",""
"20260323-163418Z","discovered_download","mixed","discovered","https://officeprotocoldocs-f5hpbjgea6b8gneq.b02.azurefd.net/files/MS-OREACTXML/%5bMS-OREACTXML%5d-230516.pdf","","download_artifact","excluded_historical","Historical revision artifact (latest/current prioritized).","","",""
"20260323-163418Z","discovered_download","mixed","discovered","https://officeprotocoldocs-f5hpbjgea6b8gneq.b02.azurefd.net/files/MS-OREACTXML/%5bMS-OREACTXML%5d-250520.docx","","download_artifact","excluded_historical","Historical revision artifact (latest/current prioritized).","","",""
"20260323-163418Z","discovered_download","mixed","discovered","https://officeprotocoldocs-f5hpbjgea6b8gneq.b02.azurefd.net/files/MS-OTASKXML/%5bMS-OTASKXML%5d-201207.docx","","download_artifact","excluded_historical","Historical revision artifact (latest/current prioritized).","","",""
"20260323-163418Z","discovered_download","mixed","discovered","https://officeprotocoldocs-f5hpbjgea6b8gneq.b02.azurefd.net/files/MS-OTASKXML/%5bMS-OTASKXML%5d-201207.pdf","","download_artifact","excluded_historical","Historical revision artifact (latest/current prioritized).","","",""
"20260323-163418Z","discovered_download","mixed","discovered","https://officeprotocoldocs-f5hpbjgea6b8gneq.b02.azurefd.net/files/MS-OTASKXML/%5bMS-OTASKXML%5d-210422.docx","","download_artifact","excluded_historical","Historical revision artifact (latest/current prioritized).","","",""
"20260323-163418Z","discovered_download","mixed","discovered","https://officeprotocoldocs-f5hpbjgea6b8gneq.b02.azurefd.net/files/MS-OTASKXML/%5bMS-OTASKXML%5d-210422.pdf","","download_artifact","excluded_historical","Historical revision artifact (latest/current prioritized).","","",""
"20260323-163418Z","discovered_download","mixed","discovered","https://officeprotocoldocs-f5hpbjgea6b8gneq.b02.azurefd.net/files/MS-OTASKXML/%5bMS-OTASKXML%5d-210817.docx","","download_artifact","excluded_historical","Historical revision artifact (latest/current prioritized).","","",""
"20260323-163418Z","discovered_download","mixed","discovered","https://officeprotocoldocs-f5hpbjgea6b8gneq.b02.azurefd.net/files/MS-OTASKXML/%5bMS-OTASKXML%5d-210817.pdf","","download_artifact","excluded_historical","Historical revision artifact (latest/current prioritized).","","",""
"20260323-163418Z","discovered_download","mixed","discovered","https://officeprotocoldocs-f5hpbjgea6b8gneq.b02.azurefd.net/files/MS-OTASKXML/%5bMS-OTASKXML%5d-240416.docx","","download_artifact","excluded_historical","Historical revision artifact (latest/current prioritized).","","",""
"20260323-163418Z","discovered_download","mixed","discovered","https://officeprotocoldocs-f5hpbjgea6b8gneq.b02.azurefd.net/files/MS-OWEXML/%5bMS-OWEXML%5d-120120.pdf","","download_artifact","excluded_historical","Historical revision artifact (latest/current prioritized).","","",""
"20260323-163418Z","discovered_download","mixed","discovered","https://officeprotocoldocs-f5hpbjgea6b8gneq.b02.azurefd.net/files/MS-OWEXML/%5bMS-OWEXML%5d-120411.pdf","","download_artifact","excluded_historical","Historical revision artifact (latest/current prioritized).","","",""
"20260323-163418Z","discovered_download","mixed","discovered","https://officeprotocoldocs-f5hpbjgea6b8gneq.b02.azurefd.net/files/MS-OWEXML/%5bMS-OWEXML%5d-120716.pdf","","download_artifact","excluded_historical","Historical revision artifact (latest/current prioritized).","","",""
"20260323-163418Z","discovered_download","mixed","discovered","https://officeprotocoldocs-f5hpbjgea6b8gneq.b02.azurefd.net/files/MS-OWEXML/%5bMS-OWEXML%5d-121008.pdf","","download_artifact","excluded_historical","Historical revision artifact (latest/current prioritized).","","",""
"20260323-163418Z","discovered_download","mixed","discovered","https://officeprotocoldocs-f5hpbjgea6b8gneq.b02.azurefd.net/files/MS-OWEXML/%5bMS-OWEXML%5d-130211.pdf","","download_artifact","excluded_historical","Historical revision artifact (latest/current prioritized).","","",""
"20260323-163418Z","discovered_download","mixed","discovered","https://officeprotocoldocs-f5hpbjgea6b8gneq.b02.azurefd.net/files/MS-OWEXML/%5bMS-OWEXML%5d-130730.pdf","","download_artifact","excluded_historical","Historical revision artifact (latest/current prioritized).","","",""
"20260323-163418Z","discovered_download","mixed","discovered","https://officeprotocoldocs-f5hpbjgea6b8gneq.b02.azurefd.net/files/MS-OWEXML/%5bMS-OWEXML%5d-131118.pdf","","download_artifact","excluded_historical","Historical revision artifact (latest/current prioritized).","","",""
"20260323-163418Z","discovered_download","mixed","discovered","https://officeprotocoldocs-f5hpbjgea6b8gneq.b02.azurefd.net/files/MS-OWEXML/%5bMS-OWEXML%5d-140210.pdf","","download_artifact","excluded_historical","Historical revision artifact (latest/current prioritized).","","",""
"20260323-163418Z","discovered_download","mixed","discovered","https://officeprotocoldocs-f5hpbjgea6b8gneq.b02.azurefd.net/files/MS-OWEXML/%5bMS-OWEXML%5d-140430.pdf","","download_artifact","excluded_historical","Historical revision artifact (latest/current prioritized).","","",""
"20260323-163418Z","discovered_download","mixed","discovered","https://officeprotocoldocs-f5hpbjgea6b8gneq.b02.azurefd.net/files/MS-OWEXML/%5bMS-OWEXML%5d-140731.pdf","","download_artifact","excluded_historical","Historical revision artifact (latest/current prioritized).","","",""
"20260323-163418Z","discovered_download","mixed","discovered","https://officeprotocoldocs-f5hpbjgea6b8gneq.b02.azurefd.net/files/MS-OWEXML/%5bMS-OWEXML%5d-141030.pdf","","download_artifact","excluded_historical","Historical revision artifact (latest/current prioritized).","","",""
"20260323-163418Z","discovered_download","mixed","discovered","https://officeprotocoldocs-f5hpbjgea6b8gneq.b02.azurefd.net/files/MS-OWEXML/%5bMS-OWEXML%5d-150904.docx","","download_artifact","excluded_historical","Historical revision artifact (latest/current prioritized).","","",""
"20260323-163418Z","discovered_download","mixed","discovered","https://officeprotocoldocs-f5hpbjgea6b8gneq.b02.azurefd.net/files/MS-OWEXML/%5bMS-OWEXML%5d-150904.pdf","","download_artifact","excluded_historical","Historical revision artifact (latest/current prioritized).","","",""
"20260323-163418Z","discovered_download","mixed","discovered","https://officeprotocoldocs-f5hpbjgea6b8gneq.b02.azurefd.net/files/MS-OWEXML/%5bMS-OWEXML%5d-160715.docx","","download_artifact","excluded_historical","Historical revision artifact (latest/current prioritized).","","",""
"20260323-163418Z","discovered_download","mixed","discovered","https://officeprotocoldocs-f5hpbjgea6b8gneq.b02.azurefd.net/files/MS-OWEXML/%5bMS-OWEXML%5d-160715.pdf","","download_artifact","excluded_historical","Historical revision artifact (latest/current prioritized).","","",""
"20260323-163418Z","discovered_download","mixed","discovered","https://officeprotocoldocs-f5hpbjgea6b8gneq.b02.azurefd.net/files/MS-OWEXML/%5bMS-OWEXML%5d-160914.docx","","download_artifact","excluded_historical","Historical revision artifact (latest/current prioritized).","","",""
"20260323-163418Z","discovered_download","mixed","discovered","https://officeprotocoldocs-f5hpbjgea6b8gneq.b02.azurefd.net/files/MS-OWEXML/%5bMS-OWEXML%5d-160914.pdf","","download_artifact","excluded_historical","Historical revision artifact (latest/current prioritized).","","",""
"20260323-163418Z","discovered_download","mixed","discovered","https://officeprotocoldocs-f5hpbjgea6b8gneq.b02.azurefd.net/files/MS-OWEXML/%5bMS-OWEXML%5d-170418.docx","","download_artifact","excluded_historical","Historical revision artifact (latest/current prioritized).","","",""
"20260323-163418Z","discovered_download","mixed","discovered","https://officeprotocoldocs-f5hpbjgea6b8gneq.b02.azurefd.net/files/MS-OWEXML/%5bMS-OWEXML%5d-170418.pdf","","download_artifact","excluded_historical","Historical revision artifact (latest/current prioritized).","","",""
"20260323-163418Z","discovered_download","mixed","discovered","https://officeprotocoldocs-f5hpbjgea6b8gneq.b02.azurefd.net/files/MS-OWEXML/%5bMS-OWEXML%5d-180427.docx","","download_artifact","excluded_historical","Historical revision artifact (latest/current prioritized).","","",""
"20260323-163418Z","discovered_download","mixed","discovered","https://officeprotocoldocs-f5hpbjgea6b8gneq.b02.azurefd.net/files/MS-OWEXML/%5bMS-OWEXML%5d-180427.pdf","","download_artifact","excluded_historical","Historical revision artifact (latest/current prioritized).","","",""
"20260323-163418Z","discovered_download","mixed","discovered","https://officeprotocoldocs-f5hpbjgea6b8gneq.b02.azurefd.net/files/MS-OWEXML/%5bMS-OWEXML%5d-180828.docx","","download_artifact","excluded_historical","Historical revision artifact (latest/current prioritized).","","",""
"20260323-163418Z","discovered_download","mixed","discovered","https://officeprotocoldocs-f5hpbjgea6b8gneq.b02.azurefd.net/files/MS-OWEXML/%5bMS-OWEXML%5d-180828.pdf","","download_artifact","excluded_historical","Historical revision artifact (latest/current prioritized).","","",""
"20260323-163418Z","discovered_download","mixed","discovered","https://officeprotocoldocs-f5hpbjgea6b8gneq.b02.azurefd.net/files/MS-OWEXML/%5bMS-OWEXML%5d-181211.docx","","download_artifact","excluded_historical","Historical revision artifact (latest/current prioritized).","","",""
"20260323-163418Z","discovered_download","mixed","discovered","https://officeprotocoldocs-f5hpbjgea6b8gneq.b02.azurefd.net/files/MS-OWEXML/%5bMS-OWEXML%5d-181211.pdf","","download_artifact","excluded_historical","Historical revision artifact (latest/current prioritized).","","",""
"20260323-163418Z","discovered_download","mixed","discovered","https://officeprotocoldocs-f5hpbjgea6b8gneq.b02.azurefd.net/files/MS-OWEXML/%5bMS-OWEXML%5d-190319.docx","","download_artifact","excluded_historical","Historical revision artifact (latest/current prioritized).","","",""
"20260323-163418Z","discovered_download","mixed","discovered","https://officeprotocoldocs-f5hpbjgea6b8gneq.b02.azurefd.net/files/MS-OWEXML/%5bMS-OWEXML%5d-190319.pdf","","download_artifact","excluded_historical","Historical revision artifact (latest/current prioritized).","","",""
"20260323-163418Z","discovered_download","mixed","discovered","https://officeprotocoldocs-f5hpbjgea6b8gneq.b02.azurefd.net/files/MS-OWEXML/%5bMS-OWEXML%5d-191119.docx","","download_artifact","excluded_historical","Historical revision artifact (latest/current prioritized).","","",""
"20260323-163418Z","discovered_download","mixed","discovered","https://officeprotocoldocs-f5hpbjgea6b8gneq.b02.azurefd.net/files/MS-OWEXML/%5bMS-OWEXML%5d-191119.pdf","","download_artifact","excluded_historical","Historical revision artifact (latest/current prioritized).","","",""
"20260323-163418Z","discovered_download","mixed","discovered","https://officeprotocoldocs-f5hpbjgea6b8gneq.b02.azurefd.net/files/MS-OWEXML/%5bMS-OWEXML%5d-200219.docx","","download_artifact","excluded_historical","Historical revision artifact (latest/current prioritized).","","",""
"20260323-163418Z","discovered_download","mixed","discovered","https://officeprotocoldocs-f5hpbjgea6b8gneq.b02.azurefd.net/files/MS-OWEXML/%5bMS-OWEXML%5d-200219.pdf","","download_artifact","excluded_historical","Historical revision artifact (latest/current prioritized).","","",""
"20260323-163418Z","discovered_download","mixed","discovered","https://officeprotocoldocs-f5hpbjgea6b8gneq.b02.azurefd.net/files/MS-OWEXML/%5bMS-OWEXML%5d-210422.docx","","download_artifact","excluded_historical","Historical revision artifact (latest/current prioritized).","","",""
"20260323-163418Z","discovered_download","mixed","discovered","https://officeprotocoldocs-f5hpbjgea6b8gneq.b02.azurefd.net/files/MS-OWEXML/%5bMS-OWEXML%5d-210422.pdf","","download_artifact","excluded_historical","Historical revision artifact (latest/current prioritized).","","",""
"20260323-163418Z","discovered_download","mixed","discovered","https://officeprotocoldocs-f5hpbjgea6b8gneq.b02.azurefd.net/files/MS-OWEXML/%5bMS-OWEXML%5d-210505.docx","","download_artifact","excluded_historical","Historical revision artifact (latest/current prioritized).","","",""
"20260323-163418Z","discovered_download","mixed","discovered","https://officeprotocoldocs-f5hpbjgea6b8gneq.b02.azurefd.net/files/MS-OWEXML/%5bMS-OWEXML%5d-210505.pdf","","download_artifact","excluded_historical","Historical revision artifact (latest/current prioritized).","","",""
"20260323-163418Z","discovered_download","mixed","discovered","https://officeprotocoldocs-f5hpbjgea6b8gneq.b02.azurefd.net/files/MS-OWEXML/%5bMS-OWEXML%5d-210817.docx","","download_artifact","excluded_historical","Historical revision artifact (latest/current prioritized).","","",""
"20260323-163418Z","discovered_download","mixed","discovered","https://officeprotocoldocs-f5hpbjgea6b8gneq.b02.azurefd.net/files/MS-OWEXML/%5bMS-OWEXML%5d-210817.pdf","","download_artifact","excluded_historical","Historical revision artifact (latest/current prioritized).","","",""
"20260323-163418Z","discovered_download","mixed","discovered","https://officeprotocoldocs-f5hpbjgea6b8gneq.b02.azurefd.net/files/MS-OWEXML/%5bMS-OWEXML%5d-240416.docx","","download_artifact","excluded_historical","Historical revision artifact (latest/current prioritized).","","",""
"20260323-163418Z","discovered_download","mixed","discovered","https://officeprotocoldocs-f5hpbjgea6b8gneq.b02.azurefd.net/files/MS-PPTX/%5bMS-PPTX%5d-120120.pdf","","download_artifact","excluded_historical","Historical revision artifact (latest/current prioritized).","","",""
"20260323-163418Z","discovered_download","mixed","discovered","https://officeprotocoldocs-f5hpbjgea6b8gneq.b02.azurefd.net/files/MS-PPTX/%5bMS-PPTX%5d-120411.pdf","","download_artifact","excluded_historical","Historical revision artifact (latest/current prioritized).","","",""
"20260323-163418Z","discovered_download","mixed","discovered","https://officeprotocoldocs-f5hpbjgea6b8gneq.b02.azurefd.net/files/MS-PPTX/%5bMS-PPTX%5d-120716.pdf","","download_artifact","excluded_historical","Historical revision artifact (latest/current prioritized).","","",""
"20260323-163418Z","discovered_download","mixed","discovered","https://officeprotocoldocs-f5hpbjgea6b8gneq.b02.azurefd.net/files/MS-PPTX/%5bMS-PPTX%5d-121008.pdf","","download_artifact","excluded_historical","Historical revision artifact (latest/current prioritized).","","",""
"20260323-163418Z","discovered_download","mixed","discovered","https://officeprotocoldocs-f5hpbjgea6b8gneq.b02.azurefd.net/files/MS-PPTX/%5bMS-PPTX%5d-130211.pdf","","download_artifact","excluded_historical","Historical revision artifact (latest/current prioritized).","","",""
"20260323-163418Z","discovered_download","mixed","discovered","https://officeprotocoldocs-f5hpbjgea6b8gneq.b02.azurefd.net/files/MS-PPTX/%5bMS-PPTX%5d-130730.pdf","","download_artifact","excluded_historical","Historical revision artifact (latest/current prioritized).","","",""
"20260323-163418Z","discovered_download","mixed","discovered","https://officeprotocoldocs-f5hpbjgea6b8gneq.b02.azurefd.net/files/MS-PPTX/%5bMS-PPTX%5d-131118.pdf","","download_artifact","excluded_historical","Historical revision artifact (latest/current prioritized).","","",""
"20260323-163418Z","discovered_download","mixed","discovered","https://officeprotocoldocs-f5hpbjgea6b8gneq.b02.azurefd.net/files/MS-PPTX/%5bMS-PPTX%5d-140210.pdf","","download_artifact","excluded_historical","Historical revision artifact (latest/current prioritized).","","",""
"20260323-163418Z","discovered_download","mixed","discovered","https://officeprotocoldocs-f5hpbjgea6b8gneq.b02.azurefd.net/files/MS-PPTX/%5bMS-PPTX%5d-140430.pdf","","download_artifact","excluded_historical","Historical revision artifact (latest/current prioritized).","","",""
"20260323-163418Z","discovered_download","mixed","discovered","https://officeprotocoldocs-f5hpbjgea6b8gneq.b02.azurefd.net/files/MS-PPTX/%5bMS-PPTX%5d-140731.pdf","","download_artifact","excluded_historical","Historical revision artifact (latest/current prioritized).","","",""
"20260323-163418Z","discovered_download","mixed","discovered","https://officeprotocoldocs-f5hpbjgea6b8gneq.b02.azurefd.net/files/MS-PPTX/%5bMS-PPTX%5d-141030.pdf","","download_artifact","excluded_historical","Historical revision artifact (latest/current prioritized).","","",""
"20260323-163418Z","discovered_download","mixed","discovered","https://officeprotocoldocs-f5hpbjgea6b8gneq.b02.azurefd.net/files/MS-PPTX/%5bMS-PPTX%5d-150210.docx","","download_artifact","excluded_historical","Historical revision artifact (latest/current prioritized).","","",""
"20260323-163418Z","discovered_download","mixed","discovered","https://officeprotocoldocs-f5hpbjgea6b8gneq.b02.azurefd.net/files/MS-PPTX/%5bMS-PPTX%5d-150210.pdf","","download_artifact","excluded_historical","Historical revision artifact (latest/current prioritized).","","",""
"20260323-163418Z","discovered_download","mixed","discovered","https://officeprotocoldocs-f5hpbjgea6b8gneq.b02.azurefd.net/files/MS-PPTX/%5bMS-PPTX%5d-150316.docx","","download_artifact","excluded_historical","Historical revision artifact (latest/current prioritized).","","",""
"20260323-163418Z","discovered_download","mixed","discovered","https://officeprotocoldocs-f5hpbjgea6b8gneq.b02.azurefd.net/files/MS-PPTX/%5bMS-PPTX%5d-150316.pdf","","download_artifact","excluded_historical","Historical revision artifact (latest/current prioritized).","","",""
"20260323-163418Z","discovered_download","mixed","discovered","https://officeprotocoldocs-f5hpbjgea6b8gneq.b02.azurefd.net/files/MS-PPTX/%5bMS-PPTX%5d-150904.docx","","download_artifact","excluded_historical","Historical revision artifact (latest/current prioritized).","","",""
"20260323-163418Z","discovered_download","mixed","discovered","https://officeprotocoldocs-f5hpbjgea6b8gneq.b02.azurefd.net/files/MS-PPTX/%5bMS-PPTX%5d-150904.pdf","","download_artifact","excluded_historical","Historical revision artifact (latest/current prioritized).","","",""
"20260323-163418Z","discovered_download","mixed","discovered","https://officeprotocoldocs-f5hpbjgea6b8gneq.b02.azurefd.net/files/MS-PPTX/%5bMS-PPTX%5d-151026.pdf","","download_artifact","excluded_historical","Historical revision artifact (latest/current prioritized).","","",""
"20260323-163418Z","discovered_download","mixed","discovered","https://officeprotocoldocs-f5hpbjgea6b8gneq.b02.azurefd.net/files/MS-PPTX/%5bMS-PPTX%5d-160726.docx","","download_artifact","excluded_historical","Historical revision artifact (latest/current prioritized).","","",""
"20260323-163418Z","discovered_download","mixed","discovered","https://officeprotocoldocs-f5hpbjgea6b8gneq.b02.azurefd.net/files/MS-PPTX/%5bMS-PPTX%5d-160726.pdf","","download_artifact","excluded_historical","Historical revision artifact (latest/current prioritized).","","",""
"20260323-163418Z","discovered_download","mixed","discovered","https://officeprotocoldocs-f5hpbjgea6b8gneq.b02.azurefd.net/files/MS-PPTX/%5bMS-PPTX%5d-160914.docx","","download_artifact","excluded_historical","Historical revision artifact (latest/current prioritized).","","",""
"20260323-163418Z","discovered_download","mixed","discovered","https://officeprotocoldocs-f5hpbjgea6b8gneq.b02.azurefd.net/files/MS-PPTX/%5bMS-PPTX%5d-160914.pdf","","download_artifact","excluded_historical","Historical revision artifact (latest/current prioritized).","","",""
"20260323-163418Z","discovered_download","mixed","discovered","https://officeprotocoldocs-f5hpbjgea6b8gneq.b02.azurefd.net/files/MS-PPTX/%5bMS-PPTX%5d-160929.docx","","download_artifact","excluded_historical","Historical revision artifact (latest/current prioritized).","","",""
"20260323-163418Z","discovered_download","mixed","discovered","https://officeprotocoldocs-f5hpbjgea6b8gneq.b02.azurefd.net/files/MS-PPTX/%5bMS-PPTX%5d-160929.pdf","","download_artifact","excluded_historical","Historical revision artifact (latest/current prioritized).","","",""
"20260323-163418Z","discovered_download","mixed","discovered","https://officeprotocoldocs-f5hpbjgea6b8gneq.b02.azurefd.net/files/MS-PPTX/%5bMS-PPTX%5d-161017.docx","","download_artifact","excluded_historical","Historical revision artifact (latest/current prioritized).","","",""
"20260323-163418Z","discovered_download","mixed","discovered","https://officeprotocoldocs-f5hpbjgea6b8gneq.b02.azurefd.net/files/MS-PPTX/%5bMS-PPTX%5d-161017.pdf","","download_artifact","excluded_historical","Historical revision artifact (latest/current prioritized).","","",""
"20260323-163418Z","discovered_download","mixed","discovered","https://officeprotocoldocs-f5hpbjgea6b8gneq.b02.azurefd.net/files/MS-PPTX/%5bMS-PPTX%5d-170427.docx","","download_artifact","excluded_historical","Historical revision artifact (latest/current prioritized).","","",""
"20260323-163418Z","discovered_download","mixed","discovered","https://officeprotocoldocs-f5hpbjgea6b8gneq.b02.azurefd.net/files/MS-PPTX/%5bMS-PPTX%5d-170427.pdf","","download_artifact","excluded_historical","Historical revision artifact (latest/current prioritized).","","",""
"20260323-163418Z","discovered_download","mixed","discovered","https://officeprotocoldocs-f5hpbjgea6b8gneq.b02.azurefd.net/files/MS-PPTX/%5bMS-PPTX%5d-170620.docx","","download_artifact","excluded_historical","Historical revision artifact (latest/current prioritized).","","",""
"20260323-163418Z","discovered_download","mixed","discovered","https://officeprotocoldocs-f5hpbjgea6b8gneq.b02.azurefd.net/files/MS-PPTX/%5bMS-PPTX%5d-170620.pdf","","download_artifact","excluded_historical","Historical revision artifact (latest/current prioritized).","","",""
"20260323-163418Z","discovered_download","mixed","discovered","https://officeprotocoldocs-f5hpbjgea6b8gneq.b02.azurefd.net/files/MS-PPTX/%5bMS-PPTX%5d-170919.docx","","download_artifact","excluded_historical","Historical revision artifact (latest/current prioritized).","","",""
"20260323-163418Z","discovered_download","mixed","discovered","https://officeprotocoldocs-f5hpbjgea6b8gneq.b02.azurefd.net/files/MS-PPTX/%5bMS-PPTX%5d-170919.pdf","","download_artifact","excluded_historical","Historical revision artifact (latest/current prioritized).","","",""
"20260323-163418Z","discovered_download","mixed","discovered","https://officeprotocoldocs-f5hpbjgea6b8gneq.b02.azurefd.net/files/MS-PPTX/%5bMS-PPTX%5d-171120.docx","","download_artifact","excluded_historical","Historical revision artifact (latest/current prioritized).","","",""
"20260323-163418Z","discovered_download","mixed","discovered","https://officeprotocoldocs-f5hpbjgea6b8gneq.b02.azurefd.net/files/MS-PPTX/%5bMS-PPTX%5d-171120.pdf","","download_artifact","excluded_historical","Historical revision artifact (latest/current prioritized).","","",""
"20260323-163418Z","discovered_download","mixed","discovered","https://officeprotocoldocs-f5hpbjgea6b8gneq.b02.azurefd.net/files/MS-PPTX/%5bMS-PPTX%5d-171212.docx","","download_artifact","excluded_historical","Historical revision artifact (latest/current prioritized).","","",""
"20260323-163418Z","discovered_download","mixed","discovered","https://officeprotocoldocs-f5hpbjgea6b8gneq.b02.azurefd.net/files/MS-PPTX/%5bMS-PPTX%5d-171212.pdf","","download_artifact","excluded_historical","Historical revision artifact (latest/current prioritized).","","",""
"20260323-163418Z","discovered_download","mixed","discovered","https://officeprotocoldocs-f5hpbjgea6b8gneq.b02.azurefd.net/files/MS-PPTX/%5bMS-PPTX%5d-180427.docx","","download_artifact","excluded_historical","Historical revision artifact (latest/current prioritized).","","",""
"20260323-163418Z","discovered_download","mixed","discovered","https://officeprotocoldocs-f5hpbjgea6b8gneq.b02.azurefd.net/files/MS-PPTX/%5bMS-PPTX%5d-180427.pdf","","download_artifact","excluded_historical","Historical revision artifact (latest/current prioritized).","","",""
"20260323-163418Z","discovered_download","mixed","discovered","https://officeprotocoldocs-f5hpbjgea6b8gneq.b02.azurefd.net/files/MS-PPTX/%5bMS-PPTX%5d-180828.docx","","download_artifact","excluded_historical","Historical revision artifact (latest/current prioritized).","","",""
"20260323-163418Z","discovered_download","mixed","discovered","https://officeprotocoldocs-f5hpbjgea6b8gneq.b02.azurefd.net/files/MS-PPTX/%5bMS-PPTX%5d-180828.pdf","","download_artifact","excluded_historical","Historical revision artifact (latest/current prioritized).","","",""
"20260323-163418Z","discovered_download","mixed","discovered","https://officeprotocoldocs-f5hpbjgea6b8gneq.b02.azurefd.net/files/MS-PPTX/%5bMS-PPTX%5d-181211.docx","","download_artifact","excluded_historical","Historical revision artifact (latest/current prioritized).","","",""
"20260323-163418Z","discovered_download","mixed","discovered","https://officeprotocoldocs-f5hpbjgea6b8gneq.b02.azurefd.net/files/MS-PPTX/%5bMS-PPTX%5d-181211.pdf","","download_artifact","excluded_historical","Historical revision artifact (latest/current prioritized).","","",""
"20260323-163418Z","discovered_download","mixed","discovered","https://officeprotocoldocs-f5hpbjgea6b8gneq.b02.azurefd.net/files/MS-PPTX/%5bMS-PPTX%5d-190618.docx","","download_artifact","excluded_historical","Historical revision artifact (latest/current prioritized).","","",""
"20260323-163418Z","discovered_download","mixed","discovered","https://officeprotocoldocs-f5hpbjgea6b8gneq.b02.azurefd.net/files/MS-PPTX/%5bMS-PPTX%5d-190618.pdf","","download_artifact","excluded_historical","Historical revision artifact (latest/current prioritized).","","",""
"20260323-163418Z","discovered_download","mixed","discovered","https://officeprotocoldocs-f5hpbjgea6b8gneq.b02.azurefd.net/files/MS-PPTX/%5bMS-PPTX%5d-200226.docx","","download_artifact","excluded_historical","Historical revision artifact (latest/current prioritized).","","",""
"20260323-163418Z","discovered_download","mixed","discovered","https://officeprotocoldocs-f5hpbjgea6b8gneq.b02.azurefd.net/files/MS-PPTX/%5bMS-PPTX%5d-200226.pdf","","download_artifact","excluded_historical","Historical revision artifact (latest/current prioritized).","","",""
"20260323-163418Z","discovered_download","mixed","discovered","https://officeprotocoldocs-f5hpbjgea6b8gneq.b02.azurefd.net/files/MS-PPTX/%5bMS-PPTX%5d-201117.docx","","download_artifact","excluded_historical","Historical revision artifact (latest/current prioritized).","","",""
"20260323-163418Z","discovered_download","mixed","discovered","https://officeprotocoldocs-f5hpbjgea6b8gneq.b02.azurefd.net/files/MS-PPTX/%5bMS-PPTX%5d-201117.pdf","","download_artifact","excluded_historical","Historical revision artifact (latest/current prioritized).","","",""
"20260323-163418Z","discovered_download","mixed","discovered","https://officeprotocoldocs-f5hpbjgea6b8gneq.b02.azurefd.net/files/MS-PPTX/%5bMS-PPTX%5d-210422.docx","","download_artifact","excluded_historical","Historical revision artifact (latest/current prioritized).","","",""
"20260323-163418Z","discovered_download","mixed","discovered","https://officeprotocoldocs-f5hpbjgea6b8gneq.b02.azurefd.net/files/MS-PPTX/%5bMS-PPTX%5d-210422.pdf","","download_artifact","excluded_historical","Historical revision artifact (latest/current prioritized).","","",""
"20260323-163418Z","discovered_download","mixed","discovered","https://officeprotocoldocs-f5hpbjgea6b8gneq.b02.azurefd.net/files/MS-PPTX/%5bMS-PPTX%5d-210817.docx","","download_artifact","excluded_historical","Historical revision artifact (latest/current prioritized).","","",""
"20260323-163418Z","discovered_download","mixed","discovered","https://officeprotocoldocs-f5hpbjgea6b8gneq.b02.azurefd.net/files/MS-PPTX/%5bMS-PPTX%5d-210817.pdf","","download_artifact","excluded_historical","Historical revision artifact (latest/current prioritized).","","",""
"20260323-163418Z","discovered_download","mixed","discovered","https://officeprotocoldocs-f5hpbjgea6b8gneq.b02.azurefd.net/files/MS-PPTX/%5bMS-PPTX%5d-211116.docx","","download_artifact","excluded_historical","Historical revision artifact (latest/current prioritized).","","",""
"20260323-163418Z","discovered_download","mixed","discovered","https://officeprotocoldocs-f5hpbjgea6b8gneq.b02.azurefd.net/files/MS-PPTX/%5bMS-PPTX%5d-211116.pdf","","download_artifact","excluded_historical","Historical revision artifact (latest/current prioritized).","","",""
"20260323-163418Z","discovered_download","mixed","discovered","https://officeprotocoldocs-f5hpbjgea6b8gneq.b02.azurefd.net/files/MS-PPTX/%5bMS-PPTX%5d-220215.docx","","download_artifact","excluded_historical","Historical revision artifact (latest/current prioritized).","","",""
"20260323-163418Z","discovered_download","mixed","discovered","https://officeprotocoldocs-f5hpbjgea6b8gneq.b02.azurefd.net/files/MS-PPTX/%5bMS-PPTX%5d-220215.pdf","","download_artifact","excluded_historical","Historical revision artifact (latest/current prioritized).","","",""
"20260323-163418Z","discovered_download","mixed","discovered","https://officeprotocoldocs-f5hpbjgea6b8gneq.b02.azurefd.net/files/MS-PPTX/%5bMS-PPTX%5d-221118.docx","","download_artifact","excluded_historical","Historical revision artifact (latest/current prioritized).","","",""
"20260323-163418Z","discovered_download","mixed","discovered","https://officeprotocoldocs-f5hpbjgea6b8gneq.b02.azurefd.net/files/MS-PPTX/%5bMS-PPTX%5d-221118.pdf","","download_artifact","excluded_historical","Historical revision artifact (latest/current prioritized).","","",""
"20260323-163418Z","discovered_download","mixed","discovered","https://officeprotocoldocs-f5hpbjgea6b8gneq.b02.azurefd.net/files/MS-PPTX/%5bMS-PPTX%5d-230309.docx","","download_artifact","excluded_historical","Historical revision artifact (latest/current prioritized).","","",""
"20260323-163418Z","discovered_download","mixed","discovered","https://officeprotocoldocs-f5hpbjgea6b8gneq.b02.azurefd.net/files/MS-PPTX/%5bMS-PPTX%5d-230309.pdf","","download_artifact","excluded_historical","Historical revision artifact (latest/current prioritized).","","",""
"20260323-163418Z","discovered_download","mixed","discovered","https://officeprotocoldocs-f5hpbjgea6b8gneq.b02.azurefd.net/files/MS-PPTX/%5bMS-PPTX%5d-230516.docx","","download_artifact","excluded_historical","Historical revision artifact (latest/current prioritized).","","",""
"20260323-163418Z","discovered_download","mixed","discovered","https://officeprotocoldocs-f5hpbjgea6b8gneq.b02.azurefd.net/files/MS-PPTX/%5bMS-PPTX%5d-230516.pdf","","download_artifact","excluded_historical","Historical revision artifact (latest/current prioritized).","","",""
"20260323-163418Z","discovered_download","mixed","discovered","https://officeprotocoldocs-f5hpbjgea6b8gneq.b02.azurefd.net/files/MS-PPTX/%5bMS-PPTX%5d-230628.docx","","download_artifact","excluded_historical","Historical revision artifact (latest/current prioritized).","","",""
"20260323-163418Z","discovered_download","mixed","discovered","https://officeprotocoldocs-f5hpbjgea6b8gneq.b02.azurefd.net/files/MS-PPTX/%5bMS-PPTX%5d-230628.pdf","","download_artifact","excluded_historical","Historical revision artifact (latest/current prioritized).","","",""
"20260323-163418Z","discovered_download","mixed","discovered","https://officeprotocoldocs-f5hpbjgea6b8gneq.b02.azurefd.net/files/MS-PPTX/%5bMS-PPTX%5d-230815.docx","","download_artifact","excluded_historical","Historical revision artifact (latest/current prioritized).","","",""
"20260323-163418Z","discovered_download","mixed","discovered","https://officeprotocoldocs-f5hpbjgea6b8gneq.b02.azurefd.net/files/MS-PPTX/%5bMS-PPTX%5d-230815.pdf","","download_artifact","excluded_historical","Historical revision artifact (latest/current prioritized).","","",""
"20260323-163418Z","discovered_download","mixed","discovered","https://officeprotocoldocs-f5hpbjgea6b8gneq.b02.azurefd.net/files/MS-PPTX/%5bMS-PPTX%5d-231113.docx","","download_artifact","excluded_historical","Historical revision artifact (latest/current prioritized).","","",""
"20260323-163418Z","discovered_download","mixed","discovered","https://officeprotocoldocs-f5hpbjgea6b8gneq.b02.azurefd.net/files/MS-PPTX/%5bMS-PPTX%5d-231113.pdf","","download_artifact","excluded_historical","Historical revision artifact (latest/current prioritized).","","",""
"20260323-163418Z","discovered_download","mixed","discovered","https://officeprotocoldocs-f5hpbjgea6b8gneq.b02.azurefd.net/files/MS-PPTX/%5bMS-PPTX%5d-240220.docx","","download_artifact","excluded_historical","Historical revision artifact (latest/current prioritized).","","",""
"20260323-163418Z","discovered_download","mixed","discovered","https://officeprotocoldocs-f5hpbjgea6b8gneq.b02.azurefd.net/files/MS-PPTX/%5bMS-PPTX%5d-240220.pdf","","download_artifact","excluded_historical","Historical revision artifact (latest/current prioritized).","","",""
"20260323-163418Z","discovered_download","mixed","discovered","https://officeprotocoldocs-f5hpbjgea6b8gneq.b02.azurefd.net/files/MS-PPTX/%5bMS-PPTX%5d-240416.docx","","download_artifact","excluded_historical","Historical revision artifact (latest/current prioritized).","","",""
"20260323-163418Z","discovered_download","mixed","discovered","https://officeprotocoldocs-f5hpbjgea6b8gneq.b02.azurefd.net/files/MS-VBAL/%5bMS-VBAL%5d-140430.pdf","","download_artifact","excluded_historical","Historical revision artifact (latest/current prioritized).","","",""
"20260323-163418Z","discovered_download","mixed","discovered","https://officeprotocoldocs-f5hpbjgea6b8gneq.b02.azurefd.net/files/MS-VBAL/%5bMS-VBAL%5d-161215.docx","","download_artifact","excluded_historical","Historical revision artifact (latest/current prioritized).","","",""
"20260323-163418Z","discovered_download","mixed","discovered","https://officeprotocoldocs-f5hpbjgea6b8gneq.b02.azurefd.net/files/MS-VBAL/%5bMS-VBAL%5d-161215.pdf","","download_artifact","excluded_historical","Historical revision artifact (latest/current prioritized).","","",""
"20260323-163418Z","discovered_download","mixed","discovered","https://officeprotocoldocs-f5hpbjgea6b8gneq.b02.azurefd.net/files/MS-VBAL/%5bMS-VBAL%5d-190618.docx","","download_artifact","excluded_historical","Historical revision artifact (latest/current prioritized).","","",""
"20260323-163418Z","discovered_download","mixed","discovered","https://officeprotocoldocs-f5hpbjgea6b8gneq.b02.azurefd.net/files/MS-VBAL/%5bMS-VBAL%5d-190618.pdf","","download_artifact","excluded_historical","Historical revision artifact (latest/current prioritized).","","",""
"20260323-163418Z","discovered_download","mixed","discovered","https://officeprotocoldocs-f5hpbjgea6b8gneq.b02.azurefd.net/files/MS-VBAL/%5bMS-VBAL%5d-190924.docx","","download_artifact","excluded_historical","Historical revision artifact (latest/current prioritized).","","",""
"20260323-163418Z","discovered_download","mixed","discovered","https://officeprotocoldocs-f5hpbjgea6b8gneq.b02.azurefd.net/files/MS-VBAL/%5bMS-VBAL%5d-190924.pdf","","download_artifact","excluded_historical","Historical revision artifact (latest/current prioritized).","","",""
"20260323-163418Z","discovered_download","mixed","discovered","https://officeprotocoldocs-f5hpbjgea6b8gneq.b02.azurefd.net/files/MS-VBAL/%5bMS-VBAL%5d-200818.docx","","download_artifact","excluded_historical","Historical revision artifact (latest/current prioritized).","","",""
"20260323-163418Z","discovered_download","mixed","discovered","https://officeprotocoldocs-f5hpbjgea6b8gneq.b02.azurefd.net/files/MS-VBAL/%5bMS-VBAL%5d-200818.pdf","","download_artifact","excluded_historical","Historical revision artifact (latest/current prioritized).","","",""
"20260323-163418Z","discovered_download","mixed","discovered","https://officeprotocoldocs-f5hpbjgea6b8gneq.b02.azurefd.net/files/MS-VBAL/%5bMS-VBAL%5d-201117.docx","","download_artifact","excluded_historical","Historical revision artifact (latest/current prioritized).","","",""
"20260323-163418Z","discovered_download","mixed","discovered","https://officeprotocoldocs-f5hpbjgea6b8gneq.b02.azurefd.net/files/MS-VBAL/%5bMS-VBAL%5d-201117.pdf","","download_artifact","excluded_historical","Historical revision artifact (latest/current prioritized).","","",""
"20260323-163418Z","discovered_download","mixed","discovered","https://officeprotocoldocs-f5hpbjgea6b8gneq.b02.azurefd.net/files/MS-VBAL/%5bMS-VBAL%5d-210216.docx","","download_artifact","excluded_historical","Historical revision artifact (latest/current prioritized).","","",""
"20260323-163418Z","discovered_download","mixed","discovered","https://officeprotocoldocs-f5hpbjgea6b8gneq.b02.azurefd.net/files/MS-VBAL/%5bMS-VBAL%5d-210216.pdf","","download_artifact","excluded_historical","Historical revision artifact (latest/current prioritized).","","",""
"20260323-163418Z","discovered_download","mixed","discovered","https://officeprotocoldocs-f5hpbjgea6b8gneq.b02.azurefd.net/files/MS-VBAL/%5bMS-VBAL%5d-240220.docx","","download_artifact","excluded_historical","Historical revision artifact (latest/current prioritized).","","",""
"20260323-163418Z","discovered_download","mixed","discovered","https://officeprotocoldocs-f5hpbjgea6b8gneq.b02.azurefd.net/files/MS-VBAL/%5bMS-VBAL%5d-240220.pdf","","download_artifact","excluded_historical","Historical revision artifact (latest/current prioritized).","","",""
"20260323-163418Z","discovered_download","mixed","discovered","https://officeprotocoldocs-f5hpbjgea6b8gneq.b02.azurefd.net/files/MS-VBAL/%5bMS-VBAL%5d-240416.docx","","download_artifact","excluded_historical","Historical revision artifact (latest/current prioritized).","","",""
"20260323-163418Z","discovered_download","mixed","discovered","https://officeprotocoldocs-f5hpbjgea6b8gneq.b02.azurefd.net/files/MS-VBAL/%5bMS-VBAL%5d-240416.pdf","","download_artifact","excluded_historical","Historical revision artifact (latest/current prioritized).","","",""
"20260323-163418Z","discovered_download","mixed","discovered","https://officeprotocoldocs-f5hpbjgea6b8gneq.b02.azurefd.net/files/MS-VBAL/%5bMS-VBAL%5d-240521.docx","","download_artifact","excluded_historical","Historical revision artifact (latest/current prioritized).","","",""
"20260323-163418Z","discovered_download","mixed","discovered","https://officeprotocoldocs-f5hpbjgea6b8gneq.b02.azurefd.net/files/MS-VBAL/%5bMS-VBAL%5d-240521.pdf","","download_artifact","excluded_historical","Historical revision artifact (latest/current prioritized).","","",""
"20260323-163418Z","discovered_download","mixed","discovered","https://officeprotocoldocs-f5hpbjgea6b8gneq.b02.azurefd.net/files/MS-VBAL/%5bMS-VBAL%5d-241112.docx","","download_artifact","excluded_historical","Historical revision artifact (latest/current prioritized).","","",""
"20260323-163418Z","discovered_download","mixed","discovered","https://officeprotocoldocs-f5hpbjgea6b8gneq.b02.azurefd.net/files/MS-VBAL/%5bMS-VBAL%5d-241112.pdf","","download_artifact","excluded_historical","Historical revision artifact (latest/current prioritized).","","",""
"20260323-163418Z","discovered_download","mixed","discovered","https://officeprotocoldocs-f5hpbjgea6b8gneq.b02.azurefd.net/files/MS-VBAL/%5bMS-VBAL%5d-250218.docx","","download_artifact","excluded_historical","Historical revision artifact (latest/current prioritized).","","",""
"20260323-163418Z","discovered_download","mixed","discovered","https://officeprotocoldocs-f5hpbjgea6b8gneq.b02.azurefd.net/files/MS-XLS/%5bMS-XLS%5d-120120.pdf","","download_artifact","excluded_historical","Historical revision artifact (latest/current prioritized).","","",""
"20260323-163418Z","discovered_download","mixed","discovered","https://officeprotocoldocs-f5hpbjgea6b8gneq.b02.azurefd.net/files/MS-XLS/%5bMS-XLS%5d-120411.pdf","","download_artifact","excluded_historical","Historical revision artifact (latest/current prioritized).","","",""
"20260323-163418Z","discovered_download","mixed","discovered","https://officeprotocoldocs-f5hpbjgea6b8gneq.b02.azurefd.net/files/MS-XLS/%5bMS-XLS%5d-120716.pdf","","download_artifact","excluded_historical","Historical revision artifact (latest/current prioritized).","","",""
"20260323-163418Z","discovered_download","mixed","discovered","https://officeprotocoldocs-f5hpbjgea6b8gneq.b02.azurefd.net/files/MS-XLS/%5bMS-XLS%5d-121008.pdf","","download_artifact","excluded_historical","Historical revision artifact (latest/current prioritized).","","",""
"20260323-163418Z","discovered_download","mixed","discovered","https://officeprotocoldocs-f5hpbjgea6b8gneq.b02.azurefd.net/files/MS-XLS/%5bMS-XLS%5d-130211.pdf","","download_artifact","excluded_historical","Historical revision artifact (latest/current prioritized).","","",""
"20260323-163418Z","discovered_download","mixed","discovered","https://officeprotocoldocs-f5hpbjgea6b8gneq.b02.azurefd.net/files/MS-XLS/%5bMS-XLS%5d-130730.pdf","","download_artifact","excluded_historical","Historical revision artifact (latest/current prioritized).","","",""
"20260323-163418Z","discovered_download","mixed","discovered","https://officeprotocoldocs-f5hpbjgea6b8gneq.b02.azurefd.net/files/MS-XLS/%5bMS-XLS%5d-131118.pdf","","download_artifact","excluded_historical","Historical revision artifact (latest/current prioritized).","","",""
"20260323-163418Z","discovered_download","mixed","discovered","https://officeprotocoldocs-f5hpbjgea6b8gneq.b02.azurefd.net/files/MS-XLS/%5bMS-XLS%5d-140210.pdf","","download_artifact","excluded_historical","Historical revision artifact (latest/current prioritized).","","",""
"20260323-163418Z","discovered_download","mixed","discovered","https://officeprotocoldocs-f5hpbjgea6b8gneq.b02.azurefd.net/files/MS-XLS/%5bMS-XLS%5d-140430.pdf","","download_artifact","excluded_historical","Historical revision artifact (latest/current prioritized).","","",""
"20260323-163418Z","discovered_download","mixed","discovered","https://officeprotocoldocs-f5hpbjgea6b8gneq.b02.azurefd.net/files/MS-XLS/%5bMS-XLS%5d-140731.pdf","","download_artifact","excluded_historical","Historical revision artifact (latest/current prioritized).","","",""
"20260323-163418Z","discovered_download","mixed","discovered","https://officeprotocoldocs-f5hpbjgea6b8gneq.b02.azurefd.net/files/MS-XLS/%5bMS-XLS%5d-141030.pdf","","download_artifact","excluded_historical","Historical revision artifact (latest/current prioritized).","","",""
"20260323-163418Z","discovered_download","mixed","discovered","https://officeprotocoldocs-f5hpbjgea6b8gneq.b02.azurefd.net/files/MS-XLS/%5bMS-XLS%5d-150316.docx","","download_artifact","excluded_historical","Historical revision artifact (latest/current prioritized).","","",""
"20260323-163418Z","discovered_download","mixed","discovered","https://officeprotocoldocs-f5hpbjgea6b8gneq.b02.azurefd.net/files/MS-XLS/%5bMS-XLS%5d-150316.pdf","","download_artifact","excluded_historical","Historical revision artifact (latest/current prioritized).","","",""
"20260323-163418Z","discovered_download","mixed","discovered","https://officeprotocoldocs-f5hpbjgea6b8gneq.b02.azurefd.net/files/MS-XLS/%5bMS-XLS%5d-150904.docx","","download_artifact","excluded_historical","Historical revision artifact (latest/current prioritized).","","",""
"20260323-163418Z","discovered_download","mixed","discovered","https://officeprotocoldocs-f5hpbjgea6b8gneq.b02.azurefd.net/files/MS-XLS/%5bMS-XLS%5d-150904.pdf","","download_artifact","excluded_historical","Historical revision artifact (latest/current prioritized).","","",""
"20260323-163418Z","discovered_download","mixed","discovered","https://officeprotocoldocs-f5hpbjgea6b8gneq.b02.azurefd.net/files/MS-XLS/%5bMS-XLS%5d-160715.docx","","download_artifact","excluded_historical","Historical revision artifact (latest/current prioritized).","","",""
"20260323-163418Z","discovered_download","mixed","discovered","https://officeprotocoldocs-f5hpbjgea6b8gneq.b02.azurefd.net/files/MS-XLS/%5bMS-XLS%5d-160715.pdf","","download_artifact","excluded_historical","Historical revision artifact (latest/current prioritized).","","",""
"20260323-163418Z","discovered_download","mixed","discovered","https://officeprotocoldocs-f5hpbjgea6b8gneq.b02.azurefd.net/files/MS-XLS/%5bMS-XLS%5d-160823.docx","","download_artifact","excluded_historical","Historical revision artifact (latest/current prioritized).","","",""
"20260323-163418Z","discovered_download","mixed","discovered","https://officeprotocoldocs-f5hpbjgea6b8gneq.b02.azurefd.net/files/MS-XLS/%5bMS-XLS%5d-160823.pdf","","download_artifact","excluded_historical","Historical revision artifact (latest/current prioritized).","","",""
"20260323-163418Z","discovered_download","mixed","discovered","https://officeprotocoldocs-f5hpbjgea6b8gneq.b02.azurefd.net/files/MS-XLS/%5bMS-XLS%5d-160914.docx","","download_artifact","excluded_historical","Historical revision artifact (latest/current prioritized).","","",""
"20260323-163418Z","discovered_download","mixed","discovered","https://officeprotocoldocs-f5hpbjgea6b8gneq.b02.azurefd.net/files/MS-XLS/%5bMS-XLS%5d-160914.pdf","","download_artifact","excluded_historical","Historical revision artifact (latest/current prioritized).","","",""
"20260323-163418Z","discovered_download","mixed","discovered","https://officeprotocoldocs-f5hpbjgea6b8gneq.b02.azurefd.net/files/MS-XLS/%5bMS-XLS%5d-161017.docx","","download_artifact","excluded_historical","Historical revision artifact (latest/current prioritized).","","",""
"20260323-163418Z","discovered_download","mixed","discovered","https://officeprotocoldocs-f5hpbjgea6b8gneq.b02.azurefd.net/files/MS-XLS/%5bMS-XLS%5d-161017.pdf","","download_artifact","excluded_historical","Historical revision artifact (latest/current prioritized).","","",""
"20260323-163418Z","discovered_download","mixed","discovered","https://officeprotocoldocs-f5hpbjgea6b8gneq.b02.azurefd.net/files/MS-XLS/%5bMS-XLS%5d-170620.docx","","download_artifact","excluded_historical","Historical revision artifact (latest/current prioritized).","","",""
"20260323-163418Z","discovered_download","mixed","discovered","https://officeprotocoldocs-f5hpbjgea6b8gneq.b02.azurefd.net/files/MS-XLS/%5bMS-XLS%5d-170620.pdf","","download_artifact","excluded_historical","Historical revision artifact (latest/current prioritized).","","",""
"20260323-163418Z","discovered_download","mixed","discovered","https://officeprotocoldocs-f5hpbjgea6b8gneq.b02.azurefd.net/files/MS-XLS/%5bMS-XLS%5d-170919.docx","","download_artifact","excluded_historical","Historical revision artifact (latest/current prioritized).","","",""
"20260323-163418Z","discovered_download","mixed","discovered","https://officeprotocoldocs-f5hpbjgea6b8gneq.b02.azurefd.net/files/MS-XLS/%5bMS-XLS%5d-170919.pdf","","download_artifact","excluded_historical","Historical revision artifact (latest/current prioritized).","","",""
"20260323-163418Z","discovered_download","mixed","discovered","https://officeprotocoldocs-f5hpbjgea6b8gneq.b02.azurefd.net/files/MS-XLS/%5bMS-XLS%5d-171212.docx","","download_artifact","excluded_historical","Historical revision artifact (latest/current prioritized).","","",""
"20260323-163418Z","discovered_download","mixed","discovered","https://officeprotocoldocs-f5hpbjgea6b8gneq.b02.azurefd.net/files/MS-XLS/%5bMS-XLS%5d-171212.pdf","","download_artifact","excluded_historical","Historical revision artifact (latest/current prioritized).","","",""
"20260323-163418Z","discovered_download","mixed","discovered","https://officeprotocoldocs-f5hpbjgea6b8gneq.b02.azurefd.net/files/MS-XLS/%5bMS-XLS%5d-180427.docx","","download_artifact","excluded_historical","Historical revision artifact (latest/current prioritized).","","",""
"20260323-163418Z","discovered_download","mixed","discovered","https://officeprotocoldocs-f5hpbjgea6b8gneq.b02.azurefd.net/files/MS-XLS/%5bMS-XLS%5d-180427.pdf","","download_artifact","excluded_historical","Historical revision artifact (latest/current prioritized).","","",""
"20260323-163418Z","discovered_download","mixed","discovered","https://officeprotocoldocs-f5hpbjgea6b8gneq.b02.azurefd.net/files/MS-XLS/%5bMS-XLS%5d-180828.docx","","download_artifact","excluded_historical","Historical revision artifact (latest/current prioritized).","","",""
"20260323-163418Z","discovered_download","mixed","discovered","https://officeprotocoldocs-f5hpbjgea6b8gneq.b02.azurefd.net/files/MS-XLS/%5bMS-XLS%5d-180828.pdf","","download_artifact","excluded_historical","Historical revision artifact (latest/current prioritized).","","",""
"20260323-163418Z","discovered_download","mixed","discovered","https://officeprotocoldocs-f5hpbjgea6b8gneq.b02.azurefd.net/files/MS-XLS/%5bMS-XLS%5d-181211.docx","","download_artifact","excluded_historical","Historical revision artifact (latest/current prioritized).","","",""
"20260323-163418Z","discovered_download","mixed","discovered","https://officeprotocoldocs-f5hpbjgea6b8gneq.b02.azurefd.net/files/MS-XLS/%5bMS-XLS%5d-181211.pdf","","download_artifact","excluded_historical","Historical revision artifact (latest/current prioritized).","","",""
"20260323-163418Z","discovered_download","mixed","discovered","https://officeprotocoldocs-f5hpbjgea6b8gneq.b02.azurefd.net/files/MS-XLS/%5bMS-XLS%5d-190319.docx","","download_artifact","excluded_historical","Historical revision artifact (latest/current prioritized).","","",""
"20260323-163418Z","discovered_download","mixed","discovered","https://officeprotocoldocs-f5hpbjgea6b8gneq.b02.azurefd.net/files/MS-XLS/%5bMS-XLS%5d-190319.pdf","","download_artifact","excluded_historical","Historical revision artifact (latest/current prioritized).","","",""
"20260323-163418Z","discovered_download","mixed","discovered","https://officeprotocoldocs-f5hpbjgea6b8gneq.b02.azurefd.net/files/MS-XLS/%5bMS-XLS%5d-190618.docx","","download_artifact","excluded_historical","Historical revision artifact (latest/current prioritized).","","",""
"20260323-163418Z","discovered_download","mixed","discovered","https://officeprotocoldocs-f5hpbjgea6b8gneq.b02.azurefd.net/files/MS-XLS/%5bMS-XLS%5d-190618.pdf","","download_artifact","excluded_historical","Historical revision artifact (latest/current prioritized).","","",""
"20260323-163418Z","discovered_download","mixed","discovered","https://officeprotocoldocs-f5hpbjgea6b8gneq.b02.azurefd.net/files/MS-XLS/%5bMS-XLS%5d-210422.docx","","download_artifact","excluded_historical","Historical revision artifact (latest/current prioritized).","","",""
"20260323-163418Z","discovered_download","mixed","discovered","https://officeprotocoldocs-f5hpbjgea6b8gneq.b02.azurefd.net/files/MS-XLS/%5bMS-XLS%5d-210422.pdf","","download_artifact","excluded_historical","Historical revision artifact (latest/current prioritized).","","",""
"20260323-163418Z","discovered_download","mixed","discovered","https://officeprotocoldocs-f5hpbjgea6b8gneq.b02.azurefd.net/files/MS-XLS/%5bMS-XLS%5d-210817.docx","","download_artifact","excluded_historical","Historical revision artifact (latest/current prioritized).","","",""
"20260323-163418Z","discovered_download","mixed","discovered","https://officeprotocoldocs-f5hpbjgea6b8gneq.b02.azurefd.net/files/MS-XLS/%5bMS-XLS%5d-210817.pdf","","download_artifact","excluded_historical","Historical revision artifact (latest/current prioritized).","","",""
"20260323-163418Z","discovered_download","mixed","discovered","https://officeprotocoldocs-f5hpbjgea6b8gneq.b02.azurefd.net/files/MS-XLS/%5bMS-XLS%5d-211116.docx","","download_artifact","excluded_historical","Historical revision artifact (latest/current prioritized).","","",""
"20260323-163418Z","discovered_download","mixed","discovered","https://officeprotocoldocs-f5hpbjgea6b8gneq.b02.azurefd.net/files/MS-XLS/%5bMS-XLS%5d-211116.pdf","","download_artifact","excluded_historical","Historical revision artifact (latest/current prioritized).","","",""
"20260323-163418Z","discovered_download","mixed","discovered","https://officeprotocoldocs-f5hpbjgea6b8gneq.b02.azurefd.net/files/MS-XLS/%5bMS-XLS%5d-220215.docx","","download_artifact","excluded_historical","Historical revision artifact (latest/current prioritized).","","",""
"20260323-163418Z","discovered_download","mixed","discovered","https://officeprotocoldocs-f5hpbjgea6b8gneq.b02.azurefd.net/files/MS-XLS/%5bMS-XLS%5d-220215.pdf","","download_artifact","excluded_historical","Historical revision artifact (latest/current prioritized).","","",""
"20260323-163418Z","discovered_download","mixed","discovered","https://officeprotocoldocs-f5hpbjgea6b8gneq.b02.azurefd.net/files/MS-XLS/%5bMS-XLS%5d-220517.docx","","download_artifact","excluded_historical","Historical revision artifact (latest/current prioritized).","","",""
"20260323-163418Z","discovered_download","mixed","discovered","https://officeprotocoldocs-f5hpbjgea6b8gneq.b02.azurefd.net/files/MS-XLS/%5bMS-XLS%5d-220517.pdf","","download_artifact","excluded_historical","Historical revision artifact (latest/current prioritized).","","",""
"20260323-163418Z","discovered_download","mixed","discovered","https://officeprotocoldocs-f5hpbjgea6b8gneq.b02.azurefd.net/files/MS-XLS/%5bMS-XLS%5d-220816.docx","","download_artifact","excluded_historical","Historical revision artifact (latest/current prioritized).","","",""
"20260323-163418Z","discovered_download","mixed","discovered","https://officeprotocoldocs-f5hpbjgea6b8gneq.b02.azurefd.net/files/MS-XLS/%5bMS-XLS%5d-220816.pdf","","download_artifact","excluded_historical","Historical revision artifact (latest/current prioritized).","","",""
"20260323-163418Z","discovered_download","mixed","discovered","https://officeprotocoldocs-f5hpbjgea6b8gneq.b02.azurefd.net/files/MS-XLS/%5bMS-XLS%5d-221115.docx","","download_artifact","excluded_historical","Historical revision artifact (latest/current prioritized).","","",""
"20260323-163418Z","discovered_download","mixed","discovered","https://officeprotocoldocs-f5hpbjgea6b8gneq.b02.azurefd.net/files/MS-XLS/%5bMS-XLS%5d-221115.pdf","","download_artifact","excluded_historical","Historical revision artifact (latest/current prioritized).","","",""
"20260323-163418Z","discovered_download","mixed","discovered","https://officeprotocoldocs-f5hpbjgea6b8gneq.b02.azurefd.net/files/MS-XLS/%5bMS-XLS%5d-230221.docx","","download_artifact","excluded_historical","Historical revision artifact (latest/current prioritized).","","",""
"20260323-163418Z","discovered_download","mixed","discovered","https://officeprotocoldocs-f5hpbjgea6b8gneq.b02.azurefd.net/files/MS-XLS/%5bMS-XLS%5d-230221.pdf","","download_artifact","excluded_historical","Historical revision artifact (latest/current prioritized).","","",""
"20260323-163418Z","discovered_download","mixed","discovered","https://officeprotocoldocs-f5hpbjgea6b8gneq.b02.azurefd.net/files/MS-XLS/%5bMS-XLS%5d-230516.docx","","download_artifact","excluded_historical","Historical revision artifact (latest/current prioritized).","","",""
"20260323-163418Z","discovered_download","mixed","discovered","https://officeprotocoldocs-f5hpbjgea6b8gneq.b02.azurefd.net/files/MS-XLS/%5bMS-XLS%5d-230516.pdf","","download_artifact","excluded_historical","Historical revision artifact (latest/current prioritized).","","",""
"20260323-163418Z","discovered_download","mixed","discovered","https://officeprotocoldocs-f5hpbjgea6b8gneq.b02.azurefd.net/files/MS-XLS/%5bMS-XLS%5d-240416.docx","","download_artifact","excluded_historical","Historical revision artifact (latest/current prioritized).","","",""
"20260323-163418Z","discovered_download","mixed","discovered","https://officeprotocoldocs-f5hpbjgea6b8gneq.b02.azurefd.net/files/MS-XLS/%5bMS-XLS%5d-240416.pdf","","download_artifact","excluded_historical","Historical revision artifact (latest/current prioritized).","","",""
"20260323-163418Z","discovered_download","mixed","discovered","https://officeprotocoldocs-f5hpbjgea6b8gneq.b02.azurefd.net/files/MS-XLS/%5bMS-XLS%5d-240820.docx","","download_artifact","excluded_historical","Historical revision artifact (latest/current prioritized).","","",""
"20260323-163418Z","discovered_download","mixed","discovered","https://officeprotocoldocs-f5hpbjgea6b8gneq.b02.azurefd.net/files/MS-XLS/%5bMS-XLS%5d-240820.pdf","","download_artifact","excluded_historical","Historical revision artifact (latest/current prioritized).","","",""
"20260323-163418Z","discovered_download","mixed","discovered","https://officeprotocoldocs-f5hpbjgea6b8gneq.b02.azurefd.net/files/MS-XLS/%5bMS-XLS%5d-250520.docx","","download_artifact","excluded_historical","Historical revision artifact (latest/current prioritized).","","",""
"20260323-163418Z","discovered_download","mixed","discovered","https://officeprotocoldocs-f5hpbjgea6b8gneq.b02.azurefd.net/files/MS-XLSB/%5bMS-XLSB%5d-120120.pdf","","download_artifact","excluded_historical","Historical revision artifact (latest/current prioritized).","","",""
"20260323-163418Z","discovered_download","mixed","discovered","https://officeprotocoldocs-f5hpbjgea6b8gneq.b02.azurefd.net/files/MS-XLSB/%5bMS-XLSB%5d-120411.pdf","","download_artifact","excluded_historical","Historical revision artifact (latest/current prioritized).","","",""
"20260323-163418Z","discovered_download","mixed","discovered","https://officeprotocoldocs-f5hpbjgea6b8gneq.b02.azurefd.net/files/MS-XLSB/%5bMS-XLSB%5d-120716.pdf","","download_artifact","excluded_historical","Historical revision artifact (latest/current prioritized).","","",""
"20260323-163418Z","discovered_download","mixed","discovered","https://officeprotocoldocs-f5hpbjgea6b8gneq.b02.azurefd.net/files/MS-XLSB/%5bMS-XLSB%5d-121008.pdf","","download_artifact","excluded_historical","Historical revision artifact (latest/current prioritized).","","",""
"20260323-163418Z","discovered_download","mixed","discovered","https://officeprotocoldocs-f5hpbjgea6b8gneq.b02.azurefd.net/files/MS-XLSB/%5bMS-XLSB%5d-130211.pdf","","download_artifact","excluded_historical","Historical revision artifact (latest/current prioritized).","","",""
"20260323-163418Z","discovered_download","mixed","discovered","https://officeprotocoldocs-f5hpbjgea6b8gneq.b02.azurefd.net/files/MS-XLSB/%5bMS-XLSB%5d-130730.pdf","","download_artifact","excluded_historical","Historical revision artifact (latest/current prioritized).","","",""
"20260323-163418Z","discovered_download","mixed","discovered","https://officeprotocoldocs-f5hpbjgea6b8gneq.b02.azurefd.net/files/MS-XLSB/%5bMS-XLSB%5d-131118.pdf","","download_artifact","excluded_historical","Historical revision artifact (latest/current prioritized).","","",""
"20260323-163418Z","discovered_download","mixed","discovered","https://officeprotocoldocs-f5hpbjgea6b8gneq.b02.azurefd.net/files/MS-XLSB/%5bMS-XLSB%5d-140210.pdf","","download_artifact","excluded_historical","Historical revision artifact (latest/current prioritized).","","",""
"20260323-163418Z","discovered_download","mixed","discovered","https://officeprotocoldocs-f5hpbjgea6b8gneq.b02.azurefd.net/files/MS-XLSB/%5bMS-XLSB%5d-140430.pdf","","download_artifact","excluded_historical","Historical revision artifact (latest/current prioritized).","","",""
"20260323-163418Z","discovered_download","mixed","discovered","https://officeprotocoldocs-f5hpbjgea6b8gneq.b02.azurefd.net/files/MS-XLSB/%5bMS-XLSB%5d-140731.pdf","","download_artifact","excluded_historical","Historical revision artifact (latest/current prioritized).","","",""
"20260323-163418Z","discovered_download","mixed","discovered","https://officeprotocoldocs-f5hpbjgea6b8gneq.b02.azurefd.net/files/MS-XLSB/%5bMS-XLSB%5d-141030.pdf","","download_artifact","excluded_historical","Historical revision artifact (latest/current prioritized).","","",""
"20260323-163418Z","discovered_download","mixed","discovered","https://officeprotocoldocs-f5hpbjgea6b8gneq.b02.azurefd.net/files/MS-XLSB/%5bMS-XLSB%5d-150316.docx","","download_artifact","excluded_historical","Historical revision artifact (latest/current prioritized).","","",""
"20260323-163418Z","discovered_download","mixed","discovered","https://officeprotocoldocs-f5hpbjgea6b8gneq.b02.azurefd.net/files/MS-XLSB/%5bMS-XLSB%5d-150316.pdf","","download_artifact","excluded_historical","Historical revision artifact (latest/current prioritized).","","",""
"20260323-163418Z","discovered_download","mixed","discovered","https://officeprotocoldocs-f5hpbjgea6b8gneq.b02.azurefd.net/files/MS-XLSB/%5bMS-XLSB%5d-150904.docx","","download_artifact","excluded_historical","Historical revision artifact (latest/current prioritized).","","",""
"20260323-163418Z","discovered_download","mixed","discovered","https://officeprotocoldocs-f5hpbjgea6b8gneq.b02.azurefd.net/files/MS-XLSB/%5bMS-XLSB%5d-150904.pdf","","download_artifact","excluded_historical","Historical revision artifact (latest/current prioritized).","","",""
"20260323-163418Z","discovered_download","mixed","discovered","https://officeprotocoldocs-f5hpbjgea6b8gneq.b02.azurefd.net/files/MS-XLSB/%5bMS-XLSB%5d-160715.docx","","download_artifact","excluded_historical","Historical revision artifact (latest/current prioritized).","","",""
"20260323-163418Z","discovered_download","mixed","discovered","https://officeprotocoldocs-f5hpbjgea6b8gneq.b02.azurefd.net/files/MS-XLSB/%5bMS-XLSB%5d-160715.pdf","","download_artifact","excluded_historical","Historical revision artifact (latest/current prioritized).","","",""
"20260323-163418Z","discovered_download","mixed","discovered","https://officeprotocoldocs-f5hpbjgea6b8gneq.b02.azurefd.net/files/MS-XLSB/%5bMS-XLSB%5d-160914.docx","","download_artifact","excluded_historical","Historical revision artifact (latest/current prioritized).","","",""
"20260323-163418Z","discovered_download","mixed","discovered","https://officeprotocoldocs-f5hpbjgea6b8gneq.b02.azurefd.net/files/MS-XLSB/%5bMS-XLSB%5d-160914.pdf","","download_artifact","excluded_historical","Historical revision artifact (latest/current prioritized).","","",""
"20260323-163418Z","discovered_download","mixed","discovered","https://officeprotocoldocs-f5hpbjgea6b8gneq.b02.azurefd.net/files/MS-XLSB/%5bMS-XLSB%5d-160929.docx","","download_artifact","excluded_historical","Historical revision artifact (latest/current prioritized).","","",""
"20260323-163418Z","discovered_download","mixed","discovered","https://officeprotocoldocs-f5hpbjgea6b8gneq.b02.azurefd.net/files/MS-XLSB/%5bMS-XLSB%5d-160929.pdf","","download_artifact","excluded_historical","Historical revision artifact (latest/current prioritized).","","",""
"20260323-163418Z","discovered_download","mixed","discovered","https://officeprotocoldocs-f5hpbjgea6b8gneq.b02.azurefd.net/files/MS-XLSB/%5bMS-XLSB%5d-161017.docx","","download_artifact","excluded_historical","Historical revision artifact (latest/current prioritized).","","",""
"20260323-163418Z","discovered_download","mixed","discovered","https://officeprotocoldocs-f5hpbjgea6b8gneq.b02.azurefd.net/files/MS-XLSB/%5bMS-XLSB%5d-161017.pdf","","download_artifact","excluded_historical","Historical revision artifact (latest/current prioritized).","","",""
"20260323-163418Z","discovered_download","mixed","discovered","https://officeprotocoldocs-f5hpbjgea6b8gneq.b02.azurefd.net/files/MS-XLSB/%5bMS-XLSB%5d-170118.docx","","download_artifact","excluded_historical","Historical revision artifact (latest/current prioritized).","","",""
"20260323-163418Z","discovered_download","mixed","discovered","https://officeprotocoldocs-f5hpbjgea6b8gneq.b02.azurefd.net/files/MS-XLSB/%5bMS-XLSB%5d-170118.pdf","","download_artifact","excluded_historical","Historical revision artifact (latest/current prioritized).","","",""
"20260323-163418Z","discovered_download","mixed","discovered","https://officeprotocoldocs-f5hpbjgea6b8gneq.b02.azurefd.net/files/MS-XLSB/%5bMS-XLSB%5d-170620.docx","","download_artifact","excluded_historical","Historical revision artifact (latest/current prioritized).","","",""
"20260323-163418Z","discovered_download","mixed","discovered","https://officeprotocoldocs-f5hpbjgea6b8gneq.b02.azurefd.net/files/MS-XLSB/%5bMS-XLSB%5d-170620.pdf","","download_artifact","excluded_historical","Historical revision artifact (latest/current prioritized).","","",""
"20260323-163418Z","discovered_download","mixed","discovered","https://officeprotocoldocs-f5hpbjgea6b8gneq.b02.azurefd.net/files/MS-XLSB/%5bMS-XLSB%5d-170919.docx","","download_artifact","excluded_historical","Historical revision artifact (latest/current prioritized).","","",""
"20260323-163418Z","discovered_download","mixed","discovered","https://officeprotocoldocs-f5hpbjgea6b8gneq.b02.azurefd.net/files/MS-XLSB/%5bMS-XLSB%5d-170919.pdf","","download_artifact","excluded_historical","Historical revision artifact (latest/current prioritized).","","",""
"20260323-163418Z","discovered_download","mixed","discovered","https://officeprotocoldocs-f5hpbjgea6b8gneq.b02.azurefd.net/files/MS-XLSB/%5bMS-XLSB%5d-171212.docx","","download_artifact","excluded_historical","Historical revision artifact (latest/current prioritized).","","",""
"20260323-163418Z","discovered_download","mixed","discovered","https://officeprotocoldocs-f5hpbjgea6b8gneq.b02.azurefd.net/files/MS-XLSB/%5bMS-XLSB%5d-171212.pdf","","download_artifact","excluded_historical","Historical revision artifact (latest/current prioritized).","","",""
"20260323-163418Z","discovered_download","mixed","discovered","https://officeprotocoldocs-f5hpbjgea6b8gneq.b02.azurefd.net/files/MS-XLSB/%5bMS-XLSB%5d-180427.docx","","download_artifact","excluded_historical","Historical revision artifact (latest/current prioritized).","","",""
"20260323-163418Z","discovered_download","mixed","discovered","https://officeprotocoldocs-f5hpbjgea6b8gneq.b02.azurefd.net/files/MS-XLSB/%5bMS-XLSB%5d-180427.pdf","","download_artifact","excluded_historical","Historical revision artifact (latest/current prioritized).","","",""
"20260323-163418Z","discovered_download","mixed","discovered","https://officeprotocoldocs-f5hpbjgea6b8gneq.b02.azurefd.net/files/MS-XLSB/%5bMS-XLSB%5d-180828.docx","","download_artifact","excluded_historical","Historical revision artifact (latest/current prioritized).","","",""
"20260323-163418Z","discovered_download","mixed","discovered","https://officeprotocoldocs-f5hpbjgea6b8gneq.b02.azurefd.net/files/MS-XLSB/%5bMS-XLSB%5d-180828.pdf","","download_artifact","excluded_historical","Historical revision artifact (latest/current prioritized).","","",""
"20260323-163418Z","discovered_download","mixed","discovered","https://officeprotocoldocs-f5hpbjgea6b8gneq.b02.azurefd.net/files/MS-XLSB/%5bMS-XLSB%5d-181211.docx","","download_artifact","excluded_historical","Historical revision artifact (latest/current prioritized).","","",""
"20260323-163418Z","discovered_download","mixed","discovered","https://officeprotocoldocs-f5hpbjgea6b8gneq.b02.azurefd.net/files/MS-XLSB/%5bMS-XLSB%5d-181211.pdf","","download_artifact","excluded_historical","Historical revision artifact (latest/current prioritized).","","",""
"20260323-163418Z","discovered_download","mixed","discovered","https://officeprotocoldocs-f5hpbjgea6b8gneq.b02.azurefd.net/files/MS-XLSB/%5bMS-XLSB%5d-190111.docx","","download_artifact","excluded_historical","Historical revision artifact (latest/current prioritized).","","",""
"20260323-163418Z","discovered_download","mixed","discovered","https://officeprotocoldocs-f5hpbjgea6b8gneq.b02.azurefd.net/files/MS-XLSB/%5bMS-XLSB%5d-190111.pdf","","download_artifact","excluded_historical","Historical revision artifact (latest/current prioritized).","","",""
"20260323-163418Z","discovered_download","mixed","discovered","https://officeprotocoldocs-f5hpbjgea6b8gneq.b02.azurefd.net/files/MS-XLSB/%5bMS-XLSB%5d-190319.docx","","download_artifact","excluded_historical","Historical revision artifact (latest/current prioritized).","","",""
"20260323-163418Z","discovered_download","mixed","discovered","https://officeprotocoldocs-f5hpbjgea6b8gneq.b02.azurefd.net/files/MS-XLSB/%5bMS-XLSB%5d-190319.pdf","","download_artifact","excluded_historical","Historical revision artifact (latest/current prioritized).","","",""
"20260323-163418Z","discovered_download","mixed","discovered","https://officeprotocoldocs-f5hpbjgea6b8gneq.b02.azurefd.net/files/MS-XLSB/%5bMS-XLSB%5d-190924.docx","","download_artifact","excluded_historical","Historical revision artifact (latest/current prioritized).","","",""
"20260323-163418Z","discovered_download","mixed","discovered","https://officeprotocoldocs-f5hpbjgea6b8gneq.b02.azurefd.net/files/MS-XLSB/%5bMS-XLSB%5d-190924.pdf","","download_artifact","excluded_historical","Historical revision artifact (latest/current prioritized).","","",""
"20260323-163418Z","discovered_download","mixed","discovered","https://officeprotocoldocs-f5hpbjgea6b8gneq.b02.azurefd.net/files/MS-XLSB/%5bMS-XLSB%5d-200219.docx","","download_artifact","excluded_historical","Historical revision artifact (latest/current prioritized).","","",""
"20260323-163418Z","discovered_download","mixed","discovered","https://officeprotocoldocs-f5hpbjgea6b8gneq.b02.azurefd.net/files/MS-XLSB/%5bMS-XLSB%5d-200219.pdf","","download_artifact","excluded_historical","Historical revision artifact (latest/current prioritized).","","",""
"20260323-163418Z","discovered_download","mixed","discovered","https://officeprotocoldocs-f5hpbjgea6b8gneq.b02.azurefd.net/files/MS-XLSB/%5bMS-XLSB%5d-200818.docx","","download_artifact","excluded_historical","Historical revision artifact (latest/current prioritized).","","",""
"20260323-163418Z","discovered_download","mixed","discovered","https://officeprotocoldocs-f5hpbjgea6b8gneq.b02.azurefd.net/files/MS-XLSB/%5bMS-XLSB%5d-200818.pdf","","download_artifact","excluded_historical","Historical revision artifact (latest/current prioritized).","","",""
"20260323-163418Z","discovered_download","mixed","discovered","https://officeprotocoldocs-f5hpbjgea6b8gneq.b02.azurefd.net/files/MS-XLSB/%5bMS-XLSB%5d-210216.docx","","download_artifact","excluded_historical","Historical revision artifact (latest/current prioritized).","","",""
"20260323-163418Z","discovered_download","mixed","discovered","https://officeprotocoldocs-f5hpbjgea6b8gneq.b02.azurefd.net/files/MS-XLSB/%5bMS-XLSB%5d-210216.pdf","","download_artifact","excluded_historical","Historical revision artifact (latest/current prioritized).","","",""
"20260323-163418Z","discovered_download","mixed","discovered","https://officeprotocoldocs-f5hpbjgea6b8gneq.b02.azurefd.net/files/MS-XLSB/%5bMS-XLSB%5d-210422.docx","","download_artifact","excluded_historical","Historical revision artifact (latest/current prioritized).","","",""
"20260323-163418Z","discovered_download","mixed","discovered","https://officeprotocoldocs-f5hpbjgea6b8gneq.b02.azurefd.net/files/MS-XLSB/%5bMS-XLSB%5d-210422.pdf","","download_artifact","excluded_historical","Historical revision artifact (latest/current prioritized).","","",""
"20260323-163418Z","discovered_download","mixed","discovered","https://officeprotocoldocs-f5hpbjgea6b8gneq.b02.azurefd.net/files/MS-XLSB/%5bMS-XLSB%5d-210817.docx","","download_artifact","excluded_historical","Historical revision artifact (latest/current prioritized).","","",""
"20260323-163418Z","discovered_download","mixed","discovered","https://officeprotocoldocs-f5hpbjgea6b8gneq.b02.azurefd.net/files/MS-XLSB/%5bMS-XLSB%5d-210817.pdf","","download_artifact","excluded_historical","Historical revision artifact (latest/current prioritized).","","",""
"20260323-163418Z","discovered_download","mixed","discovered","https://officeprotocoldocs-f5hpbjgea6b8gneq.b02.azurefd.net/files/MS-XLSB/%5bMS-XLSB%5d-211116.docx","","download_artifact","excluded_historical","Historical revision artifact (latest/current prioritized).","","",""
"20260323-163418Z","discovered_download","mixed","discovered","https://officeprotocoldocs-f5hpbjgea6b8gneq.b02.azurefd.net/files/MS-XLSB/%5bMS-XLSB%5d-211116.pdf","","download_artifact","excluded_historical","Historical revision artifact (latest/current prioritized).","","",""
"20260323-163418Z","discovered_download","mixed","discovered","https://officeprotocoldocs-f5hpbjgea6b8gneq.b02.azurefd.net/files/MS-XLSB/%5bMS-XLSB%5d-220215.docx","","download_artifact","excluded_historical","Historical revision artifact (latest/current prioritized).","","",""
"20260323-163418Z","discovered_download","mixed","discovered","https://officeprotocoldocs-f5hpbjgea6b8gneq.b02.azurefd.net/files/MS-XLSB/%5bMS-XLSB%5d-220215.pdf","","download_artifact","excluded_historical","Historical revision artifact (latest/current prioritized).","","",""
"20260323-163418Z","discovered_download","mixed","discovered","https://officeprotocoldocs-f5hpbjgea6b8gneq.b02.azurefd.net/files/MS-XLSB/%5bMS-XLSB%5d-220517.docx","","download_artifact","excluded_historical","Historical revision artifact (latest/current prioritized).","","",""
"20260323-163418Z","discovered_download","mixed","discovered","https://officeprotocoldocs-f5hpbjgea6b8gneq.b02.azurefd.net/files/MS-XLSB/%5bMS-XLSB%5d-220517.pdf","","download_artifact","excluded_historical","Historical revision artifact (latest/current prioritized).","","",""
"20260323-163418Z","discovered_download","mixed","discovered","https://officeprotocoldocs-f5hpbjgea6b8gneq.b02.azurefd.net/files/MS-XLSB/%5bMS-XLSB%5d-240220.docx","","download_artifact","excluded_historical","Historical revision artifact (latest/current prioritized).","","",""
"20260323-163418Z","discovered_download","mixed","discovered","https://officeprotocoldocs-f5hpbjgea6b8gneq.b02.azurefd.net/files/MS-XLSB/%5bMS-XLSB%5d-240220.pdf","","download_artifact","excluded_historical","Historical revision artifact (latest/current prioritized).","","",""
"20260323-163418Z","discovered_download","mixed","discovered","https://officeprotocoldocs-f5hpbjgea6b8gneq.b02.azurefd.net/files/MS-XLSB/%5bMS-XLSB%5d-240416.docx","","download_artifact","excluded_historical","Historical revision artifact (latest/current prioritized).","","",""
"20260323-163418Z","discovered_download","mixed","discovered","https://officeprotocoldocs-f5hpbjgea6b8gneq.b02.azurefd.net/files/MS-XLSB/%5bMS-XLSB%5d-240416.pdf","","download_artifact","excluded_historical","Historical revision artifact (latest/current prioritized).","","",""
"20260323-163418Z","discovered_download","mixed","discovered","https://officeprotocoldocs-f5hpbjgea6b8gneq.b02.azurefd.net/files/MS-XLSB/%5bMS-XLSB%5d-240521.docx","","download_artifact","excluded_historical","Historical revision artifact (latest/current prioritized).","","",""
"20260323-163418Z","discovered_download","mixed","discovered","https://officeprotocoldocs-f5hpbjgea6b8gneq.b02.azurefd.net/files/MS-XLSB/%5bMS-XLSB%5d-240521.pdf","","download_artifact","excluded_historical","Historical revision artifact (latest/current prioritized).","","",""
"20260323-163418Z","discovered_download","mixed","discovered","https://officeprotocoldocs-f5hpbjgea6b8gneq.b02.azurefd.net/files/MS-XLSB/%5bMS-XLSB%5d-240820.docx","","download_artifact","excluded_historical","Historical revision artifact (latest/current prioritized).","","",""
"20260323-163418Z","discovered_download","mixed","discovered","https://officeprotocoldocs-f5hpbjgea6b8gneq.b02.azurefd.net/files/MS-XLSB/%5bMS-XLSB%5d-240820.pdf","","download_artifact","excluded_historical","Historical revision artifact (latest/current prioritized).","","",""
"20260323-163418Z","discovered_download","mixed","discovered","https://officeprotocoldocs-f5hpbjgea6b8gneq.b02.azurefd.net/files/MS-XLSB/%5bMS-XLSB%5d-250218.docx","","download_artifact","excluded_historical","Historical revision artifact (latest/current prioritized).","","",""
"20260323-163418Z","discovered_download","mixed","discovered","https://officeprotocoldocs-f5hpbjgea6b8gneq.b02.azurefd.net/files/MS-XLSB/%5bMS-XLSB%5d-250218.pdf","","download_artifact","excluded_historical","Historical revision artifact (latest/current prioritized).","","",""
"20260323-163418Z","discovered_download","mixed","discovered","https://officeprotocoldocs-f5hpbjgea6b8gneq.b02.azurefd.net/files/MS-XLSB/%5bMS-XLSB%5d-250404.docx","","download_artifact","excluded_historical","Historical revision artifact (latest/current prioritized).","","",""
"20260323-163418Z","discovered_download","mixed","discovered","https://officeprotocoldocs-f5hpbjgea6b8gneq.b02.azurefd.net/files/MS-XLSB/%5bMS-XLSB%5d-250404.pdf","","download_artifact","excluded_historical","Historical revision artifact (latest/current prioritized).","","",""
"20260323-163418Z","discovered_download","mixed","discovered","https://officeprotocoldocs-f5hpbjgea6b8gneq.b02.azurefd.net/files/MS-XLSB/%5bMS-XLSB%5d-250520.docx","","download_artifact","excluded_historical","Historical revision artifact (latest/current prioritized).","","",""
"20260323-163418Z","discovered_download","mixed","discovered","https://officeprotocoldocs-f5hpbjgea6b8gneq.b02.azurefd.net/files/MS-XLSB/%5bMS-XLSB%5d-250520.pdf","","download_artifact","excluded_historical","Historical revision artifact (latest/current prioritized).","","",""
"20260323-163418Z","discovered_download","mixed","discovered","https://officeprotocoldocs-f5hpbjgea6b8gneq.b02.azurefd.net/files/MS-XLSB/%5bMS-XLSB%5d-250819.docx","","download_artifact","excluded_historical","Historical revision artifact (latest/current prioritized).","","",""
"20260323-163418Z","discovered_download","mixed","discovered","https://officeprotocoldocs-f5hpbjgea6b8gneq.b02.azurefd.net/files/MS-XLSB/%5bMS-XLSB%5d-250819.pdf","","download_artifact","excluded_historical","Historical revision artifact (latest/current prioritized).","","",""
"20260323-163418Z","discovered_download","mixed","discovered","https://officeprotocoldocs-f5hpbjgea6b8gneq.b02.azurefd.net/files/MS-XLSB/%5bMS-XLSB%5d-250916.docx","","download_artifact","excluded_historical","Historical revision artifact (latest/current prioritized).","","",""
"20260323-163418Z","discovered_download","mixed","discovered","https://officeprotocoldocs-f5hpbjgea6b8gneq.b02.azurefd.net/files/MS-XLSX/%5bMS-XLSX%5d-120120.pdf","","download_artifact","excluded_historical","Historical revision artifact (latest/current prioritized).","","",""
"20260323-163418Z","discovered_download","mixed","discovered","https://officeprotocoldocs-f5hpbjgea6b8gneq.b02.azurefd.net/files/MS-XLSX/%5bMS-XLSX%5d-120411.pdf","","download_artifact","excluded_historical","Historical revision artifact (latest/current prioritized).","","",""
"20260323-163418Z","discovered_download","mixed","discovered","https://officeprotocoldocs-f5hpbjgea6b8gneq.b02.azurefd.net/files/MS-XLSX/%5bMS-XLSX%5d-120716.pdf","","download_artifact","excluded_historical","Historical revision artifact (latest/current prioritized).","","",""
"20260323-163418Z","discovered_download","mixed","discovered","https://officeprotocoldocs-f5hpbjgea6b8gneq.b02.azurefd.net/files/MS-XLSX/%5bMS-XLSX%5d-121008.pdf","","download_artifact","excluded_historical","Historical revision artifact (latest/current prioritized).","","",""
"20260323-163418Z","discovered_download","mixed","discovered","https://officeprotocoldocs-f5hpbjgea6b8gneq.b02.azurefd.net/files/MS-XLSX/%5bMS-XLSX%5d-130211.pdf","","download_artifact","excluded_historical","Historical revision artifact (latest/current prioritized).","","",""
"20260323-163418Z","discovered_download","mixed","discovered","https://officeprotocoldocs-f5hpbjgea6b8gneq.b02.azurefd.net/files/MS-XLSX/%5bMS-XLSX%5d-130730.pdf","","download_artifact","excluded_historical","Historical revision artifact (latest/current prioritized).","","",""
"20260323-163418Z","discovered_download","mixed","discovered","https://officeprotocoldocs-f5hpbjgea6b8gneq.b02.azurefd.net/files/MS-XLSX/%5bMS-XLSX%5d-131118.pdf","","download_artifact","excluded_historical","Historical revision artifact (latest/current prioritized).","","",""
"20260323-163418Z","discovered_download","mixed","discovered","https://officeprotocoldocs-f5hpbjgea6b8gneq.b02.azurefd.net/files/MS-XLSX/%5bMS-XLSX%5d-140210.pdf","","download_artifact","excluded_historical","Historical revision artifact (latest/current prioritized).","","",""
"20260323-163418Z","discovered_download","mixed","discovered","https://officeprotocoldocs-f5hpbjgea6b8gneq.b02.azurefd.net/files/MS-XLSX/%5bMS-XLSX%5d-140430.pdf","","download_artifact","excluded_historical","Historical revision artifact (latest/current prioritized).","","",""
"20260323-163418Z","discovered_download","mixed","discovered","https://officeprotocoldocs-f5hpbjgea6b8gneq.b02.azurefd.net/files/MS-XLSX/%5bMS-XLSX%5d-140731.pdf","","download_artifact","excluded_historical","Historical revision artifact (latest/current prioritized).","","",""
"20260323-163418Z","discovered_download","mixed","discovered","https://officeprotocoldocs-f5hpbjgea6b8gneq.b02.azurefd.net/files/MS-XLSX/%5bMS-XLSX%5d-141030.pdf","","download_artifact","excluded_historical","Historical revision artifact (latest/current prioritized).","","",""
"20260323-163418Z","discovered_download","mixed","discovered","https://officeprotocoldocs-f5hpbjgea6b8gneq.b02.azurefd.net/files/MS-XLSX/%5bMS-XLSX%5d-150316.docx","","download_artifact","excluded_historical","Historical revision artifact (latest/current prioritized).","","",""
"20260323-163418Z","discovered_download","mixed","discovered","https://officeprotocoldocs-f5hpbjgea6b8gneq.b02.azurefd.net/files/MS-XLSX/%5bMS-XLSX%5d-150316.pdf","","download_artifact","excluded_historical","Historical revision artifact (latest/current prioritized).","","",""
"20260323-163418Z","discovered_download","mixed","discovered","https://officeprotocoldocs-f5hpbjgea6b8gneq.b02.azurefd.net/files/MS-XLSX/%5bMS-XLSX%5d-150904.docx","","download_artifact","excluded_historical","Historical revision artifact (latest/current prioritized).","","",""
"20260323-163418Z","discovered_download","mixed","discovered","https://officeprotocoldocs-f5hpbjgea6b8gneq.b02.azurefd.net/files/MS-XLSX/%5bMS-XLSX%5d-150904.pdf","","download_artifact","excluded_historical","Historical revision artifact (latest/current prioritized).","","",""
"20260323-163418Z","discovered_download","mixed","discovered","https://officeprotocoldocs-f5hpbjgea6b8gneq.b02.azurefd.net/files/MS-XLSX/%5bMS-XLSX%5d-160929.docx","","download_artifact","excluded_historical","Historical revision artifact (latest/current prioritized).","","",""
"20260323-163418Z","discovered_download","mixed","discovered","https://officeprotocoldocs-f5hpbjgea6b8gneq.b02.azurefd.net/files/MS-XLSX/%5bMS-XLSX%5d-160929.pdf","","download_artifact","excluded_historical","Historical revision artifact (latest/current prioritized).","","",""
"20260323-163418Z","discovered_download","mixed","discovered","https://officeprotocoldocs-f5hpbjgea6b8gneq.b02.azurefd.net/files/MS-XLSX/%5bMS-XLSX%5d-161114.docx","","download_artifact","excluded_historical","Historical revision artifact (latest/current prioritized).","","",""
"20260323-163418Z","discovered_download","mixed","discovered","https://officeprotocoldocs-f5hpbjgea6b8gneq.b02.azurefd.net/files/MS-XLSX/%5bMS-XLSX%5d-161114.pdf","","download_artifact","excluded_historical","Historical revision artifact (latest/current prioritized).","","",""
"20260323-163418Z","discovered_download","mixed","discovered","https://officeprotocoldocs-f5hpbjgea6b8gneq.b02.azurefd.net/files/MS-XLSX/%5bMS-XLSX%5d-170118.docx","","download_artifact","excluded_historical","Historical revision artifact (latest/current prioritized).","","",""
"20260323-163418Z","discovered_download","mixed","discovered","https://officeprotocoldocs-f5hpbjgea6b8gneq.b02.azurefd.net/files/MS-XLSX/%5bMS-XLSX%5d-170118.pdf","","download_artifact","excluded_historical","Historical revision artifact (latest/current prioritized).","","",""
"20260323-163418Z","discovered_download","mixed","discovered","https://officeprotocoldocs-f5hpbjgea6b8gneq.b02.azurefd.net/files/MS-XLSX/%5bMS-XLSX%5d-170620.docx","","download_artifact","excluded_historical","Historical revision artifact (latest/current prioritized).","","",""
"20260323-163418Z","discovered_download","mixed","discovered","https://officeprotocoldocs-f5hpbjgea6b8gneq.b02.azurefd.net/files/MS-XLSX/%5bMS-XLSX%5d-170620.pdf","","download_artifact","excluded_historical","Historical revision artifact (latest/current prioritized).","","",""
"20260323-163418Z","discovered_download","mixed","discovered","https://officeprotocoldocs-f5hpbjgea6b8gneq.b02.azurefd.net/files/MS-XLSX/%5bMS-XLSX%5d-171212.docx","","download_artifact","excluded_historical","Historical revision artifact (latest/current prioritized).","","",""
"20260323-163418Z","discovered_download","mixed","discovered","https://officeprotocoldocs-f5hpbjgea6b8gneq.b02.azurefd.net/files/MS-XLSX/%5bMS-XLSX%5d-171212.pdf","","download_artifact","excluded_historical","Historical revision artifact (latest/current prioritized).","","",""
"20260323-163418Z","discovered_download","mixed","discovered","https://officeprotocoldocs-f5hpbjgea6b8gneq.b02.azurefd.net/files/MS-XLSX/%5bMS-XLSX%5d-180427.docx","","download_artifact","excluded_historical","Historical revision artifact (latest/current prioritized).","","",""
"20260323-163418Z","discovered_download","mixed","discovered","https://officeprotocoldocs-f5hpbjgea6b8gneq.b02.azurefd.net/files/MS-XLSX/%5bMS-XLSX%5d-180427.pdf","","download_artifact","excluded_historical","Historical revision artifact (latest/current prioritized).","","",""
"20260323-163418Z","discovered_download","mixed","discovered","https://officeprotocoldocs-f5hpbjgea6b8gneq.b02.azurefd.net/files/MS-XLSX/%5bMS-XLSX%5d-180509.docx","","download_artifact","excluded_historical","Historical revision artifact (latest/current prioritized).","","",""
"20260323-163418Z","discovered_download","mixed","discovered","https://officeprotocoldocs-f5hpbjgea6b8gneq.b02.azurefd.net/files/MS-XLSX/%5bMS-XLSX%5d-180509.pdf","","download_artifact","excluded_historical","Historical revision artifact (latest/current prioritized).","","",""
"20260323-163418Z","discovered_download","mixed","discovered","https://officeprotocoldocs-f5hpbjgea6b8gneq.b02.azurefd.net/files/MS-XLSX/%5bMS-XLSX%5d-180608.docx","","download_artifact","excluded_historical","Historical revision artifact (latest/current prioritized).","","",""
"20260323-163418Z","discovered_download","mixed","discovered","https://officeprotocoldocs-f5hpbjgea6b8gneq.b02.azurefd.net/files/MS-XLSX/%5bMS-XLSX%5d-180608.pdf","","download_artifact","excluded_historical","Historical revision artifact (latest/current prioritized).","","",""
"20260323-163418Z","discovered_download","mixed","discovered","https://officeprotocoldocs-f5hpbjgea6b8gneq.b02.azurefd.net/files/MS-XLSX/%5bMS-XLSX%5d-180801.docx","","download_artifact","excluded_historical","Historical revision artifact (latest/current prioritized).","","",""
"20260323-163418Z","discovered_download","mixed","discovered","https://officeprotocoldocs-f5hpbjgea6b8gneq.b02.azurefd.net/files/MS-XLSX/%5bMS-XLSX%5d-180801.pdf","","download_artifact","excluded_historical","Historical revision artifact (latest/current prioritized).","","",""
"20260323-163418Z","discovered_download","mixed","discovered","https://officeprotocoldocs-f5hpbjgea6b8gneq.b02.azurefd.net/files/MS-XLSX/%5bMS-XLSX%5d-180828.docx","","download_artifact","excluded_historical","Historical revision artifact (latest/current prioritized).","","",""
"20260323-163418Z","discovered_download","mixed","discovered","https://officeprotocoldocs-f5hpbjgea6b8gneq.b02.azurefd.net/files/MS-XLSX/%5bMS-XLSX%5d-180828.pdf","","download_artifact","excluded_historical","Historical revision artifact (latest/current prioritized).","","",""
"20260323-163418Z","discovered_download","mixed","discovered","https://officeprotocoldocs-f5hpbjgea6b8gneq.b02.azurefd.net/files/MS-XLSX/%5bMS-XLSX%5d-181010.docx","","download_artifact","excluded_historical","Historical revision artifact (latest/current prioritized).","","",""
"20260323-163418Z","discovered_download","mixed","discovered","https://officeprotocoldocs-f5hpbjgea6b8gneq.b02.azurefd.net/files/MS-XLSX/%5bMS-XLSX%5d-181010.pdf","","download_artifact","excluded_historical","Historical revision artifact (latest/current prioritized).","","",""
"20260323-163418Z","discovered_download","mixed","discovered","https://officeprotocoldocs-f5hpbjgea6b8gneq.b02.azurefd.net/files/MS-XLSX/%5bMS-XLSX%5d-181211.docx","","download_artifact","excluded_historical","Historical revision artifact (latest/current prioritized).","","",""
"20260323-163418Z","discovered_download","mixed","discovered","https://officeprotocoldocs-f5hpbjgea6b8gneq.b02.azurefd.net/files/MS-XLSX/%5bMS-XLSX%5d-181211.pdf","","download_artifact","excluded_historical","Historical revision artifact (latest/current prioritized).","","",""
"20260323-163418Z","discovered_download","mixed","discovered","https://officeprotocoldocs-f5hpbjgea6b8gneq.b02.azurefd.net/files/MS-XLSX/%5bMS-XLSX%5d-190111.docx","","download_artifact","excluded_historical","Historical revision artifact (latest/current prioritized).","","",""
"20260323-163418Z","discovered_download","mixed","discovered","https://officeprotocoldocs-f5hpbjgea6b8gneq.b02.azurefd.net/files/MS-XLSX/%5bMS-XLSX%5d-190111.pdf","","download_artifact","excluded_historical","Historical revision artifact (latest/current prioritized).","","",""
"20260323-163418Z","discovered_download","mixed","discovered","https://officeprotocoldocs-f5hpbjgea6b8gneq.b02.azurefd.net/files/MS-XLSX/%5bMS-XLSX%5d-190319.docx","","download_artifact","excluded_historical","Historical revision artifact (latest/current prioritized).","","",""
"20260323-163418Z","discovered_download","mixed","discovered","https://officeprotocoldocs-f5hpbjgea6b8gneq.b02.azurefd.net/files/MS-XLSX/%5bMS-XLSX%5d-190319.pdf","","download_artifact","excluded_historical","Historical revision artifact (latest/current prioritized).","","",""
"20260323-163418Z","discovered_download","mixed","discovered","https://officeprotocoldocs-f5hpbjgea6b8gneq.b02.azurefd.net/files/MS-XLSX/%5bMS-XLSX%5d-191119.docx","","download_artifact","excluded_historical","Historical revision artifact (latest/current prioritized).","","",""
"20260323-163418Z","discovered_download","mixed","discovered","https://officeprotocoldocs-f5hpbjgea6b8gneq.b02.azurefd.net/files/MS-XLSX/%5bMS-XLSX%5d-191119.pdf","","download_artifact","excluded_historical","Historical revision artifact (latest/current prioritized).","","",""
"20260323-163418Z","discovered_download","mixed","discovered","https://officeprotocoldocs-f5hpbjgea6b8gneq.b02.azurefd.net/files/MS-XLSX/%5bMS-XLSX%5d-200219.docx","","download_artifact","excluded_historical","Historical revision artifact (latest/current prioritized).","","",""
"20260323-163418Z","discovered_download","mixed","discovered","https://officeprotocoldocs-f5hpbjgea6b8gneq.b02.azurefd.net/files/MS-XLSX/%5bMS-XLSX%5d-200219.pdf","","download_artifact","excluded_historical","Historical revision artifact (latest/current prioritized).","","",""
"20260323-163418Z","discovered_download","mixed","discovered","https://officeprotocoldocs-f5hpbjgea6b8gneq.b02.azurefd.net/files/MS-XLSX/%5bMS-XLSX%5d-201015.docx","","download_artifact","excluded_historical","Historical revision artifact (latest/current prioritized).","","",""
"20260323-163418Z","discovered_download","mixed","discovered","https://officeprotocoldocs-f5hpbjgea6b8gneq.b02.azurefd.net/files/MS-XLSX/%5bMS-XLSX%5d-201015.pdf","","download_artifact","excluded_historical","Historical revision artifact (latest/current prioritized).","","",""
"20260323-163418Z","discovered_download","mixed","discovered","https://officeprotocoldocs-f5hpbjgea6b8gneq.b02.azurefd.net/files/MS-XLSX/%5bMS-XLSX%5d-210422.docx","","download_artifact","excluded_historical","Historical revision artifact (latest/current prioritized).","","",""
"20260323-163418Z","discovered_download","mixed","discovered","https://officeprotocoldocs-f5hpbjgea6b8gneq.b02.azurefd.net/files/MS-XLSX/%5bMS-XLSX%5d-210422.pdf","","download_artifact","excluded_historical","Historical revision artifact (latest/current prioritized).","","",""
"20260323-163418Z","discovered_download","mixed","discovered","https://officeprotocoldocs-f5hpbjgea6b8gneq.b02.azurefd.net/files/MS-XLSX/%5bMS-XLSX%5d-210817.docx","","download_artifact","excluded_historical","Historical revision artifact (latest/current prioritized).","","",""
"20260323-163418Z","discovered_download","mixed","discovered","https://officeprotocoldocs-f5hpbjgea6b8gneq.b02.azurefd.net/files/MS-XLSX/%5bMS-XLSX%5d-210817.pdf","","download_artifact","excluded_historical","Historical revision artifact (latest/current prioritized).","","",""
"20260323-163418Z","discovered_download","mixed","discovered","https://officeprotocoldocs-f5hpbjgea6b8gneq.b02.azurefd.net/files/MS-XLSX/%5bMS-XLSX%5d-211116.docx","","download_artifact","excluded_historical","Historical revision artifact (latest/current prioritized).","","",""
"20260323-163418Z","discovered_download","mixed","discovered","https://officeprotocoldocs-f5hpbjgea6b8gneq.b02.azurefd.net/files/MS-XLSX/%5bMS-XLSX%5d-211116.pdf","","download_artifact","excluded_historical","Historical revision artifact (latest/current prioritized).","","",""
"20260323-163418Z","discovered_download","mixed","discovered","https://officeprotocoldocs-f5hpbjgea6b8gneq.b02.azurefd.net/files/MS-XLSX/%5bMS-XLSX%5d-220215.docx","","download_artifact","excluded_historical","Historical revision artifact (latest/current prioritized).","","",""
"20260323-163418Z","discovered_download","mixed","discovered","https://officeprotocoldocs-f5hpbjgea6b8gneq.b02.azurefd.net/files/MS-XLSX/%5bMS-XLSX%5d-220215.pdf","","download_artifact","excluded_historical","Historical revision artifact (latest/current prioritized).","","",""
"20260323-163418Z","discovered_download","mixed","discovered","https://officeprotocoldocs-f5hpbjgea6b8gneq.b02.azurefd.net/files/MS-XLSX/%5bMS-XLSX%5d-220517.docx","","download_artifact","excluded_historical","Historical revision artifact (latest/current prioritized).","","",""
"20260323-163418Z","discovered_download","mixed","discovered","https://officeprotocoldocs-f5hpbjgea6b8gneq.b02.azurefd.net/files/MS-XLSX/%5bMS-XLSX%5d-220517.pdf","","download_artifact","excluded_historical","Historical revision artifact (latest/current prioritized).","","",""
"20260323-163418Z","discovered_download","mixed","discovered","https://officeprotocoldocs-f5hpbjgea6b8gneq.b02.azurefd.net/files/MS-XLSX/%5bMS-XLSX%5d-220816.docx","","download_artifact","excluded_historical","Historical revision artifact (latest/current prioritized).","","",""
"20260323-163418Z","discovered_download","mixed","discovered","https://officeprotocoldocs-f5hpbjgea6b8gneq.b02.azurefd.net/files/MS-XLSX/%5bMS-XLSX%5d-220816.pdf","","download_artifact","excluded_historical","Historical revision artifact (latest/current prioritized).","","",""
"20260323-163418Z","discovered_download","mixed","discovered","https://officeprotocoldocs-f5hpbjgea6b8gneq.b02.azurefd.net/files/MS-XLSX/%5bMS-XLSX%5d-221115.docx","","download_artifact","excluded_historical","Historical revision artifact (latest/current prioritized).","","",""
"20260323-163418Z","discovered_download","mixed","discovered","https://officeprotocoldocs-f5hpbjgea6b8gneq.b02.azurefd.net/files/MS-XLSX/%5bMS-XLSX%5d-221115.pdf","","download_artifact","excluded_historical","Historical revision artifact (latest/current prioritized).","","",""
"20260323-163418Z","discovered_download","mixed","discovered","https://officeprotocoldocs-f5hpbjgea6b8gneq.b02.azurefd.net/files/MS-XLSX/%5bMS-XLSX%5d-230616.docx","","download_artifact","excluded_historical","Historical revision artifact (latest/current prioritized).","","",""
"20260323-163418Z","discovered_download","mixed","discovered","https://officeprotocoldocs-f5hpbjgea6b8gneq.b02.azurefd.net/files/MS-XLSX/%5bMS-XLSX%5d-230616.pdf","","download_artifact","excluded_historical","Historical revision artifact (latest/current prioritized).","","",""
"20260323-163418Z","discovered_download","mixed","discovered","https://officeprotocoldocs-f5hpbjgea6b8gneq.b02.azurefd.net/files/MS-XLSX/%5bMS-XLSX%5d-240220.docx","","download_artifact","excluded_historical","Historical revision artifact (latest/current prioritized).","","",""
"20260323-163418Z","discovered_download","mixed","discovered","https://officeprotocoldocs-f5hpbjgea6b8gneq.b02.azurefd.net/files/MS-XLSX/%5bMS-XLSX%5d-240220.pdf","","download_artifact","excluded_historical","Historical revision artifact (latest/current prioritized).","","",""
"20260323-163418Z","discovered_download","mixed","discovered","https://officeprotocoldocs-f5hpbjgea6b8gneq.b02.azurefd.net/files/MS-XLSX/%5bMS-XLSX%5d-240416.docx","","download_artifact","excluded_historical","Historical revision artifact (latest/current prioritized).","","",""
"20260323-163418Z","discovered_download","mixed","discovered","https://officeprotocoldocs-f5hpbjgea6b8gneq.b02.azurefd.net/files/MS-XLSX/%5bMS-XLSX%5d-240416.pdf","","download_artifact","excluded_historical","Historical revision artifact (latest/current prioritized).","","",""
"20260323-163418Z","discovered_download","mixed","discovered","https://officeprotocoldocs-f5hpbjgea6b8gneq.b02.azurefd.net/files/MS-XLSX/%5bMS-XLSX%5d-240820.docx","","download_artifact","excluded_historical","Historical revision artifact (latest/current prioritized).","","",""
"20260323-163418Z","discovered_download","mixed","discovered","https://officeprotocoldocs-f5hpbjgea6b8gneq.b02.azurefd.net/files/MS-XLSX/%5bMS-XLSX%5d-240820.pdf","","download_artifact","excluded_historical","Historical revision artifact (latest/current prioritized).","","",""
"20260323-163418Z","discovered_download","mixed","discovered","https://officeprotocoldocs-f5hpbjgea6b8gneq.b02.azurefd.net/files/MS-XLSX/%5bMS-XLSX%5d-241112.docx","","download_artifact","excluded_historical","Historical revision artifact (latest/current prioritized).","","",""
"20260323-163418Z","discovered_download","mixed","discovered","https://officeprotocoldocs-f5hpbjgea6b8gneq.b02.azurefd.net/files/MS-XLSX/%5bMS-XLSX%5d-241112.pdf","","download_artifact","excluded_historical","Historical revision artifact (latest/current prioritized).","","",""
"20260323-163418Z","discovered_download","mixed","discovered","https://officeprotocoldocs-f5hpbjgea6b8gneq.b02.azurefd.net/files/MS-XLSX/%5bMS-XLSX%5d-250218.docx","","download_artifact","excluded_historical","Historical revision artifact (latest/current prioritized).","","",""
"20260323-163418Z","discovered_download","mixed","discovered","https://officeprotocoldocs-f5hpbjgea6b8gneq.b02.azurefd.net/files/MS-XLSX/%5bMS-XLSX%5d-250218.pdf","","download_artifact","excluded_historical","Historical revision artifact (latest/current prioritized).","","",""
"20260323-163418Z","discovered_download","mixed","discovered","https://officeprotocoldocs-f5hpbjgea6b8gneq.b02.azurefd.net/files/MS-XLSX/%5bMS-XLSX%5d-250404.docx","","download_artifact","excluded_historical","Historical revision artifact (latest/current prioritized).","","",""
"20260323-163418Z","discovered_download","mixed","discovered","https://officeprotocoldocs-f5hpbjgea6b8gneq.b02.azurefd.net/files/MS-XLSX/%5bMS-XLSX%5d-250404.pdf","","download_artifact","excluded_historical","Historical revision artifact (latest/current prioritized).","","",""
"20260323-163418Z","discovered_download","mixed","discovered","https://officeprotocoldocs-f5hpbjgea6b8gneq.b02.azurefd.net/files/MS-XLSX/%5bMS-XLSX%5d-250520.docx","","download_artifact","excluded_historical","Historical revision artifact (latest/current prioritized).","","",""
"20260323-163418Z","discovered_download","mixed","discovered","https://officeprotocoldocs-f5hpbjgea6b8gneq.b02.azurefd.net/files/MS-XLSX/%5bMS-XLSX%5d-250520.pdf","","download_artifact","excluded_historical","Historical revision artifact (latest/current prioritized).","","",""
"20260323-163418Z","discovered_download","mixed","discovered","https://officeprotocoldocs-f5hpbjgea6b8gneq.b02.azurefd.net/files/MS-XLSX/%5bMS-XLSX%5d-250819.docx","","download_artifact","excluded_historical","Historical revision artifact (latest/current prioritized).","","",""
"20260323-163418Z","discovered_download","mixed","discovered","https://officeprotocoldocs-f5hpbjgea6b8gneq.b02.azurefd.net/files/MS-XLSX/%5bMS-XLSX%5d-250819.pdf","","download_artifact","excluded_historical","Historical revision artifact (latest/current prioritized).","","",""
"20260323-163418Z","discovered_download","mixed","discovered","https://officeprotocoldocs-f5hpbjgea6b8gneq.b02.azurefd.net/files/MS-XLSX/%5bMS-XLSX%5d-250916.docx","","download_artifact","excluded_historical","Historical revision artifact (latest/current prioritized).","","",""
"20260323-163418Z","discovered_download","mixed","discovered","https://winprotocoldocs-bhdugrdyduf5h2e4.b02.azurefd.net/MS-DTYP/%5bMS-DTYP%5d-130808.pdf","","download_artifact","excluded_historical","Historical revision artifact (latest/current prioritized).","","",""
"20260323-163418Z","discovered_download","mixed","discovered","https://winprotocoldocs-bhdugrdyduf5h2e4.b02.azurefd.net/MS-DTYP/%5bMS-DTYP%5d-131114.pdf","","download_artifact","excluded_historical","Historical revision artifact (latest/current prioritized).","","",""
"20260323-163418Z","discovered_download","mixed","discovered","https://winprotocoldocs-bhdugrdyduf5h2e4.b02.azurefd.net/MS-DTYP/%5bMS-DTYP%5d-140213.pdf","","download_artifact","excluded_historical","Historical revision artifact (latest/current prioritized).","","",""
"20260323-163418Z","discovered_download","mixed","discovered","https://winprotocoldocs-bhdugrdyduf5h2e4.b02.azurefd.net/MS-DTYP/%5bMS-DTYP%5d-140515.pdf","","download_artifact","excluded_historical","Historical revision artifact (latest/current prioritized).","","",""
"20260323-163418Z","discovered_download","mixed","discovered","https://winprotocoldocs-bhdugrdyduf5h2e4.b02.azurefd.net/MS-DTYP/%5bMS-DTYP%5d-150630.docx","","download_artifact","excluded_historical","Historical revision artifact (latest/current prioritized).","","",""
"20260323-163418Z","discovered_download","mixed","discovered","https://winprotocoldocs-bhdugrdyduf5h2e4.b02.azurefd.net/MS-DTYP/%5bMS-DTYP%5d-150630.pdf","","download_artifact","excluded_historical","Historical revision artifact (latest/current prioritized).","","",""
"20260323-163418Z","discovered_download","mixed","discovered","https://winprotocoldocs-bhdugrdyduf5h2e4.b02.azurefd.net/MS-DTYP/%5bMS-DTYP%5d-151016-errata.pdf","","download_artifact","excluded_historical","Diff/errata artifact excluded.","","",""
"20260323-163418Z","discovered_download","mixed","discovered","https://winprotocoldocs-bhdugrdyduf5h2e4.b02.azurefd.net/MS-DTYP/%5bMS-DTYP%5d-151016.docx","","download_artifact","excluded_historical","Historical revision artifact (latest/current prioritized).","","",""
"20260323-163418Z","discovered_download","mixed","discovered","https://winprotocoldocs-bhdugrdyduf5h2e4.b02.azurefd.net/MS-DTYP/%5bMS-DTYP%5d-151016.pdf","","download_artifact","excluded_historical","Historical revision artifact (latest/current prioritized).","","",""
"20260323-163418Z","discovered_download","mixed","discovered","https://winprotocoldocs-bhdugrdyduf5h2e4.b02.azurefd.net/MS-DTYP/%5bMS-DTYP%5d-160714-diff.pdf","","download_artifact","excluded_historical","Diff/errata artifact excluded.","","",""
"20260323-163418Z","discovered_download","mixed","discovered","https://winprotocoldocs-bhdugrdyduf5h2e4.b02.azurefd.net/MS-DTYP/%5bMS-DTYP%5d-160714.docx","","download_artifact","excluded_historical","Historical revision artifact (latest/current prioritized).","","",""
"20260323-163418Z","discovered_download","mixed","discovered","https://winprotocoldocs-bhdugrdyduf5h2e4.b02.azurefd.net/MS-DTYP/%5bMS-DTYP%5d-160714.pdf","","download_artifact","excluded_historical","Historical revision artifact (latest/current prioritized).","","",""
"20260323-163418Z","discovered_download","mixed","discovered","https://winprotocoldocs-bhdugrdyduf5h2e4.b02.azurefd.net/MS-DTYP/%5bMS-DTYP%5d-170601-diff.pdf","","download_artifact","excluded_historical","Diff/errata artifact excluded.","","",""
"20260323-163418Z","discovered_download","mixed","discovered","https://winprotocoldocs-bhdugrdyduf5h2e4.b02.azurefd.net/MS-DTYP/%5bMS-DTYP%5d-170601-errata.pdf","","download_artifact","excluded_historical","Diff/errata artifact excluded.","","",""
"20260323-163418Z","discovered_download","mixed","discovered","https://winprotocoldocs-bhdugrdyduf5h2e4.b02.azurefd.net/MS-DTYP/%5bMS-DTYP%5d-170601.docx","","download_artifact","excluded_historical","Historical revision artifact (latest/current prioritized).","","",""
"20260323-163418Z","discovered_download","mixed","discovered","https://winprotocoldocs-bhdugrdyduf5h2e4.b02.azurefd.net/MS-DTYP/%5bMS-DTYP%5d-170601.pdf","","download_artifact","excluded_historical","Historical revision artifact (latest/current prioritized).","","",""
"20260323-163418Z","discovered_download","mixed","discovered","https://winprotocoldocs-bhdugrdyduf5h2e4.b02.azurefd.net/MS-DTYP/%5bMS-DTYP%5d-170915-diff.pdf","","download_artifact","excluded_historical","Diff/errata artifact excluded.","","",""
"20260323-163418Z","discovered_download","mixed","discovered","https://winprotocoldocs-bhdugrdyduf5h2e4.b02.azurefd.net/MS-DTYP/%5bMS-DTYP%5d-170915-errata.pdf","","download_artifact","excluded_historical","Diff/errata artifact excluded.","","",""
"20260323-163418Z","discovered_download","mixed","discovered","https://winprotocoldocs-bhdugrdyduf5h2e4.b02.azurefd.net/MS-DTYP/%5bMS-DTYP%5d-170915.docx","","download_artifact","excluded_historical","Historical revision artifact (latest/current prioritized).","","",""
"20260323-163418Z","discovered_download","mixed","discovered","https://winprotocoldocs-bhdugrdyduf5h2e4.b02.azurefd.net/MS-DTYP/%5bMS-DTYP%5d-170915.pdf","","download_artifact","excluded_historical","Historical revision artifact (latest/current prioritized).","","",""
"20260323-163418Z","discovered_download","mixed","discovered","https://winprotocoldocs-bhdugrdyduf5h2e4.b02.azurefd.net/MS-DTYP/%5bMS-DTYP%5d-171201-diff.pdf","","download_artifact","excluded_historical","Diff/errata artifact excluded.","","",""
"20260323-163418Z","discovered_download","mixed","discovered","https://winprotocoldocs-bhdugrdyduf5h2e4.b02.azurefd.net/MS-DTYP/%5bMS-DTYP%5d-171201-errata.pdf","","download_artifact","excluded_historical","Diff/errata artifact excluded.","","",""
"20260323-163418Z","discovered_download","mixed","discovered","https://winprotocoldocs-bhdugrdyduf5h2e4.b02.azurefd.net/MS-DTYP/%5bMS-DTYP%5d-171201.docx","","download_artifact","excluded_historical","Historical revision artifact (latest/current prioritized).","","",""
"20260323-163418Z","discovered_download","mixed","discovered","https://winprotocoldocs-bhdugrdyduf5h2e4.b02.azurefd.net/MS-DTYP/%5bMS-DTYP%5d-171201.pdf","","download_artifact","excluded_historical","Historical revision artifact (latest/current prioritized).","","",""
"20260323-163418Z","discovered_download","mixed","discovered","https://winprotocoldocs-bhdugrdyduf5h2e4.b02.azurefd.net/MS-DTYP/%5bMS-DTYP%5d-180912-diff.pdf","","download_artifact","excluded_historical","Diff/errata artifact excluded.","","",""
"20260323-163418Z","discovered_download","mixed","discovered","https://winprotocoldocs-bhdugrdyduf5h2e4.b02.azurefd.net/MS-DTYP/%5bMS-DTYP%5d-180912-errata.pdf","","download_artifact","excluded_historical","Diff/errata artifact excluded.","","",""
"20260323-163418Z","discovered_download","mixed","discovered","https://winprotocoldocs-bhdugrdyduf5h2e4.b02.azurefd.net/MS-DTYP/%5bMS-DTYP%5d-180912.docx","","download_artifact","excluded_historical","Historical revision artifact (latest/current prioritized).","","",""
"20260323-163418Z","discovered_download","mixed","discovered","https://winprotocoldocs-bhdugrdyduf5h2e4.b02.azurefd.net/MS-DTYP/%5bMS-DTYP%5d-180912.pdf","","download_artifact","excluded_historical","Historical revision artifact (latest/current prioritized).","","",""
"20260323-163418Z","discovered_download","mixed","discovered","https://winprotocoldocs-bhdugrdyduf5h2e4.b02.azurefd.net/MS-DTYP/%5bMS-DTYP%5d-210407-diff.pdf","","download_artifact","excluded_historical","Diff/errata artifact excluded.","","",""
"20260323-163418Z","discovered_download","mixed","discovered","https://winprotocoldocs-bhdugrdyduf5h2e4.b02.azurefd.net/MS-DTYP/%5bMS-DTYP%5d-210407.docx","","download_artifact","excluded_historical","Historical revision artifact (latest/current prioritized).","","",""
"20260323-163418Z","discovered_download","mixed","discovered","https://winprotocoldocs-bhdugrdyduf5h2e4.b02.azurefd.net/MS-DTYP/%5bMS-DTYP%5d-210407.pdf","","download_artifact","excluded_historical","Historical revision artifact (latest/current prioritized).","","",""
"20260323-163418Z","discovered_download","mixed","discovered","https://winprotocoldocs-bhdugrdyduf5h2e4.b02.azurefd.net/MS-DTYP/%5bMS-DTYP%5d-210625-diff.pdf","","download_artifact","excluded_historical","Diff/errata artifact excluded.","","",""
"20260323-163418Z","discovered_download","mixed","discovered","https://winprotocoldocs-bhdugrdyduf5h2e4.b02.azurefd.net/MS-DTYP/%5bMS-DTYP%5d-210625-errata.pdf","","download_artifact","excluded_historical","Diff/errata artifact excluded.","","",""
"20260323-163418Z","discovered_download","mixed","discovered","https://winprotocoldocs-bhdugrdyduf5h2e4.b02.azurefd.net/MS-DTYP/%5bMS-DTYP%5d-210625.docx","","download_artifact","excluded_historical","Historical revision artifact (latest/current prioritized).","","",""
"20260323-163418Z","discovered_download","mixed","discovered","https://winprotocoldocs-bhdugrdyduf5h2e4.b02.azurefd.net/MS-DTYP/%5bMS-DTYP%5d-210625.pdf","","download_artifact","excluded_historical","Historical revision artifact (latest/current prioritized).","","",""
"20260323-163418Z","discovered_download","mixed","discovered","https://winprotocoldocs-bhdugrdyduf5h2e4.b02.azurefd.net/MS-DTYP/%5bMS-DTYP%5d-220429-diff.pdf","","download_artifact","excluded_historical","Diff/errata artifact excluded.","","",""
"20260323-163418Z","discovered_download","mixed","discovered","https://winprotocoldocs-bhdugrdyduf5h2e4.b02.azurefd.net/MS-DTYP/%5bMS-DTYP%5d-220429-errata.pdf","","download_artifact","excluded_historical","Diff/errata artifact excluded.","","",""
"20260323-163418Z","discovered_download","mixed","discovered","https://winprotocoldocs-bhdugrdyduf5h2e4.b02.azurefd.net/MS-DTYP/%5bMS-DTYP%5d-220429.docx","","download_artifact","excluded_historical","Historical revision artifact (latest/current prioritized).","","",""
"20260323-163418Z","discovered_download","mixed","discovered","https://winprotocoldocs-bhdugrdyduf5h2e4.b02.azurefd.net/MS-DTYP/%5bMS-DTYP%5d-220429.pdf","","download_artifact","excluded_historical","Historical revision artifact (latest/current prioritized).","","",""
"20260323-163418Z","discovered_download","mixed","discovered","https://winprotocoldocs-bhdugrdyduf5h2e4.b02.azurefd.net/MS-DTYP/%5bMS-DTYP%5d-230404-diff.pdf","","download_artifact","excluded_historical","Diff/errata artifact excluded.","","",""
"20260323-163418Z","discovered_download","mixed","discovered","https://winprotocoldocs-bhdugrdyduf5h2e4.b02.azurefd.net/MS-DTYP/%5bMS-DTYP%5d-230404.docx","","download_artifact","excluded_historical","Historical revision artifact (latest/current prioritized).","","",""
"20260323-163418Z","discovered_download","mixed","discovered","https://winprotocoldocs-bhdugrdyduf5h2e4.b02.azurefd.net/MS-DTYP/%5bMS-DTYP%5d-230404.pdf","","download_artifact","excluded_historical","Historical revision artifact (latest/current prioritized).","","",""
"20260323-163418Z","discovered_download","mixed","discovered","https://winprotocoldocs-bhdugrdyduf5h2e4.b02.azurefd.net/MS-DTYP/%5bMS-DTYP%5d-230828-diff.pdf","","download_artifact","excluded_historical","Diff/errata artifact excluded.","","",""
"20260323-163418Z","discovered_download","mixed","discovered","https://winprotocoldocs-bhdugrdyduf5h2e4.b02.azurefd.net/MS-DTYP/%5bMS-DTYP%5d-230828.docx","","download_artifact","excluded_historical","Historical revision artifact (latest/current prioritized).","","",""
"20260323-163418Z","discovered_download","mixed","discovered","https://winprotocoldocs-bhdugrdyduf5h2e4.b02.azurefd.net/MS-DTYP/%5bMS-DTYP%5d-230828.pdf","","download_artifact","excluded_historical","Historical revision artifact (latest/current prioritized).","","",""
"20260323-163418Z","discovered_download","mixed","discovered","https://winprotocoldocs-bhdugrdyduf5h2e4.b02.azurefd.net/MS-DTYP/%5bMS-DTYP%5d-231212-diff.pdf","","download_artifact","excluded_historical","Diff/errata artifact excluded.","","",""
"20260323-163418Z","discovered_download","mixed","discovered","https://winprotocoldocs-bhdugrdyduf5h2e4.b02.azurefd.net/MS-DTYP/%5bMS-DTYP%5d-231212.docx","","download_artifact","excluded_historical","Historical revision artifact (latest/current prioritized).","","",""
"20260323-163418Z","discovered_download","mixed","discovered","https://winprotocoldocs-bhdugrdyduf5h2e4.b02.azurefd.net/MS-OAUT/%5bMS-OAUT%5d-130808.pdf","","download_artifact","excluded_historical","Historical revision artifact (latest/current prioritized).","","",""
"20260323-163418Z","discovered_download","mixed","discovered","https://winprotocoldocs-bhdugrdyduf5h2e4.b02.azurefd.net/MS-OAUT/%5bMS-OAUT%5d-131114.pdf","","download_artifact","excluded_historical","Historical revision artifact (latest/current prioritized).","","",""
"20260323-163418Z","discovered_download","mixed","discovered","https://winprotocoldocs-bhdugrdyduf5h2e4.b02.azurefd.net/MS-OAUT/%5bMS-OAUT%5d-140213.pdf","","download_artifact","excluded_historical","Historical revision artifact (latest/current prioritized).","","",""
"20260323-163418Z","discovered_download","mixed","discovered","https://winprotocoldocs-bhdugrdyduf5h2e4.b02.azurefd.net/MS-OAUT/%5bMS-OAUT%5d-140515.pdf","","download_artifact","excluded_historical","Historical revision artifact (latest/current prioritized).","","",""
"20260323-163418Z","discovered_download","mixed","discovered","https://winprotocoldocs-bhdugrdyduf5h2e4.b02.azurefd.net/MS-OAUT/%5bMS-OAUT%5d-150630.docx","","download_artifact","excluded_historical","Historical revision artifact (latest/current prioritized).","","",""
"20260323-163418Z","discovered_download","mixed","discovered","https://winprotocoldocs-bhdugrdyduf5h2e4.b02.azurefd.net/MS-OAUT/%5bMS-OAUT%5d-150630.pdf","","download_artifact","excluded_historical","Historical revision artifact (latest/current prioritized).","","",""
"20260323-163418Z","discovered_download","mixed","discovered","https://winprotocoldocs-bhdugrdyduf5h2e4.b02.azurefd.net/MS-OAUT/%5bMS-OAUT%5d-151016.docx","","download_artifact","excluded_historical","Historical revision artifact (latest/current prioritized).","","",""
"20260323-163418Z","discovered_download","mixed","discovered","https://winprotocoldocs-bhdugrdyduf5h2e4.b02.azurefd.net/MS-OAUT/%5bMS-OAUT%5d-151016.pdf","","download_artifact","excluded_historical","Historical revision artifact (latest/current prioritized).","","",""
"20260323-163418Z","discovered_download","mixed","discovered","https://winprotocoldocs-bhdugrdyduf5h2e4.b02.azurefd.net/MS-OAUT/%5bMS-OAUT%5d-160714-diff.pdf","","download_artifact","excluded_historical","Diff/errata artifact excluded.","","",""
"20260323-163418Z","discovered_download","mixed","discovered","https://winprotocoldocs-bhdugrdyduf5h2e4.b02.azurefd.net/MS-OAUT/%5bMS-OAUT%5d-160714.docx","","download_artifact","excluded_historical","Historical revision artifact (latest/current prioritized).","","",""
"20260323-163418Z","discovered_download","mixed","discovered","https://winprotocoldocs-bhdugrdyduf5h2e4.b02.azurefd.net/MS-OAUT/%5bMS-OAUT%5d-160714.pdf","","download_artifact","excluded_historical","Historical revision artifact (latest/current prioritized).","","",""
"20260323-163418Z","discovered_download","mixed","discovered","https://winprotocoldocs-bhdugrdyduf5h2e4.b02.azurefd.net/MS-OAUT/%5bMS-OAUT%5d-170601-diff.pdf","","download_artifact","excluded_historical","Diff/errata artifact excluded.","","",""
"20260323-163418Z","discovered_download","mixed","discovered","https://winprotocoldocs-bhdugrdyduf5h2e4.b02.azurefd.net/MS-OAUT/%5bMS-OAUT%5d-170601.docx","","download_artifact","excluded_historical","Historical revision artifact (latest/current prioritized).","","",""
"20260323-163418Z","discovered_download","mixed","discovered","https://winprotocoldocs-bhdugrdyduf5h2e4.b02.azurefd.net/MS-OAUT/%5bMS-OAUT%5d-170601.pdf","","download_artifact","excluded_historical","Historical revision artifact (latest/current prioritized).","","",""
"20260323-163418Z","discovered_download","mixed","discovered","https://winprotocoldocs-bhdugrdyduf5h2e4.b02.azurefd.net/MS-OAUT/%5bMS-OAUT%5d-170915-diff.pdf","","download_artifact","excluded_historical","Diff/errata artifact excluded.","","",""
"20260323-163418Z","discovered_download","mixed","discovered","https://winprotocoldocs-bhdugrdyduf5h2e4.b02.azurefd.net/MS-OAUT/%5bMS-OAUT%5d-170915.docx","","download_artifact","excluded_historical","Historical revision artifact (latest/current prioritized).","","",""
"20260323-163418Z","discovered_download","mixed","discovered","https://winprotocoldocs-bhdugrdyduf5h2e4.b02.azurefd.net/MS-OAUT/%5bMS-OAUT%5d-170915.pdf","","download_artifact","excluded_historical","Historical revision artifact (latest/current prioritized).","","",""
"20260323-163418Z","discovered_download","mixed","discovered","https://winprotocoldocs-bhdugrdyduf5h2e4.b02.azurefd.net/MS-OAUT/%5bMS-OAUT%5d-180912-diff.pdf","","download_artifact","excluded_historical","Diff/errata artifact excluded.","","",""
"20260323-163418Z","discovered_download","mixed","discovered","https://winprotocoldocs-bhdugrdyduf5h2e4.b02.azurefd.net/MS-OAUT/%5bMS-OAUT%5d-180912.docx","","download_artifact","excluded_historical","Historical revision artifact (latest/current prioritized).","","",""
"20260323-163418Z","discovered_download","mixed","discovered","https://winprotocoldocs-bhdugrdyduf5h2e4.b02.azurefd.net/MS-OAUT/%5bMS-OAUT%5d-180912.pdf","","download_artifact","excluded_historical","Historical revision artifact (latest/current prioritized).","","",""
"20260323-163418Z","discovered_download","mixed","discovered","https://winprotocoldocs-bhdugrdyduf5h2e4.b02.azurefd.net/MS-OAUT/%5bMS-OAUT%5d-210407-diff.pdf","","download_artifact","excluded_historical","Diff/errata artifact excluded.","","",""
"20260323-163418Z","discovered_download","mixed","discovered","https://winprotocoldocs-bhdugrdyduf5h2e4.b02.azurefd.net/MS-OAUT/%5bMS-OAUT%5d-210407.docx","","download_artifact","excluded_historical","Historical revision artifact (latest/current prioritized).","","",""
"20260323-163418Z","discovered_download","mixed","discovered","https://winprotocoldocs-bhdugrdyduf5h2e4.b02.azurefd.net/MS-OAUT/%5bMS-OAUT%5d-210407.pdf","","download_artifact","excluded_historical","Historical revision artifact (latest/current prioritized).","","",""
"20260323-163418Z","discovered_download","mixed","discovered","https://winprotocoldocs-bhdugrdyduf5h2e4.b02.azurefd.net/MS-OAUT/%5bMS-OAUT%5d-210625-diff.pdf","","download_artifact","excluded_historical","Diff/errata artifact excluded.","","",""
"20260323-163418Z","discovered_download","mixed","discovered","https://winprotocoldocs-bhdugrdyduf5h2e4.b02.azurefd.net/MS-OAUT/%5bMS-OAUT%5d-210625.docx","","download_artifact","excluded_historical","Historical revision artifact (latest/current prioritized).","","",""
"20260323-163418Z","discovered_download","mixed","discovered","https://winprotocoldocs-bhdugrdyduf5h2e4.b02.azurefd.net/MS-OAUT/%5bMS-OAUT%5d-240423-diff.pdf","","download_artifact","excluded_historical","Diff/errata artifact excluded.","","",""
"20260323-163418Z","discovered_download","mixed","discovered","https://winprotocoldocs-bhdugrdyduf5h2e4.b02.azurefd.net/Windows_Protocols.zip","","download_artifact","excluded_large_bundle","Large umbrella bundle not mirrored by default.","","",""
"20260323-163418Z","seed","office_vba","VBA-API-OVERVIEW","https://learn.microsoft.com/en-us/office/vba/api/overview/language-reference","C:\Work\DnaCalc\Foundation\reference\downloads\learn.microsoft.com\en-us\office\vba\api\overview\language-reference.md","openspec_page","downloaded","Markdown mirror of seed page.","2026-03-23T16:34:24.2547455Z","4268","f51e0ecc42831e192f4cb3096bcb8df16b52229648a8168cf2977f3156e12742"
"20260323-163418Z","seed","office_vba","VBA-FUNCTIONS","https://learn.microsoft.com/en-us/office/vba/language/reference/functions-visual-basic-for-applications","C:\Work\DnaCalc\Foundation\reference\downloads\learn.microsoft.com\en-us\office\vba\language\reference\functions-visual-basic-for-applications.md","openspec_page","downloaded","Markdown mirror of seed page.","2026-03-23T16:34:24.7374338Z","8342","90fd5e35a0c9b7fec51bb837bb5345330d4190e3b28ff20370c467350dc56d52"
"20260323-163418Z","seed","office_vba","VBA-LANG-UIHELP","https://learn.microsoft.com/en-us/office/vba/language/reference/user-interface-help/visual-basic-language-reference","C:\Work\DnaCalc\Foundation\reference\downloads\learn.microsoft.com\en-us\office\vba\language\reference\user-interface-help\visual-basic-language-reference.md","openspec_page","downloaded","Markdown mirror of seed page.","2026-03-23T16:34:25.2338641Z","3009","606c92b3cf95973f2cd2a4011b61cbdb1f6c33309549f8df18cb0af0aa4f1e40"
"20260323-163418Z","seed","office_2003_xml_schemas","OFFICE2003-XML-OSP","https://learn.microsoft.com/en-us/openspecs/dev_center/ms-devcentlp/1c24c7c8-28b0-4ce1-a47d-95fe1ff504bc","C:\Work\DnaCalc\Foundation\reference\downloads\learn.microsoft.com\en-us\openspecs\dev_center\ms-devcentlp\1c24c7c8-28b0-4ce1-a47d-95fe1ff504bc.md","openspec_page","downloaded","Markdown mirror of seed page.","2026-03-23T16:34:27.8832407Z","22823","53f2bc5641991bbd0be8070a0c625eda98199ab96f29dd670987526dfe56adde"
"20260323-163418Z","seed","microsoft_general_purpose_programming_languages","MS-VBAL","https://learn.microsoft.com/en-us/openspecs/microsoft_general_purpose_programming_languages/ms-vbal/d5418146-0bd2-45eb-9c7a-fd9502722c74","C:\Work\DnaCalc\Foundation\reference\downloads\learn.microsoft.com\en-us\openspecs\microsoft_general_purpose_programming_languages\ms-vbal\d5418146-0bd2-45eb-9c7a-fd9502722c74.md","openspec_page","downloaded","Markdown mirror of seed page.","2026-03-23T16:34:20.4325079Z","11402","ec3db090dd5c1923388c293219486bcf2f930f95600bd2e46db62600771f1c8f"
"20260323-163418Z","seed","office_file_formats","MS-OVBA","https://learn.microsoft.com/en-us/openspecs/office_file_formats/ms-ovba/b39ac32f-0ce1-4533-9297-2ff3ff62c9ec","C:\Work\DnaCalc\Foundation\reference\downloads\learn.microsoft.com\en-us\openspecs\office_file_formats\ms-ovba\b39ac32f-0ce1-4533-9297-2ff3ff62c9ec.md","openspec_page","downloaded","Markdown mirror of seed page.","2026-03-23T16:34:21.3150010Z","2303","de6157f4b4a5e2c0806837176cb8cfd32ffadb86ac08b06276bd5e3c31d656e4"
"20260323-163418Z","seed","office_file_formats","MS-XLS","https://learn.microsoft.com/en-us/openspecs/office_file_formats/ms-xls","C:\Work\DnaCalc\Foundation\reference\downloads\learn.microsoft.com\en-us\openspecs\office_file_formats\ms-xls.md","openspec_page","downloaded","Markdown mirror of seed page.","2026-03-23T16:34:26.2320065Z","17101","aefe936f548623a19c634e5b4fab5d25a1094f208b491fa6d18cfb460216dbef"
"20260323-163418Z","seed","office_file_formats","MS-XLSB","https://learn.microsoft.com/en-us/openspecs/office_file_formats/ms-xlsb","C:\Work\DnaCalc\Foundation\reference\downloads\learn.microsoft.com\en-us\openspecs\office_file_formats\ms-xlsb.md","openspec_page","downloaded","Markdown mirror of seed page.","2026-03-23T16:34:27.1759506Z","19090","d306517379216fcfb1209502928ab19e102bb1a11bf160a33ee7e0335f747d46"
"20260323-163418Z","expanded_child","office_standards","MS-OFFSTANDLP","https://learn.microsoft.com/en-us/openspecs/office_standards/ms-customui/31f152d6-2a5d-4b50-a867-9dbc6d01aa43","C:\Work\DnaCalc\Foundation\reference\downloads\learn.microsoft.com\en-us\openspecs\office_standards\ms-customui\31f152d6-2a5d-4b50-a867-9dbc6d01aa43.md","openspec_page","downloaded","Expanded from MS-OFFSTANDLP relative spec link.","2026-03-23T16:34:28.9124656Z","14112","2400c74a6e393fe5f0e974b9ffab0cde4626979b410ad2562ac56cc5f5e0c12f"
"20260323-163418Z","expanded_child","office_standards","MS-OFFSTANDLP","https://learn.microsoft.com/en-us/openspecs/office_standards/ms-customui2/bad56c21-7b15-41bc-af32-8b5afe6e922e","C:\Work\DnaCalc\Foundation\reference\downloads\learn.microsoft.com\en-us\openspecs\office_standards\ms-customui2\bad56c21-7b15-41bc-af32-8b5afe6e922e.md","openspec_page","downloaded","Expanded from MS-OFFSTANDLP relative spec link.","2026-03-23T16:34:30.3299786Z","13742","eec1fa85831a2491f2d8e8eca33b104de5a265ecb1e2e538b9551f403c3c6d23"
"20260323-163418Z","expanded_child","office_standards","MS-OFFSTANDLP","https://learn.microsoft.com/en-us/openspecs/office_standards/ms-docx/b839fe1f-e1ca-4fa6-8c26-5954d0abbccd","C:\Work\DnaCalc\Foundation\reference\downloads\learn.microsoft.com\en-us\openspecs\office_standards\ms-docx\b839fe1f-e1ca-4fa6-8c26-5954d0abbccd.md","openspec_page","downloaded","Expanded from MS-OFFSTANDLP relative spec link.","2026-03-23T16:34:31.1762883Z","18216","57eba81d7701e450f5221f1bfed6d391920cbe6dbf0882ff878c958ae54e5216"
"20260323-163418Z","expanded_child","office_standards","MS-OFFSTANDLP","https://learn.microsoft.com/en-us/openspecs/office_standards/ms-odrawxml/06cff208-c6e1-4db7-bb68-665135e5f0de","C:\Work\DnaCalc\Foundation\reference\downloads\learn.microsoft.com\en-us\openspecs\office_standards\ms-odrawxml\06cff208-c6e1-4db7-bb68-665135e5f0de.md","openspec_page","downloaded","Expanded from MS-OFFSTANDLP relative spec link.","2026-03-23T16:34:31.9237750Z","21058","4f2f5f98e5a88f2ad58600902fc8fd09401f31bb66ebb2d5b9a2d33198b3df69"
"20260323-163418Z","expanded_child","office_standards","MS-OFFSTANDLP","https://learn.microsoft.com/en-us/openspecs/office_standards/ms-oe376/db9b9b72-b10b-4e7e-844c-09f88c972219","C:\Work\DnaCalc\Foundation\reference\downloads\learn.microsoft.com\en-us\openspecs\office_standards\ms-oe376\db9b9b72-b10b-4e7e-844c-09f88c972219.md","openspec_page","downloaded","Expanded from MS-OFFSTANDLP relative spec link.","2026-03-23T16:34:32.5754949Z","12003","387334a7f5cf768a471445158585fbf31b8986a80b4b920a7198019637e31ef0"
"20260323-163418Z","expanded_child","office_standards","MS-OFFSTANDLP","https://learn.microsoft.com/en-us/openspecs/office_standards/ms-oextxml/90b058e9-5539-46d0-9796-8910bfe248a3","C:\Work\DnaCalc\Foundation\reference\downloads\learn.microsoft.com\en-us\openspecs\office_standards\ms-oextxml\90b058e9-5539-46d0-9796-8910bfe248a3.md","openspec_page","downloaded","Expanded from MS-OFFSTANDLP relative spec link.","2026-03-23T16:34:33.4492184Z","9461","3b9783d224a61ad5b8c90d768b43822b0cb761308421c644b1f93bd343541bc0"
"20260323-163418Z","expanded_child","office_standards","MS-OFFSTANDLP","https://learn.microsoft.com/en-us/openspecs/office_standards/ms-offmacro/86fa5ba8-69cf-4164-8559-c5af66d2990e","C:\Work\DnaCalc\Foundation\reference\downloads\learn.microsoft.com\en-us\openspecs\office_standards\ms-offmacro\86fa5ba8-69cf-4164-8559-c5af66d2990e.md","openspec_page","downloaded","Expanded from MS-OFFSTANDLP relative spec link.","2026-03-23T16:34:34.2952286Z","11519","6940cac937794b9e8fe7986a1bd7d5e40c28bd7b0b098571fb4b7566e9ebf0af"
"20260323-163418Z","expanded_child","office_standards","MS-OFFSTANDLP","https://learn.microsoft.com/en-us/openspecs/office_standards/ms-offmacro2/802a7c98-c802-41c6-8a13-987457098d8f","C:\Work\DnaCalc\Foundation\reference\downloads\learn.microsoft.com\en-us\openspecs\office_standards\ms-offmacro2\802a7c98-c802-41c6-8a13-987457098d8f.md","openspec_page","downloaded","Expanded from MS-OFFSTANDLP relative spec link.","2026-03-23T16:34:35.2442815Z","14145","f7ba7fe81aec52611168137ec5ddd1889c566d34c939ee967c3deaa4762cdc0f"
"20260323-163418Z","seed","office_standards","MS-OFFSTANDLP","https://learn.microsoft.com/en-us/openspecs/office_standards/ms-offstandlp/d5784a8b-7070-466b-befa-b7bf3724c6f0","C:\Work\DnaCalc\Foundation\reference\downloads\learn.microsoft.com\en-us\openspecs\office_standards\ms-offstandlp\d5784a8b-7070-466b-befa-b7bf3724c6f0.md","openspec_page","downloaded","Markdown mirror of seed page.","2026-03-23T16:34:19.8003569Z","13805","a513833697e4a1a111bc1e6c5917f7dea1eabeaba9015fb14955b09b9b4933a0"
"20260323-163418Z","expanded_child","office_standards","MS-OFFSTANDLP","https://learn.microsoft.com/en-us/openspecs/office_standards/ms-oi29500/1fd4a662-8623-49c0-82f0-18fa91b413b8","C:\Work\DnaCalc\Foundation\reference\downloads\learn.microsoft.com\en-us\openspecs\office_standards\ms-oi29500\1fd4a662-8623-49c0-82f0-18fa91b413b8.md","openspec_page","downloaded","Expanded from MS-OFFSTANDLP relative spec link.","2026-03-23T16:34:35.8905450Z","19954","5dec0cf3ea40cb28d57436595f8e3a60280980ea219b975468c0e839997e285c"
"20260323-163418Z","expanded_child","office_standards","MS-OFFSTANDLP","https://learn.microsoft.com/en-us/openspecs/office_standards/ms-ointxml/2514490a-71de-4543-8c22-3ac4b94606af","C:\Work\DnaCalc\Foundation\reference\downloads\learn.microsoft.com\en-us\openspecs\office_standards\ms-ointxml\2514490a-71de-4543-8c22-3ac4b94606af.md","openspec_page","downloaded","Expanded from MS-OFFSTANDLP relative spec link.","2026-03-23T16:34:36.7428999Z","9248","95aba71d9fc17b79e1916507c5c925c1be2e0800b4c23e2bfe59c9eadf673986"
"20260323-163418Z","expanded_child","office_standards","MS-OFFSTANDLP","https://learn.microsoft.com/en-us/openspecs/office_standards/ms-oodf/68b99f79-842f-4db2-9249-0f71b611712b","C:\Work\DnaCalc\Foundation\reference\downloads\learn.microsoft.com\en-us\openspecs\office_standards\ms-oodf\68b99f79-842f-4db2-9249-0f71b611712b.md","openspec_page","downloaded","Expanded from MS-OFFSTANDLP relative spec link.","2026-03-23T16:34:37.5733684Z","11141","7302f73980d1378ad565f19926151e49612a17ceea84e5f5707e1ce2002bc403"
"20260323-163418Z","expanded_child","office_standards","MS-OFFSTANDLP","https://learn.microsoft.com/en-us/openspecs/office_standards/ms-oodf13/cef24f17-3e5e-4a13-9e16-aa1ebff5e1dc","C:\Work\DnaCalc\Foundation\reference\downloads\learn.microsoft.com\en-us\openspecs\office_standards\ms-oodf13\cef24f17-3e5e-4a13-9e16-aa1ebff5e1dc.md","openspec_page","downloaded","Expanded from MS-OFFSTANDLP relative spec link.","2026-03-23T16:34:38.3965517Z","8713","03c5e714fa898f3e7ebdc25d8d1e73f781c8132be3feeca092f18ad012d58a2c"
"20260323-163418Z","expanded_child","office_standards","MS-OFFSTANDLP","https://learn.microsoft.com/en-us/openspecs/office_standards/ms-oodf14/ad5a09c6-609d-47b3-bc56-7ab49a8d4f35","C:\Work\DnaCalc\Foundation\reference\downloads\learn.microsoft.com\en-us\openspecs\office_standards\ms-oodf14\ad5a09c6-609d-47b3-bc56-7ab49a8d4f35.md","openspec_page","downloaded","Expanded from MS-OFFSTANDLP relative spec link.","2026-03-23T16:34:39.0188711Z","8200","49e0ef452f46eacb8e5c3fe0f33da718c87f923155be5be1e2b347f2bb7e36bc"
"20260323-163418Z","expanded_child","office_standards","MS-OFFSTANDLP","https://learn.microsoft.com/en-us/openspecs/office_standards/ms-oodf2/0d8a7d9e-7f69-40a3-a8be-1b706f5a930c","C:\Work\DnaCalc\Foundation\reference\downloads\learn.microsoft.com\en-us\openspecs\office_standards\ms-oodf2\0d8a7d9e-7f69-40a3-a8be-1b706f5a930c.md","openspec_page","downloaded","Expanded from MS-OFFSTANDLP relative spec link.","2026-03-23T16:34:39.8866662Z","13882","26185bcc5a91b7f8be2d3fea8c6158110dfded590e597c66c670f04e79aedcbe"
"20260323-163418Z","expanded_child","office_standards","MS-OFFSTANDLP","https://learn.microsoft.com/en-us/openspecs/office_standards/ms-oodf3/9888e2ba-a02d-4116-a11c-9382cec64e94","C:\Work\DnaCalc\Foundation\reference\downloads\learn.microsoft.com\en-us\openspecs\office_standards\ms-oodf3\9888e2ba-a02d-4116-a11c-9382cec64e94.md","openspec_page","downloaded","Expanded from MS-OFFSTANDLP relative spec link.","2026-03-23T16:34:40.5383956Z","13482","328c9a99568434045a6ba92c7046166c021336571ae6851787b3d84620162646"
"20260323-163418Z","expanded_child","office_standards","MS-OFFSTANDLP","https://learn.microsoft.com/en-us/openspecs/office_standards/ms-oreactxml/acba4d8f-4735-48bf-98a8-a36ff8fe84e7","C:\Work\DnaCalc\Foundation\reference\downloads\learn.microsoft.com\en-us\openspecs\office_standards\ms-oreactxml\acba4d8f-4735-48bf-98a8-a36ff8fe84e7.md","openspec_page","downloaded","Expanded from MS-OFFSTANDLP relative spec link.","2026-03-23T16:34:41.4750508Z","9040","e54e89f6f99871d78ddcf1e6b74c8dbaaf660816df2c9d067e61d1fe3cdf5428"
"20260323-163418Z","expanded_child","office_standards","MS-OFFSTANDLP","https://learn.microsoft.com/en-us/openspecs/office_standards/ms-otaskxml/652d0608-31b8-4e90-a83a-98d6957b7fed","C:\Work\DnaCalc\Foundation\reference\downloads\learn.microsoft.com\en-us\openspecs\office_standards\ms-otaskxml\652d0608-31b8-4e90-a83a-98d6957b7fed.md","openspec_page","downloaded","Expanded from MS-OFFSTANDLP relative spec link.","2026-03-23T16:34:42.4472872Z","9280","b130df4ca822ac0d7386a9ab13147fe07a4049898e01009a512b3111859dbeec"
"20260323-163418Z","expanded_child","office_standards","MS-OFFSTANDLP","https://learn.microsoft.com/en-us/openspecs/office_standards/ms-owexml/a2cd741a-4cca-4b1a-ade4-b2c443972afa","C:\Work\DnaCalc\Foundation\reference\downloads\learn.microsoft.com\en-us\openspecs\office_standards\ms-owexml\a2cd741a-4cca-4b1a-ade4-b2c443972afa.md","openspec_page","downloaded","Expanded from MS-OFFSTANDLP relative spec link.","2026-03-23T16:34:43.1035809Z","14177","bd40003106ba84015d8883dcf38a339d4e66c6509e00e33dcd38356620337c50"
"20260323-163418Z","expanded_child","office_standards","MS-OFFSTANDLP","https://learn.microsoft.com/en-us/openspecs/office_standards/ms-pptx/efd8bb2d-d888-4e2e-af25-cad476730c9f","C:\Work\DnaCalc\Foundation\reference\downloads\learn.microsoft.com\en-us\openspecs\office_standards\ms-pptx\efd8bb2d-d888-4e2e-af25-cad476730c9f.md","openspec_page","downloaded","Expanded from MS-OFFSTANDLP relative spec link.","2026-03-23T16:34:43.7155571Z","18175","db1ee529bcd5e969a5d1e3bf01e9c8311504bed8f4910364ff973f8f55b1c910"
"20260323-163418Z","expanded_child","office_standards","MS-OFFSTANDLP","https://learn.microsoft.com/en-us/openspecs/office_standards/ms-xlsx/2c5dee00-eff2-4b22-92b6-0738acd4475e","C:\Work\DnaCalc\Foundation\reference\downloads\learn.microsoft.com\en-us\openspecs\office_standards\ms-xlsx\2c5dee00-eff2-4b22-92b6-0738acd4475e.md","openspec_page","downloaded","Expanded from MS-OFFSTANDLP relative spec link.","2026-03-23T16:34:44.3469896Z","19819","e10a0e5a4c37246fd326e9dc281a0e0bd3124d4cc5fd60051a41937119aeae4c"
"20260323-163418Z","seed","windows_protocols","MS-DTYP","https://learn.microsoft.com/en-us/openspecs/windows_protocols/ms-dtyp/cca27429-5689-4a16-b2b4-9325d93e4ba2","C:\Work\DnaCalc\Foundation\reference\downloads\learn.microsoft.com\en-us\openspecs\windows_protocols\ms-dtyp\cca27429-5689-4a16-b2b4-9325d93e4ba2.md","openspec_page","downloaded","Markdown mirror of seed page.","2026-03-23T16:34:22.1451256Z","14680","d89f2f1b64776e0778a74007656194d5fcf7ed3be2190324c17a2a0493368605"
"20260323-163418Z","seed","windows_protocols","MS-OAUT","https://learn.microsoft.com/en-us/openspecs/windows_protocols/ms-oaut/bbb05720-f724-45c7-8d17-f83c3d1a3961","C:\Work\DnaCalc\Foundation\reference\downloads\learn.microsoft.com\en-us\openspecs\windows_protocols\ms-oaut\bbb05720-f724-45c7-8d17-f83c3d1a3961.md","openspec_page","downloaded","Markdown mirror of seed page.","2026-03-23T16:34:23.6626489Z","13040","c3862f9f62f34048e5485225814637a4c611a1159024e0aa1964ec6b946f6af9"
"20260323-163418Z","seed","office_2003_xml_schemas","OFFICE2003-WORD-EXCEL-SCHEMAS","https://learn.microsoft.com/en-us/previous-versions/office/developer/office-2003/aa159902(v=office.11)","C:\Work\DnaCalc\Foundation\reference\downloads\learn.microsoft.com\en-us\previous-versions\office\developer\office-2003\aa159902(v=office.11).md","openspec_page","downloaded","Markdown mirror of seed page.","2026-03-23T16:34:27.9958774Z","22840","d6760ca00d43262d0042157e0716b404fc7574a35e35f2dc19127783a9a09f98"
"20260323-163418Z","seed","office_2003_xml_schemas","OFFICE2003-XML-DESKTOP","https://learn.microsoft.com/en-us/previous-versions/office/developer/office-2003/aa159914(v=office.11)","C:\Work\DnaCalc\Foundation\reference\downloads\learn.microsoft.com\en-us\previous-versions\office\developer\office-2003\aa159914(v=office.11).md","openspec_page","downloaded","Markdown mirror of seed page.","2026-03-23T16:34:27.9446584Z","23449","901de7e919dd051ce6073704a40186d2da5ba649125ac6a55fbcd82ebaa5f8d3"
"20260323-163418Z","seed","office_2003_xml_schemas","WORD2003-WORDPROCESSINGML-OVERVIEW","https://learn.microsoft.com/en-us/previous-versions/office/developer/office-2003/aa212812(v=office.11)","C:\Work\DnaCalc\Foundation\reference\downloads\learn.microsoft.com\en-us\previous-versions\office\developer\office-2003\aa212812(v=office.11).md","openspec_page","downloaded","Markdown mirror of seed page.","2026-03-23T16:34:28.1127493Z","6538","5b627b6c82ce9038c041ebc06a1ef312043ab8f7cf0f4e43d5f5537e35c153b9"
"20260323-163418Z","seed","office_2003_xml_schemas","WORD2003-XML-SDK-WELCOME","https://learn.microsoft.com/en-us/previous-versions/office/developer/office-2003/aa214923(v=office.11)","C:\Work\DnaCalc\Foundation\reference\downloads\learn.microsoft.com\en-us\previous-versions\office\developer\office-2003\aa214923(v=office.11).md","openspec_page","downloaded","Markdown mirror of seed page.","2026-03-23T16:34:28.0589409Z","4087","941dbc690f6dc81671269b0b41fa4992522d0d7eb8db07a4a77ca396cf63844b"
"20260620-220444Z","seed","office_file_formats","MS-OFORMS","https://officeprotocoldocs-f5hpbjgea6b8gneq.b02.azurefd.net/files/MS-OFORMS/%5bMS-OFORMS%5d-250819.docx","C:\Work\DnaCalc\Foundation\reference\downloads\officeprotocoldocs-f5hpbjgea6b8gneq.b02.azurefd.net\files\MS-OFORMS\[MS-OFORMS]-250819.docx","download_artifact","downloaded","Authoritative DOCX artifact mirror (MS-OFORMS rev 9.1, 2025-08-19).","2026-06-20T22:04:44.0078903Z","1153157","7bbbbdc43407524fe2af99c070dfc358cc67404e5224b56d5cdabbc4736c9158"
"20260620-220444Z","seed","office_file_formats","MS-OFORMS","https://officeprotocoldocs-f5hpbjgea6b8gneq.b02.azurefd.net/files/MS-OFORMS/%5bMS-OFORMS%5d.pdf","C:\Work\DnaCalc\Foundation\reference\downloads\officeprotocoldocs-f5hpbjgea6b8gneq.b02.azurefd.net\files\MS-OFORMS\[MS-OFORMS].pdf","download_artifact","downloaded","Authoritative PDF artifact mirror (MS-OFORMS rev 9.1, 2025-08-19).","2026-06-20T22:04:44.0078903Z","6102384","37e72c8605244ebd28c2f247f9605d858fb44c194f835867d8b9ecedcb744db4"
"20260624-210717Z","seed","office_file_formats","MS-OVBA","https://officeprotocoldocs-f5hpbjgea6b8gneq.b02.azurefd.net/files/MS-OVBA/%5BMS-OVBA%5D-260519.docx","C:\Work\DnaCalc\Foundation\reference\downloads\officeprotocoldocs-f5hpbjgea6b8gneq.b02.azurefd.net\files\MS-OVBA\[MS-OVBA]-260519.docx","download_artifact","downloaded","Authoritative DOCX artifact mirror (MS-OVBA rev 15.0, 2026-05-19).","2026-06-24T21:07:17.2988287Z","282924","31fb68ac3ef209cb32247a3060ff775cc0517c4120137cb39945690448b46c79"
"20260624-210717Z","seed","office_file_formats","MS-OVBA","https://officeprotocoldocs-f5hpbjgea6b8gneq.b02.azurefd.net/files/MS-OVBA/%5BMS-OVBA%5D.pdf","C:\Work\DnaCalc\Foundation\reference\downloads\officeprotocoldocs-f5hpbjgea6b8gneq.b02.azurefd.net\files\MS-OVBA\[MS-OVBA].pdf","download_artifact","downloaded","Authoritative PDF artifact mirror (MS-OVBA rev 15.0, 2026-05-19).","2026-06-24T21:07:17.2988287Z","4356156","6ca91a091da9b7a550e52ea60808fc78b676a3e96101a80990f75911619768c3"
